# character,copyright,score
25-ji_miku,project_sekai,1.0
2b_(nier:automata),nier_(series),1.0
2k-tan,os-tan,0.996
2p_(nier:automata),nier_(series),0.9963
3.1-tan,os-tan,1.0
35p_(sakura_miko),hololive,0.9984
37_(reverse:1999),reverse:1999,0.9993
6_(reverse:1999),reverse:1999,0.9976
95-tan,os-tan,1.0
98-tan,os-tan,1.0
98se-tan,os-tan,0.9963
9a-91_(girls'_frontline),girls'_frontline,1.0
9s_(nier:automata),nier_(series),0.995
a-chan_(1st_costume)_(hololive),hololive,1.0
a-chan_(hololive),hololive,1.0
a.b.a,guilty_gear,0.9955
a.k.i._(street_fighter),street_fighter,1.0
a2_(nier:automata),nier_(series),0.9994
aa-12_(girls'_frontline),girls'_frontline,0.9986
aak_(arknights),arknights,0.9961
aang,avatar_legends,1.0
aardwolf_(kemono_friends),kemono_friends,1.0
abaddon_(haunted_hotel),haunted_hotel,1.0
abarai_renji,bleach,1.0
abby_(wuthering_waves),wuthering_waves,0.9982
abe_nana,idolmaster_cinderella_girls,1.0
abe_takakazu,kuso_miso_technique,0.9389
abigail_williams_(emerald_float)_(fate),fate/grand_order,1.0
abigail_williams_(fate),fate/grand_order,0.9998
abigail_williams_(festival_outfit)_(fate),fate/grand_order,1.0
abigail_williams_(first_ascension)_(fate),fate/grand_order,0.9997
abigail_williams_(second_ascension)_(fate),fate/grand_order,1.0
abigail_williams_(swimsuit_foreigner)_(first_ascension)_(fate),fate/grand_order,1.0
abigail_williams_(swimsuit_foreigner)_(second_ascension)_(fate),fate/grand_order,1.0
abigail_williams_(swimsuit_foreigner)_(third_ascension)_(fate),fate/grand_order,1.0
abigail_williams_(third_ascension)_(fate),fate/grand_order,1.0
abigail_williams_(traveling_outfit)_(fate),fate/grand_order,1.0
abra,pokemon,1.0
absinthe_(arknights),arknights,1.0
absol,pokemon,0.9994
abukuma_(kancolle),kantai_collection,0.9996
abukuma_kai_ni_(kancolle),kantai_collection,0.9973
abyssal_admiral_(kancolle),kantai_collection,1.0
accelerator_(toaru_majutsu_no_index),toaru_majutsu_no_index,0.9954
ace_trainer_(pokemon),pokemon,1.0
ace_trappola,twisted_wonderland,1.0
acerola_(pokemon),pokemon,1.0
acheron_(honkai:_star_rail),honkai:_star_rail,0.9991
achilles_(fate),fate_(series),1.0
acolyte_(ragnarok_online),ragnarok_online,1.0
ada_wong,resident_evil,0.9837
adachi_rei,utau,0.9987
adachi_sakura,adachi_to_shimamura,0.9966
adachi_tooru,persona,0.9983
adagumo_no_saragimaru,len'en,1.0
adagumo_no_yaorochi,len'en,1.0
adaman_(pokemon),pokemon,1.0
adashino_adami,homicipher,1.0
add_(elsword),elsword,1.0
ade_(agent_bunny)_(nikke),goddess_of_victory:_nikke,0.9976
ade_(nikke),goddess_of_victory:_nikke,0.9983
adelbert_steiner,final_fantasy_ix,1.0
adeleine,kirby_(series),1.0
adepta_sororitas,warhammer_40k,1.0
adeptus_astartes,warhammer_40k,1.0
adiane,tengen_toppa_gurren_lagann,1.0
admiral_graf_spee_(azur_lane),azur_lane,1.0
admiral_hipper_(azur_lane),azur_lane,1.0
admiral_suwabe,kantai_collection,1.0
admire_groove_(umamusume),umamusume,0.9979
admire_vega_(casual)_(umamusume),umamusume,1.0
admire_vega_(starry_nocturne)_(umamusume),umamusume,1.0
admire_vega_(umamusume),umamusume,0.9997
adol_christin,ys,0.9974
adora_(she-ra),she-ra_and_the_princesses_of_power,0.996
adrien_agreste,miraculous_ladybug,1.0
adult_neptune,neptune_(series),1.0
adventurer_(ff11),final_fantasy,0.9996
adventurer_(ff14),final_fantasy,1.0
ae-3803,hataraku_saibou,1.0
aegir_(azur_lane),azur_lane,1.0
aegir_(housamo),tokyo_afterschool_summoners,0.9981
aegislash,pokemon,1.0
aemeath_(wuthering_waves),wuthering_waves,0.9813
aerith_gainsborough,final_fantasy_vii,0.9997
aerith_gainsborough_(red_dress),final_fantasy_vii,1.0
aerodactyl,pokemon,1.0
aesc_(fate),fate/grand_order,1.0
aesc_(rain_witch)_(fate),fate/grand_order,1.0
aesc_(savior)_(fate),fate/grand_order,1.0
aether_(genshin_impact),genshin_impact,0.9998
aether_foundation_employee,pokemon,1.0
african_penguin_(kemono_friends),kemono_friends,1.0
african_wild_dog_(kemono_friends),kemono_friends,0.9986
afuro_terumi,inazuma_eleven_(series),1.0
agano_(kancolle),kantai_collection,1.0
agatsuma_zenitsu,kimetsu_no_yaiba,1.0
agent_(girls'_frontline),girls'_frontline,0.9961
agent_3_(splatoon),splatoon_(series),1.0
agent_3_(splatoon_3),splatoon_(series),1.0
agent_4_(splatoon),splatoon_(series),1.0
agent_8_(side_order),splatoon_(series),1.0
agent_8_(splatoon),splatoon_(series),1.0
aggron,pokemon,1.0
aglaea_(honkai:_star_rail),honkai:_star_rail,0.999
agnes_claudel,eiyuu_densetsu,1.0
agnes_digital_(full-color_fangirling)_(umamusume),umamusume,1.0
agnes_digital_(umamusume),umamusume,0.9996
agnes_tachyon_(casual)_(umamusume),umamusume,0.9977
agnes_tachyon_(lunatic_lab)_(umamusume),umamusume,0.9981
agnes_tachyon_(tach-nology)_(umamusume),umamusume,0.9996
agnes_tachyon_(umamusume),umamusume,0.999
agria_(tales),tales_of_xillia,1.0
agrias_oaks,final_fantasy_tactics,1.0
agumon,digimon,0.9972
ahiru_(princess_tutu),princess_tutu,0.9946
ahri_(league_of_legends),league_of_legends,1.0
ahsoka_tano,star_wars,0.9981
ai-chan_(tawawa),getsuyoubi_no_tawawa,0.9985
aiba_uiha,nijisanji,1.0
aiba_yumi,idolmaster_cinderella_girls,1.0
aida_kensuke,neon_genesis_evangelion,1.0
aida_mana,precure,0.9991
aigis_(persona),persona,0.9993
aihara_mei,citrus_(saburouta),1.0
aihara_yuzu,citrus_(saburouta),0.9972
aijo_karen,shoujo_kageki_revue_starlight,0.9967
aijou_karen,shoujo_kageki_revue_starlight,1.0
aijou_rentarou,kimi_no_koto_ga_dai_dai_dai_dai_daisuki_na_100-nin_no_kanojo,1.0
aika_granzchesta,aria_(manga),1.0
aikawa_(dorohedoro),dorohedoro,1.0
aikawa_haruno,kouyoku_senki_exs-tia_concert,0.991
aikawa_megumi,heaven_burns_red,0.9942
aila_jyrkiainen,gundam_build_fighters,1.0
aile_(mega_man_zx),mega_man_(series),1.0
aimaina,vocaloid,0.9771
aina_(mao_lian),original,1.0
aino_(genshin_impact),genshin_impact,1.0
aino_megumi,happinesscharge_precure!,0.999
aino_minako,bishoujo_senshi_sailor_moon,1.0
ainz_ooal_gown,overlord_(maruyama),0.9851
aioi_yuuko,nichijou,1.0
aipom,pokemon,1.0
air_groove_(empress_road)_(umamusume),umamusume,1.0
air_groove_(umamusume),umamusume,1.0
air_shakur_(umamusume),umamusume,0.9994
airani_iofifteen,hololive_indonesia,1.0
airani_iofifteen_(1st_costume),hololive_indonesia,1.0
aircraft_carrier_oni,kantai_collection,1.0
aircraft_carrier_princess,kantai_collection,1.0
aircraft_carrier_water_oni,kantai_collection,1.0
airfield_princess,kantai_collection,1.0
airi_(band)_(blue_archive),blue_archive,1.0
airi_(blue_archive),blue_archive,0.9984
airi_(queen's_blade),queen's_blade,1.0
airi_(the_infernal_temptress),queen's_blade,1.0
airi_kanna,stellive,0.9944
aisaka_taiga,toradora!,0.9994
aisaki_emiru,precure,0.9978
aisha_landar,elsword,1.0
aiz_wallenstein,dungeon_ni_deai_wo_motomeru_no_wa_machigatteiru_darou_ka,1.0
aizawa_ema,vspo!,0.9947
aizawa_kazuha,assault_lily,1.0
aizawa_sakuya,hayate_no_gotoku!,1.0
aizawa_shota,boku_no_hero_academia,1.0
aizawa_tomo,tomo-chan_wa_onna_no_ko,1.0
aizen_kunitoshi,touken_ranbu,1.0
aizen_sousuke,bleach,1.0
ajaw_(genshin_impact),genshin_impact,0.9986
ajax_(azur_lane),azur_lane,1.0
ak-12_(girls'_frontline),girls'_frontline,1.0
ak-15_(girls'_frontline),girls'_frontline,0.999
ak-alfa_(girls'_frontline),girls'_frontline,1.0
akaashi_keiji,haikyuu!!,1.0
akaboshi_koume,girls_und_panzer,0.999
akagi-chan_(azur_lane),azur_lane,1.0
akagi_(azur_lane),azur_lane,0.9992
akagi_(kancolle),kantai_collection,1.0
akagi_(warship_girls_r),warship_girls_r,1.0
akagi_miria,idolmaster_cinderella_girls,0.9996
akagi_ritsuko,neon_genesis_evangelion,1.0
akagi_shigeru,fukumoto_mahjong,0.9977
akagi_towa,precure,0.9982
akai_haato,hololive,1.0
akai_haato_(1st_costume),hololive,1.0
akai_haato_(gothic_lolita),hololive,1.0
akai_shuuichi,meitantei_conan,1.0
akali,league_of_legends,1.0
akamatsu_kaede,danganronpa_v3:_killing_harmony,1.0
akane_(blue_archive),blue_archive,1.0
akane_(bunny)_(blue_archive),blue_archive,0.9991
akane_lize,stellive,1.0
akari_(blue_archive),blue_archive,0.9984
akari_(pokemon),pokemon_legends:_arceus,1.0
akari_(raigou),original,0.9974
akashi_(azur_lane),azur_lane,1.0
akashi_(kancolle),kantai_collection,1.0
akashi_(live_a_hero),live_a_hero,1.0
akashi_seijuurou,kuroko_no_basuke,0.9964
akashiya_moka,rosario+vampire,1.0
akatsuki_(kancolle),kantai_collection,1.0
akatsuki_(log_horizon),log_horizon,1.0
akatsuki_kai_ni_(kancolle),kantai_collection,1.0
akatsuki_kirika,senki_zesshou_symphogear,1.0
akatsuki_uni,uni_create,0.9836
akaza_(kimetsu_no_yaiba),kimetsu_no_yaiba,1.0
akaza_akari,yuruyuri,1.0
akazutsumi_momoko,powerpuff_girls_z,1.0
akebi_komichi,akebi-chan_no_serafuku,1.0
akebono_(kancolle),kantai_collection,0.9999
akebono_kai_ni_(kancolle),kantai_collection,1.0
akechi_anna,meitantei_precure!,0.9734
akechi_gorou,persona_5,1.0
akehoshi_subaru,ensemble_stars!,0.9983
akemi_homura,mahou_shoujo_madoka_magica,0.9998
akemi_homura_(black_dress),mahou_shoujo_madoka_magica,0.9985
akemi_homura_(magical_girl),mahou_shoujo_madoka_magica,0.9994
akershus_fortress_(oshiro_project),oshiro_project:re,1.0
aketa_mikoto,idolmaster_shiny_colors,1.0
aki_(girls_und_panzer),girls_und_panzer,1.0
aki_mabayu,mahou_shoujo_madoka_magica,1.0
aki_minoriko,touhou,1.0
aki_rosenthal,hololive,1.0
aki_rosenthal_(1st_costume),hololive,1.0
aki_shizuha,touhou,1.0
akigumo_(kancolle),kantai_collection,0.9997
akigumo_kai_ni_(kancolle),kantai_collection,1.0
akiha_rumiho,steins;gate,1.0
akikawa_yayoi's_cat,umamusume,1.0
akikawa_yayoi_(umamusume),umamusume,0.9936
akimoto_komachi,yes!_precure_5,1.0
akinashi_haru,saihate_eki,1.0
akino_kaede,mahou_shoujo_madoka_magica,1.0
akira_(blue_archive),blue_archive,0.9985
akira_ferrari,aria_(manga),1.0
akishimo_(kancolle),kantai_collection,1.0
akita_neru,vocaloid,0.9967
akita_toushirou,touken_ranbu,1.0
akitsu_maru_(kancolle),kantai_collection,1.0
akitsu_maru_kai_(kancolle),kantai_collection,1.0
akitsushima_(kancolle),kantai_collection,1.0
akiyama_mio,k-on!,1.0
akiyama_mizuki,project_sekai,0.998
akiyama_rinko,taimanin_(series),1.0
akiyama_yukari,girls_und_panzer,1.0
akizuki_(kancolle),kantai_collection,1.0
akizuki_kanna,cafe_stella_to_shinigami_no_chou,1.0
akizuki_ritsuko,idolmaster,0.9993
akizuki_ryo,idolmaster,1.0
ako_(blue_archive),blue_archive,0.9997
ako_(dress)_(blue_archive),blue_archive,1.0
akuma_(street_fighter),street_fighter,0.9956
akuma_homura,mahou_shoujo_madoka_magica,0.9989
akuma_nihmune,indie_virtual_youtuber,0.9929
al_azif_(demonbane),demonbane,1.0
alabama_(azur_lane),azur_lane,1.0
aladdin_(magi),magi_the_labyrinth_of_magic,0.9974
alakazam,pokemon,0.9977
alastor_(hazbin_hotel),hellaverse,1.0
alastor_(shakugan_no_shana),shakugan_no_shana,1.0
albacore_(azur_lane),azur_lane,0.996
alban_knox,nijisanji,0.995
albaz_(yu-gi-oh!),yu-gi-oh!,0.9922
albedo_(genshin_impact),genshin_impact,1.0
albedo_(overlord),overlord_(maruyama),1.0
albert_wesker,resident_evil,0.9815
alca_(wakatanka4),gyee,0.9539
alchemist_(ragnarok_online),ragnarok_online,1.0
alcina_dimitrescu,resident_evil,1.0
alcremie,pokemon,1.0
alcremie_(strawberry_sweet),pokemon,1.0
alcremie_(vanilla_cream),pokemon,1.0
alcryst_(fire_emblem),fire_emblem_engage,1.0
alder_(pokemon),pokemon,1.0
aleksandra_i._pokryshkin,brave_witches,1.0
alena_(dq4),dragon_quest,1.0
aleph_(reverse:1999),reverse:1999,1.0
alessandra_susu,tokyo_7th_sisters,1.0
alex_(minecraft),minecraft,1.0
alex_(street_fighter),street_fighter,1.0
alexander_(fate),fate_(series),0.9977
alexandrina_sebastiane,zenless_zone_zero,1.0
alfonse_(fire_emblem),fire_emblem,1.0
alfred_(fire_emblem),fire_emblem_engage,1.0
algerie_(azur_lane),azur_lane,1.0
alhaitham_(genshin_impact),genshin_impact,1.0
alia_(mega_man),mega_man_x_(series),0.9967
alibaba_saluja,magi_the_labyrinth_of_magic,1.0
alice_(alice_in_wonderland),alice's_adventures_in_wonderland,0.9174
alice_(deemo),deemo,1.0
alice_(genshin_impact),genshin_impact,1.0
alice_(nikke),goddess_of_victory:_nikke,0.9991
alice_(sinoalice),sinoalice,1.0
alice_(tales),tales_of_symphonia,1.0
alice_carroll,aria_(manga),0.9971
alice_cartelet,kin-iro_mosaic,1.0
alice_liddell_(american_mcgee's_alice),american_mcgee's_alice,0.9978
alice_margatroid_(pc-98),touhou,1.0
alice_sherlock,alice_sherlock:_the_rubious_nebula,1.0
alice_thymefield,zenless_zone_zero,0.9995
alice_thymefield_(sea_of_thyme),zenless_zone_zero,1.0
alice_zuberg,sword_art_online,0.9991
alicia_(granblue_fantasy),granblue_fantasy,1.0
alicia_florence,aria_(manga),1.0
alicia_renato_(yashiro_sousaku),original,1.0
alina_(arknights),arknights,1.0
alina_gray,mahou_shoujo_madoka_magica,0.9992
alipheese_fateburn_xvi,mon-musu_quest!,1.0
alisa_(girls_und_panzer),girls_und_panzer,1.0
alisa_ilinichina_amiella,god_eater,0.9972
alisa_mikhailovna_kujou,tokidoki_bosotto_roshia-go_de_dereru_tonari_no_alya-san,1.0
alisa_reinford,eiyuu_densetsu,1.0
alisa_southerncross,keroro_gunsou,0.9977
alisaie_leveilleur,final_fantasy_xiv,1.0
alisha_diphda,tales_of_zestiria,1.0
alita,battle_angel_alita,0.9926
aliza_(granblue_fantasy),granblue_fantasy,1.0
alkaid_mcgrath,lovebrush_chronicles,0.9954
all_might,boku_no_hero_academia,1.0
allelujah_haptism,gundam_00,1.0
allen_avadonia,vocaloid,0.998
allen_walker,d.gray-man,1.0
alleyne_(queen's_blade),queen's_blade,1.0
allister_(pokemon),pokemon,1.0
alluka_zoldyck,hunter_x_hunter,1.0
alm_(fire_emblem),fire_emblem,1.0
alma_(monster_hunter_wilds),monster_hunter_(series),0.996
almond_eye_(the_changer)_(umamusume),umamusume,0.9955
almond_eye_(umamusume),umamusume,0.9988
aloe_(quiz_magic_academy),quiz_magic_academy,1.0
alolan_exeggutor,pokemon,1.0
alolan_meowth,pokemon,1.0
alolan_ninetales,pokemon,1.0
alolan_raichu,pokemon,1.0
alolan_vulpix,pokemon,0.9986
alpaca_suri_(kemono_friends),kemono_friends,1.0
alph_(pikmin),pikmin_(series),1.0
alpha:_crimson_abyss_(pgr),punishing:_gray_raven,1.0
alpha_(pgr),punishing:_gray_raven,1.0
alphamon,digimon,0.996
alphinaud_leveilleur,final_fantasy,0.9974
alphonse_elric,fullmetal_alchemist,0.9984
alphys,utdr_(toby_fox),1.0
alsace_(azur_lane),azur_lane,1.0
altair_(re:creators),re:creators,1.0
altaria,pokemon,1.0
altera_(fate),fate_(series),1.0
altera_the_santa_(fate),fate/grand_order,1.0
altina_orion,eiyuu_densetsu,1.0
alucard_(castlevania),castlevania_(series),1.0
alucard_(hellsing),hellsing,0.9958
alvin_(tales),tales_of_xillia,1.0
amada_ken,persona,1.0
amae_koromo,saki_(manga),1.0
amagase_touma,idolmaster,1.0
amagi-chan_(azur_lane),azur_lane,0.9969
amagi_(azur_lane),azur_lane,1.0
amagi_(kancolle),kantai_collection,1.0
amagi_hiiro,ensemble_stars!,1.0
amagi_kai_(kancolle),kantai_collection,1.0
amagi_rinne,ensemble_stars!,0.9962
amagi_yukiko,persona_4,1.0
amagiri_(kancolle),kantai_collection,1.0
amaha_masane,witchblade,0.9973
amahane_madoka,aikatsu!_(series),1.0
amakubo_yuri,kouyoku_senki_exs-tia,1.0
amakusa_juuza,umineko_no_naku_koro_ni,0.9966
amakusa_shirou_(fate),fate_(series),1.0
amami_haruka,idolmaster,0.9998
amami_rantaro,danganronpa_(series),1.0
amamiya_elena,star_twinkle_precure,0.9973
amamiya_hibiya,kagerou_project,1.0
amamiya_kokoro,nijisanji,1.0
amamiya_kokoro_(1st_costume),nijisanji,1.0
amamiya_ren,persona,1.0
amamiya_shizuku_(hizuki_yayoi),original,1.0
amanda_o'neill,little_witch_academia,1.0
amane_kanata,hololive,0.9997
amane_kanata_(1st_costume),hololive,1.0
amane_kanata_(cutesy_punk),hololive,0.996
amane_kanata_(nurse),hololive,1.0
amane_kanata_(work),hololive,0.9991
amane_konata,hololive,0.9974
amane_misa,death_note,0.9988
amane_suzuha,steins;gate,1.0
amano_hina_(tenki_no_ko),tenki_no_ko,1.0
amano_keita,youkai_watch,1.0
amano_maya,persona_2,1.0
amano_pikamee,voms,0.9984
amano_soraha,assault_lily,1.0
amanogawa_kirara,precure,1.0
amanogawa_shiina,phase_connect,1.0
amanogi_akira,kyokkou_senki_mistletear,1.0
amaori_renako,watashi_ga_koibito_ni_nareru_wake_naijan_murimuri!,0.9975
amasawa_yuuko,dennou_coil,1.0
amate_yuzuriha,gundam,1.0
amaterasu_(ookami),ookami_(game),0.9956
amatsuka_uto,indie_virtual_youtuber,0.9783
amatsukaze_(kancolle),kantai_collection,0.9996
amaya_tsubame,gakuen_idolmaster,1.0
amayadori_machi,kumamiko,1.0
amazon_(dragon's_crown),dragon's_crown,1.0
amber_(genshin_impact),genshin_impact,1.0
amber_(stella_sora),stella_sora,1.0
ambriel_(arknights),arknights,1.0
ame-chan_(needy_girl_overdose),needy_girl_overdose,1.0
amelia_wil_tesla_seyruun,slayers,1.0
amemiya_darumi,the_hundred_line_-last_defense_academy-,1.0
amemiya_nazuna,vshojo,0.9867
amemori_sayo,nijisanji,1.0
amemura_ramuda,hypnosis_mic,1.0
america_(female)_(hetalia),axis_powers_hetalia,1.0
america_(hetalia),axis_powers_hetalia,1.0
american_beaver_(kemono_friends),kemono_friends,0.9981
amethio_(pokemon),pokemon_horizons,1.0
amillion_(zenless_zone_zero),zenless_zone_zero,0.9982
amitie_(puyopuyo),puyopuyo,1.0
amity_blight,the_owl_house,1.0
amiya_(arknights),arknights,0.9993
amiya_(guard)_(arknights),arknights,1.0
amiya_(medic)_(arknights),arknights,0.9984
amiya_(medic)_(solo_around_the_world)_(arknights),arknights,0.9971
amon_(lord_of_the_mysteries),lord_of_the_mysteries,1.0
amoris_(bang_dream!),bang_dream!_it's_mygo!!!!!,1.0
amou_kanade,senki_zesshou_symphogear,1.0
ampharos,pokemon,0.996
amuro_ray,gundam,0.9971
amuro_tooru,meitantei_conan,1.0
amy_(suisei_no_gargantia),suisei_no_gargantia,0.996
amy_rose,sonic_(series),1.0
an-94_(girls'_frontline),girls'_frontline,0.9986
an-an_lee,reverse:1999,0.9971
ana_(overwatch),overwatch,1.0
ana_coppola,ichigo_mashimaro,1.0
anabel_(pokemon),pokemon,1.0
anabuki_tomoko,world_witches_series,1.0
anakin_skywalker,star_wars,1.0
anastasia_(fate),fate_(series),1.0
anastasia_(idolmaster),idolmaster_cinderella_girls,1.0
anastella_(zenless_zone_zero),zenless_zone_zero,1.0
anaxa_(honkai:_star_rail),honkai:_star_rail,1.0
anby_demara,zenless_zone_zero,0.9979
anby_demara_(silver_soldier),zenless_zone_zero,0.9941
anceril_sacred,shirokami_project,0.9656
anchorage_(azur_lane),azur_lane,1.0
anchorage_water_oni,kantai_collection,1.0
anchovy_(girls_und_panzer),girls_und_panzer,1.0
ancient_princess_menace,queen's_blade,0.9972
andira_(granblue_fantasy),granblue_fantasy,1.0
ando_tazusa,assault_lily,1.0
andou_(girls_und_panzer),girls_und_panzer,1.0
andou_mahoro,mahoromatic,0.9973
andou_ringo,puyopuyo,1.0
andrew_graves,the_coffin_of_andy_and_leyley,0.9989
android_17,dragon_ball,1.0
android_18,dragon_ball,1.0
android_21,dragon_ball,1.0
anegasaki_nene,love_plus,0.9977
anemone_(eureka_seven),eureka_seven_(series),1.0
ange_(princess_principal),princess_principal,1.0
ange_katrina,nijisanji,0.9966
ange_katrina_(1st_costume),nijisanji,0.9993
ange_katrina_(casual),nijisanji,0.9966
ange_katrina_(summer_casual),nijisanji,1.0
angeal_hewley,final_fantasy_vii,1.0
angel_(kof),the_king_of_fighters,1.0
angel_devil_(chainsaw_man),chainsaw_man,0.9989
angel_dust,hellaverse,1.0
angel_girl_(shimmer),original,1.0
angela_(project_moon),project_moon,1.0
angela_(seiken_densetsu_3),seiken_densetsu_3,1.0
angela_balzac,rakuen_tsuihou,0.9966
angelia_(girls'_frontline),girls'_frontline,1.0
angelica_(project_moon),library_of_ruina,1.0
angelina_(arknights),arknights,0.9963
angelina_(distinguished_visitor)_(arknights),arknights,1.0
angelina_(summer_flower)_(arknights),arknights,0.9975
angeling,ragnarok_online,1.0
angewomon,digimon,1.0
angol_mois,keroro_gunsou,1.0
angra_mainyu_(fate),fate_(series),0.9989
ani_(xai),xai_(company),0.9754
anila_(granblue_fantasy),granblue_fantasy,1.0
anila_(summer)_(granblue_fantasy),granblue_fantasy,1.0
anis_(nikke),goddess_of_victory:_nikke,0.9978
anis_(sparkling_summer)_(nikke),goddess_of_victory:_nikke,0.9957
anise_tatlin,tales_of_(series),1.0
anisphia_wynn_palettia,tensei_oujo_to_tensai_reijou_no_mahou_kakumei,0.9981
anjo_nala,reverse:1999,1.0
anjou_naruko,ano_hi_mita_hana_no_namae_wo_bokutachi_wa_mada_shiranai.,0.9989
ankha_(animal_crossing),animal_crossing,0.9976
ankimo_(tokino_sora),hololive,0.9968
anko_(gochiusa),gochuumon_wa_usagi_desu_ka?,1.0
anna_(fire_emblem),fire_emblem,1.0
anna_(frozen),frozen_(disney),1.0
anna_(ikeuchi_tanuma),original,1.0
anna_ayasaki,original,0.9887
anne_bonny_(fate),fate/grand_order,1.0
anne_boonchuy,amphibia,1.0
annette_fantine_dominic,fire_emblem,0.9989
annette_fantine_dominic_(timeskip),fire_emblem:_three_houses,1.0
annie_(league_of_legends),league_of_legends,0.9981
annie_leonhart,shingeki_no_kyojin,1.0
annoying_dog,utdr_(toby_fox),1.0
annytf,indie_virtual_youtuber,0.9797
ansel_(arknights),arknights,0.9978
ansha_(pokemon),pokemon_legends:_z-a,1.0
ant_tenna,deltarune,1.0
antarcticite,houseki_no_kuni,1.0
anthony_(madoka_magica),mahou_shoujo_madoka_magica,1.0
anthuria,granblue_fantasy,1.0
antispiral_nia,tengen_toppa_gurren_lagann,1.0
anton_ivanov,zenless_zone_zero,1.0
antonio_lopez,tiger_&_bunny,1.0
antonio_salieri_(fate),fate/grand_order,1.0
antonio_salieri_(second_ascension)_(fate),fate/grand_order,1.0
anubis_(mythology),egyptian_mythology,0.7403
anya_(mouthwashing),mouthwashing,1.0
anya_(spy_x_family),spy_x_family,0.9988
anya_alstreim,code_geass,1.0
anya_melfissa,hololive_indonesia,1.0
anya_melfissa_(1st_costume),hololive_indonesia,1.0
anyoji_hime,link!_like!_love_live!,0.9994
anzai_romi,girls_und_panzer,1.0
anzu_(ensemble_stars!),ensemble_stars!,0.965
ao-chan_(ninomae_ina'nis),hololive_english,1.0
ao_isami,yuuki_bakuhatsu_bang_bravern,1.0
aoba_(blue_archive),blue_archive,0.9908
aoba_(kancolle),kantai_collection,1.0
aoba_kokona,yama_no_susume,1.0
aoba_moca,bang_dream!_girls_band_party!,1.0
aoi_(blue_archive),blue_archive,1.0
aoi_erika,heaven_burns_red,0.9958
aoi_hinata,ensemble_stars!,1.0
aoi_nagisa,strawberry_panic!,1.0
aoi_sakura_(tsuma_shibori),tsuma_shibori,1.0
aoi_sena,chaos;head,1.0
aoi_yuta,ensemble_stars!,1.0
aokaze_nana,precure,0.9967
aoki_reika,precure,0.9996
aokiji_(one_piece),one_piece,1.0
aokumo_rin,stellive,0.9979
aomine_daiki,kuroko_no_basuke,1.0
aono_miki,precure,0.9987
aotsuki_eito,the_hundred_line_-last_defense_academy-,1.0
aoyagi_touya,project_sekai,0.9989
aoyama_blue_mountain,gochuumon_wa_usagi_desu_ka?,0.996
aoyama_sumika,original,0.9852
aozaki_aoko,mahou_tsukai_no_yoru,0.8107
aozaki_touko,kara_no_kyoukai,0.6871
aozora_kyoka,original,1.0
aphelios,league_of_legends,1.0
apollo_justice,ace_attorney,0.9989
aponia,honkai_impact_3rd,1.0
apple_(reverse:1999),reverse:1999,1.0
applejack,my_little_pony,0.9981
applin,pokemon,1.0
apricot_the_lich,vshojo,0.9203
aqua_(kingdom_hearts),kingdom_hearts,1.0
aqua_(konosuba),kono_subarashii_sekai_ni_shukufuku_wo!,0.9982
aquila_(kancolle),kantai_collection,1.0
ara_haan,elsword,0.9989
araga_kiwi,mahou_shoujo_ni_akogarete,0.9985
aragaki_ayase,ore_no_imouto_ga_konna_ni_kawaii_wake_ga_nai,1.0
aragaki_shinjirou,persona_3,1.0
aragami_oga,holostars,1.0
arahashi_tabi,stellive,1.0
araiguma-san,original,0.9915
araki_hina,idolmaster_cinderella_girls,1.0
araki_nonoka_(takano_tomohiro),original,1.0
arakune,blazblue,1.0
aranara_(genshin_impact),genshin_impact,1.0
araragi_karen,monogatari_(series),1.0
araragi_koyomi,monogatari_(series),1.0
araragi_tsukihi,monogatari_(series),1.0
arare_(kancolle),kantai_collection,1.0
arash_(fate),fate_(series),1.0
arashi_(kancolle),kantai_collection,1.0
arashi_chisato,love_live!_superstar!!,1.0
arashio_(kancolle),kantai_collection,1.0
arashio_kai_ni_(kancolle),kantai_collection,1.0
arataki_itto,genshin_impact,0.9987
arato_nagi,ruri_no_houseki,0.9979
arbok,pokemon,0.998
arcana_(reverse:1999),reverse:1999,0.9961
arcane_caitlyn,league_of_legends,0.9973
arcane_jinx,league_of_legends,1.0
arcane_vi,league_of_legends,0.9971
arcanine,pokemon,1.0
arcee,transformers,1.0
arceus,pokemon,0.9986
arch_bishop_(ragnarok_online),ragnarok_online,1.0
arche_klein,tales_of_phantasia,1.0
archeops,pokemon,0.9961
archer_(casual_wear)_(fate),fate_(series),1.0
archer_(fate),fate_(series),0.9996
archer_(fate/samurai_remnant),fate/samurai_remnant,1.0
archer_(ragnarok_online),ragnarok_online,1.0
archetto_(arknights),arknights,0.998
archetype_earth,tsukihime,0.8016
archie_(pokemon),pokemon,1.0
architect_(girls'_frontline),girls'_frontline,1.0
arctic_fox_(kemono_friends),kemono_friends,1.0
arcueid_brunestud,tsukihime,0.928
ardbert_hylfyst,final_fantasy_xiv,1.0
arezu_(pokemon),pokemon_legends:_arceus,1.0
arf,lyrical_nanoha,1.0
argalia_(project_moon),library_of_ruina,1.0
argenti_(honkai:_star_rail),honkai:_star_rail,1.0
argus_(reverse:1999),reverse:1999,1.0
aria_(zenless_zone_zero),zenless_zone_zero,0.977
aria_pokoteng,aria_(manga),1.0
ariake_(kancolle),kantai_collection,1.0
ariane_the_labrynth_servant,yu-gi-oh!,0.9919
ariane_yeong,signalis,1.0
arianna_the_labrynth_servant,yu-gi-oh!,0.996
ariel_(disney),the_little_mermaid_(disney),0.9982
ariel_(oukoku_no_shugo_tenshi),oukoku_no_shugo_tenshi,1.0
arihara_nanami,riddle_joker,1.0
arihara_tsubasa,hachigatsu_no_cinderella_nine,1.0
arika_yumemiya,my-otome,0.995
arima_kana,oshi_no_ko,0.9979
arima_miyako,tsukihime,1.0
arima_senne,original,0.9983
arimura_mao,gakuen_idolmaster,0.9991
arin_(pangya),pangya,1.0
aris_(armed)_(blue_archive),blue_archive,0.9913
aris_(blue_archive),blue_archive,0.9986
aris_(maid)_(blue_archive),blue_archive,1.0
arisa_(shadowverse),shadowverse,0.9839
arisa_bunnings,lyrical_nanoha,1.0
arisugawa_himari,precure,0.9972
arisugawa_natsuha,idolmaster_shiny_colors,1.0
arjuna_(archer)_(fate),fate_(series),1.0
arjuna_(fate),fate_(series),0.9994
arjuna_(third_ascension)_(fate),fate_(series),0.9968
arjuna_alter_(fate),fate/grand_order,1.0
ark_royal_(azur_lane),azur_lane,1.0
ark_royal_(kancolle),kantai_collection,1.0
arle_nadja,puyopuyo,1.0
arlecchino_(genshin_impact),genshin_impact,0.9998
armin_arlert,shingeki_no_kyojin,1.0
arona_(blue_archive),blue_archive,0.9991
ars_almal,nijisanji,1.0
ars_almal_(1st_costume),nijisanji,1.0
arsalan_(housamo),tokyo_afterschool_summoners,1.0
arsene_lupin_iii,lupin_iii,1.0
artem_wing_(tears_of_themis),tears_of_themis,1.0
artemis_(fate),fate/grand_order,1.0
artemis_(sailor_moon),bishoujo_senshi_sailor_moon,1.0
artemis_of_the_blue,atelier_live,0.9959
arthur_pendragon_(fate),fate_(series),1.0
articuno,pokemon,0.9979
artoria_caster_(fate),fate_(series),0.9993
artoria_caster_(first_ascension)_(fate),fate/grand_order,1.0
artoria_caster_(second_ascension)_(fate),fate_(series),1.0
artoria_caster_(swimsuit_berserker)_(first_ascension)_(fate),fate_(series),0.9984
artoria_caster_(swimsuit_berserker)_(second_ascension)_(fate),fate/grand_order,1.0
artoria_caster_(third_ascension)_(fate),fate/grand_order,0.997
artoria_pendragon_(fate),fate/stay_night,0.3802
artoria_pendragon_(lancer)_(fate),fate_(series),0.9989
artoria_pendragon_(lancer)_(third_ascension)_(fate),fate_(series),1.0
artoria_pendragon_(lancer_alter)_(fate),fate_(series),0.9991
artoria_pendragon_(royal_icing)_(fate),fate_(series),0.9961
artoria_pendragon_(swimsuit_archer)_(fate),fate_(series),1.0
artoria_pendragon_(swimsuit_archer)_(first_ascension)_(fate),fate_(series),1.0
artoria_pendragon_(swimsuit_ruler)_(fate),fate_(series),0.9995
artoria_pendragon_(swimsuit_ruler)_(first_ascension)_(fate),fate/grand_order,0.9987
artorias_the_abysswalker,dark_souls_(series),0.99
aru_(blue_archive),blue_archive,1.0
aru_(dress)_(blue_archive),blue_archive,1.0
aru_(new_year)_(blue_archive),blue_archive,1.0
arulumaya,granblue_fantasy,1.0
arung_samudra_(cessa),ombok_diving_and_delivery_services,0.9818
arurandeisu,holostars,1.0
aruruu,utawarerumono,1.0
arven_(pokemon),pokemon,1.0
asaba_harumasa,zenless_zone_zero,0.9946
asada_shino,sword_art_online,1.0
asagami_fujino,kara_no_kyoukai,0.901
asagiri_gen,dr._stone,1.0
asagumo_(kancolle),kantai_collection,1.0
asahi_(kancolle),kantai_collection,0.9963
asahina_aoi,danganronpa_(series),1.0
asahina_hiyori,kagerou_project,0.9969
asahina_mafuyu,project_sekai,0.9979
asahina_mikuru,suzumiya_haruhi_no_yuuutsu,1.0
asahina_mirai,mahou_girls_precure!,1.0
asaka_karin,love_live!_nijigasaki_high_school_idol_club,1.0
asakaze_(kancolle),kantai_collection,1.0
asakura_karen_(heaven_burns_red),heaven_burns_red,1.0
asakura_rikako,touhou_(pc-98),1.0
asakura_ryoko,suzumiya_haruhi_no_yuuutsu,1.0
asakura_toru,idolmaster_shiny_colors,0.9991
asakusa_midori,eizouken_ni_wa_te_wo_dasu_na!,1.0
asama_tomo,kyoukaisenjou_no_horizon,1.0
asami_sato,the_legend_of_korra,0.9977
asamiya_athena,the_king_of_fighters,0.9809
asanagi_yori,sasayaku_you_ni_koi_wo_utau,1.0
asanaka_yomogi,gridman_universe,1.0
asari_nanami,idolmaster_cinderella_girls,1.0
asashimo_(kancolle),kantai_collection,1.0
asashio_(halloween)_(kancolle),kantai_collection,1.0
asashio_(kancolle),kantai_collection,1.0
asashio_kai_ni_(kancolle),kantai_collection,1.0
asbel_lhant,tales_of_graces,0.9986
ascalon_(arknights),arknights,1.0
asch_(tales),tales_of_the_abyss,1.0
asclepius_(fate),fate_(series),1.0
asgore_dreemurr,utdr_(toby_fox),0.9927
ash_(titanfall_2),apex_legends,0.9879
ash_crimson,the_king_of_fighters,1.0
ash_ketchum,pokemon,0.9997
ashe_(league_of_legends),league_of_legends,1.0
ashe_(overwatch),overwatch,1.0
ashe_ubert,fire_emblem,1.0
ashelia_b'nargin_dalmasca,final_fantasy_xii,1.0
ashido_mina,boku_no_hero_academia,1.0
ashigara_(kancolle),kantai_collection,0.9993
ashigara_kai_ni_(kancolle),kantai_collection,1.0
ashitaka,mononoke_hime,1.0
ashiya_douman_(fate),fate_(series),0.9996
ashley_(warioware),warioware,1.0
ashley_graham,resident_evil,1.0
ashley_graves,the_coffin_of_andy_and_leyley,0.9952
ashwatthama_(fate),fate_(series),1.0
asia_argento,high_school_dxd,1.0
asirpa,golden_kamuy,1.0
asmodeus_(umineko),umineko_no_naku_koro_ni,1.0
asriel_dreemurr,utdr_(toby_fox),0.9987
assam_(girls_und_panzer),girls_und_panzer,1.0
assassin_(fate/zero),fate_(series),0.9981
assassin_(ragnarok_online),ragnarok_online,1.0
assassin_cross_(ragnarok_online),ragnarok_online,1.0
asseylum_vers_allusia,aldnoah.zero,1.0
asta_(black_clover),black_clover,1.0
asta_(honkai:_star_rail),honkai:_star_rail,1.0
astarion,baldur's_gate_3,1.0
astaroth_(shinrabanshou),shinrabanshou,0.9962
astarte_(surio),original,0.9306
astel_leda,holostars,1.0
asterios_(fate),fate_(series),1.0
astesia_(arknights),arknights,1.0
astgenne_(arknights),arknights,1.0
astolfo_(fate),fate_(series),0.9987
astolfo_(memories_at_trifas)_(fate),fate_(series),0.9985
astolfo_(rider)_(fate),fate_(series),0.9989
astolfo_(saber)_(fate),fate_(series),1.0
astolfo_(saber)_(first_ascension)_(fate),fate_(series),1.0
astolfo_(saber)_(third_ascension)_(fate),fate_(series),1.0
astolfo_(sailor_paladin)_(fate),fate_(series),0.9969
aston_machan_(flare)_(umamusume),umamusume,1.0
aston_machan_(umamusume),umamusume,0.9993
astra_militarum,warhammer_40k,0.996
astra_yao,zenless_zone_zero,0.9996
astra_yao_(chandelier),zenless_zone_zero,1.0
asui_tsuyu,boku_no_hero_academia,0.9996
asuka_(senran_kagura),senran_kagura,0.9969
asumi_sena,vspo!,0.9935
asuna_(blue_archive),blue_archive,0.9992
asuna_(bunny)_(blue_archive),blue_archive,0.9986
asuna_(sao),sword_art_online,1.0
asuna_(sao-alo),sword_art_online,0.9972
asuna_(school_uniform)_(blue_archive),blue_archive,1.0
asutora-chan,original,1.0
atago_(azur_lane),azur_lane,0.9998
atago_(kancolle),kantai_collection,1.0
atago_(school_traumerei)_(azur_lane),azur_lane,1.0
atago_(stunning_speedster)_(azur_lane),azur_lane,1.0
atago_(summer_march)_(azur_lane),azur_lane,1.0
atalanta_(fate),fate_(series),0.9993
atalanta_alter_(fate),fate_(series),1.0
atarashi_ako,saki_(manga),1.0
atem,yu-gi-oh!,1.0
athena_cykes,ace_attorney,0.9983
athena_glory,aria_(manga),0.9895
athrun_zala,gundam_seed,1.0
atlanta_(kancolle),kantai_collection,0.9997
atou_haruki,saibou_shinkyoku,0.9995
atri,atri-my_dear_moments-,1.0
atsuko_(blue_archive),blue_archive,0.9995
atsuko_(swimsuit)_(blue_archive),blue_archive,1.0
atsushi_toushirou,touken_ranbu,1.0
aty_(summon_night),summon_night,0.9978
aubrey_(faraway)_(omori),omori,0.9991
aubrey_(headspace)_(omori),omori,1.0
aubrey_(omori),omori,1.0
audino,pokemon,0.9979
audrey_burne,gundam,1.0
august_von_parseval_(azur_lane),azur_lane,1.0
augusta_(wuthering_waves),wuthering_waves,0.9989
aura_(sousou_no_frieren),sousou_no_frieren,0.9984
aurochs_(kemono_friends),kemono_friends,1.0
aurora_(arknights),arknights,0.998
aurora_(disney),sleeping_beauty_(disney),0.9971
aurora_sya_lis_kaymin,maou-jou_de_oyasumi,1.0
australian_devil_(kemono_friends),kemono_friends,1.0
aventurine_(anan)_(honkai:_star_rail),honkai:_star_rail,1.0
aventurine_(honkai:_star_rail),honkai:_star_rail,0.9983
awa_subaru,girls_band_cry,1.0
awakened_miki,idolmaster_(classic),1.0
axel_(kingdom_hearts),kingdom_hearts,1.0
axel_syrios,holostars_english,1.0
axew,pokemon,0.9973
axl_(mega_man),mega_man_(series),1.0
aya_brea,parasite_eve_(series),0.9928
ayachi_nene,sanoba_witch,1.0
ayanami_(azur_lane),azur_lane,1.0
ayanami_(kancolle),kantai_collection,1.0
ayanami_(retrofit)_(azur_lane),azur_lane,1.0
ayanami_kai_ni_(kancolle),kantai_collection,1.0
ayanami_rei,neon_genesis_evangelion,1.0
ayane_(blue_archive),blue_archive,0.9988
ayane_(doa),dead_or_alive,1.0
ayane_(swimsuit)_(blue_archive),blue_archive,0.9974
ayanokouji_rem,dream_hunter_rem,1.0
ayasaki_hayate,hayate_no_gotoku!,1.0
ayase_alisa,love_live!_school_idol_project,1.0
ayase_ayato_(imamiya_pinoko),original,1.0
ayase_eli,love_live!_school_idol_project,1.0
ayase_fuuka,yotsubato!,1.0
ayase_honoka,idolmaster_cinderella_girls,1.0
ayase_momo,dandadan,1.0
ayase_seiko,dandadan,0.9987
ayase_yue,mahou_sensei_negima!,0.9975
ayatsuji_tsukasa,amagami,1.0
ayatsuno_yuni,stellive,0.9937
ayin_(project_moon),project_moon,1.0
ayla_(chrono_trigger),chrono_trigger,1.0
ayn_alwyn,lovebrush_chronicles,1.0
ayra_(fire_emblem),fire_emblem,1.0
ayunda_risu,hololive_indonesia,1.0
ayunda_risu_(1st_costume),hololive_indonesia,1.0
azarin_(exs-tia),kouyoku_senki_exs-tia,1.0
azazel_(helltaker),helltaker,1.0
azelf,pokemon,1.0
aziraphale_(good_omens),good_omens,1.0
azki_(4th_costume)_(hololive),hololive,0.9987
azki_(hololive),hololive,0.9994
azuki_(nekopara),nekopara,1.0
azuki_azusa,hentai_ouji_to_warawanai_neko.,1.0
azul_ashengrotto,twisted_wonderland,1.0
azula,avatar_legends,1.0
azuma_(azur_lane),azur_lane,0.9979
azumarill,pokemon,0.9984
azumaya_haruka,sakura_no_sekai,1.0
azumi_(girls_und_panzer),girls_und_panzer,1.0
azura_(fire_emblem),fire_emblem_fates,1.0
azurill,pokemon,0.997
azusa_(blue_archive),blue_archive,0.9994
azusa_(cookie),cookie_(touhou),1.0
azusa_(swimsuit)_(blue_archive),blue_archive,0.9985
azusa_mifuyu,magia_record:_mahou_shoujo_madoka_magica_gaiden,1.0
azusawa_kohane,project_sekai,0.9994
b._jenet,fatal_fury,0.9779
b.b._hood,darkstalkers,1.0
baba_konomi,idolmaster_million_live!,1.0
bache_(azur_lane),azur_lane,1.0
bachira_meguru,blue_lock,1.0
backbeako_(torotei),original,0.9914
backbeard,gegege_no_kitarou,0.9995
badeni,chi.:_chikyuu_no_undou_ni_tsuite,1.0
bae_minah_(chaesu),original,0.9973
bagpipe_(arknights),arknights,0.9991
bagpipe_(queen_no._1)_(arknights),arknights,1.0
bai_(granblue_fantasy),granblue_fantasy,0.9965
bai_ling_(touqi_guaitan),touqi_guaitan,1.0
baiken,guilty_gear,1.0
bailu_(honkai:_star_rail),honkai:_star_rail,1.0
baizhi_(wuthering_waves),wuthering_waves,1.0
baizhu_(genshin_impact),genshin_impact,0.9979
bakugou_katsuki,boku_no_hero_academia,1.0
bakugou_mitsuki,boku_no_hero_academia,1.0
balalaika_(black_lagoon),black_lagoon,0.9977
bald_eagle_(kemono_friends),kemono_friends,1.0
baltimore_(after-school_ace)_(azur_lane),azur_lane,1.0
baltimore_(azur_lane),azur_lane,1.0
baltimore_(finish_line_flagbearer)_(azur_lane),azur_lane,1.0
bambietta_basterbine,bleach,1.0
bamboo_memory_(umamusume),umamusume,0.9974
banagher_links,gundam,1.0
banana_(girls'_frontline),girls'_frontline,0.9973
bandana_waddle_dee,kirby_(series),1.0
banette,pokemon,1.0
banken_(inui_toko),nijisanji,0.9969
banyue_(zenless_zone_zero),zenless_zone_zero,0.9966
banzoin_hakka,holostars_english,1.0
bao_the_whale,indie_virtual_youtuber,0.9948
baobhan_sith_(fate),fate/grand_order,0.9996
baobhan_sith_(first_ascension)_(fate),fate/grand_order,0.9995
baobhan_sith_(second_ascension)_(fate),fate/grand_order,1.0
baobhan_sith_(swimsuit_pretender)_(first_ascension)_(fate),fate/grand_order,0.9969
baobhan_sith_(swimsuit_pretender)_(second_ascension)_(fate),fate/grand_order,1.0
baobhan_sith_(swimsuit_pretender)_(third_ascension)_(fate),fate/grand_order,1.0
barasuishou,rozen_maiden,1.0
barbara_(dq6),dragon_quest_vi,1.0
barbara_(genshin_impact),genshin_impact,1.0
barbara_(summertime_sparkle)_(genshin_impact),genshin_impact,1.0
barbatos_(genshin_impact),genshin_impact,1.0
barbie_(character),barbie_(franchise),0.9967
bardiche_(assault_form)_(nanoha),lyrical_nanoha,1.0
bardiche_(nanoha),lyrical_nanoha,1.0
bardiche_(zanber_form)_(nanoha),lyrical_nanoha,1.0
bardock,dragon_ball,0.9979
barghest_(fate),fate/grand_order,0.9989
barghest_(second_ascension)_(fate),fate/grand_order,0.998
barnaby_brooks_jr.,tiger_&_bunny,1.0
barok_van_zieks,ace_attorney,1.0
baron_bunny_(genshin_impact),genshin_impact,1.0
barret_wallace,final_fantasy_vii,0.9964
barry_(pokemon),pokemon,1.0
bartz_klauser,final_fantasy,1.0
basil_(faraway)_(omori),omori,0.9998
basil_(headspace)_(omori),omori,0.9996
basil_(omori),omori,0.999
bass_(mega_man),mega_man_(series),1.0
bastet_(p&d),puzzle_&_dragons,1.0
batgirl,dc_comics,1.0
batman,dc_extended_universe,1.0
batsubyou,kantai_collection,0.9976
battleship_princess,kantai_collection,1.0
battleship_water_oni,kantai_collection,1.0
bay_(nikke),goddess_of_victory:_nikke,1.0
bayleef,pokemon,1.0
baymax,big_hero_6,0.9925
bayonetta,bayonetta_(series),0.9983
bazett_fraga_mcremitz,fate_(series),1.0
bb_(fate),fate_(series),0.9992
bb_(fate/extra),fate_(series),1.0
bb_(swimsuit_mooncancer)_(first_ascension)_(fate),fate_(series),1.0
bb_(swimsuit_mooncancer)_(second_ascension)_(fate),fate_(series),0.9991
bb_(swimsuit_mooncancer)_(third_ascension)_(fate),fate_(series),1.0
bb_dubai_(fate),fate_(series),0.9933
bea_(pokemon),pokemon_swsh,1.0
beam_(chainsaw_man),chainsaw_man,1.0
beanstalk_(arknights),arknights,1.0
bearer_of_the_curse,dark_souls_(series),1.0
beast_boy_(dc),dc_comics,1.0
beatrice_(princess_principal),princess_principal,1.0
beatrice_(re:zero),re:zero_kara_hajimeru_isekai_seikatsu,0.9968
beatrice_(umineko),umineko_no_naku_koro_ni,1.0
beatrix_(ff9),final_fantasy,1.0
beatrix_(granblue_fantasy),granblue_fantasy,0.9989
beautifly,pokemon,1.0
bebe-tan,senran_kagura,1.0
becky_blackbell,spy_x_family,0.9987
bede_(pokemon),pokemon,1.0
bedivere_(fate),fate_(series),0.9987
beedrill,pokemon,0.9974
beelstarmon,digimon,1.0
beelzebub_(helltaker),helltaker,0.9966
beelzebub_(umineko),umineko_no_naku_koro_ni,1.0
beelzebumon,digimon,1.0
beeswax_(arknights),arknights,1.0
beidou_(genshin_impact),genshin_impact,1.0
belarus_(hetalia),axis_powers_hetalia,1.0
beldum,pokemon,1.0
belfast_(azur_lane),azur_lane,0.9993
belfast_(shopping_with_the_head_maid)_(azur_lane),azur_lane,1.0
belgium_(hetalia),axis_powers_hetalia,1.0
belial_(granblue_fantasy),granblue_fantasy,1.0
bell_cranel,dungeon_ni_deai_wo_motomeru_no_wa_machigatteiru_darou_ka,1.0
belldandy,aa_megami-sama,0.9988
belle_(delicate_sunlight)_(zenless_zone_zero),zenless_zone_zero,0.9976
belle_(disney),beauty_and_the_beast_(disney),1.0
belle_(summer_skies)_(zenless_zone_zero),zenless_zone_zero,1.0
belle_(zenless_zone_zero),zenless_zone_zero,0.9974
bellezza_felutia,original,0.9964
bellibolt,pokemon,1.0
bellossom,pokemon,1.0
bellsprout,pokemon,1.0
belmond_banderas,nijisanji,1.0
belno_light_(umamusume),umamusume,1.0
belphegor_(umineko),umineko_no_naku_koro_ni,1.0
ben_bigger,zenless_zone_zero,1.0
ben_tennyson,ben_10,1.0
beni-enma,fate_(series),1.0
beni-enma_(first_ascension),fate_(series),1.0
benikurage_(cookie),cookie_(touhou),1.0
bennett_(genshin_impact),genshin_impact,1.0
beowulf_(fate),fate/grand_order,1.0
bepo_(one_piece),one_piece,1.0
bernadetta_von_varley,fire_emblem,1.0
bernadetta_von_varley_(timeskip),fire_emblem,1.0
berserker_(fate/zero),fate_(series),1.0
bertolt_hoover,shingeki_no_kyojin,1.0
beta_(inazuma_eleven),inazuma_eleven_go,1.0
bewear,pokemon,0.9978
bianca_(dq5),dragon_quest,1.0
bianca_(pgr),punishing:_gray_raven,1.0
bianca_(pokemon),pokemon,1.0
bibi_(tokoyami_towa),hololive,0.9985
bicute_bunnies_miku,vocaloid,1.0
bidoof,pokemon,0.9975
big_bad_wolf,little_red_riding_hood_(fairy_tale),0.9663
big_boss,metal_gear_(series),0.9965
big_man_(splatoon),splatoon_(series),0.9984
biko_pegasus_(umamusume),umamusume,1.0
bili_girl_22,bilibili,0.9975
bili_girl_33,bilibili,0.9927
bill_cipher,gravity_falls,0.997
billy_kid,zenless_zone_zero,0.9988
binah_(project_moon),project_moon,1.0
bisharp,pokemon,0.9848
bismarck_(azur_lane),azur_lane,0.9991
bismarck_(kancolle),kantai_collection,0.9996
bison_(arknights),arknights,1.0
biwa_hayahide_(pf._winning_equation...)_(umamusume),umamusume,1.0
biwa_hayahide_(umamusume),umamusume,0.9989
biyoo_(omniscient_reader's_viewpoint),omniscient_reader's_viewpoint,0.9974
black-haired_demon_girl_(shimmer),original,0.9941
black-tailed_prairie_dog_(kemono_friends),kemono_friends,1.0
black_cat_(marvel),marvel,0.9908
black_delmo,agent_aika,0.9967
black_general,zannen_onna-kanbu_black_general-san,1.0
black_gold_saw,black_rock_shooter,1.0
black_hanekawa,monogatari_(series),1.0
black_heart_(neptunia),neptune_(series),1.0
black_jack_(character),black_jack_(series),0.9935
black_jaguar_(kemono_friends),kemono_friends,1.0
black_lady_(sailor_moon),bishoujo_senshi_sailor_moon,1.0
black_mage_(final_fantasy),final_fantasy,0.9949
black_rock_shooter_(character),black_rock_shooter,1.0
black_swan_(honkai:_star_rail),honkai:_star_rail,0.9987
black_widow,marvel,0.9874
blackbuck_(kemono_friends),kemono_friends,1.0
blacksmith_(ragnarok_online),ragnarok_online,0.9961
blade_(honkai:_star_rail),honkai:_star_rail,0.9997
blaidd_the_half-wolf,elden_ring,1.0
blair_(soul_eater),soul_eater,1.0
blake_belladonna,rwby,1.0
blanc_(fortune_express)_(nikke),goddess_of_victory:_nikke,1.0
blanc_(neptunia),neptune_(series),1.0
blanc_(nikke),goddess_of_victory:_nikke,0.999
blanka,street_fighter,1.0
blastoise,pokemon,0.9977
blau_(mechanical_buddy_universe),mechanical_buddy_universe,0.996
blaze_(arknights),arknights,0.9987
blaze_the_cat,sonic_(series),0.9996
blaziken,pokemon,1.0
blemishine_(arknights),arknights,1.0
blissey,pokemon,1.0
blonney,reverse:1999,1.0
bloodhound_(apex_legends),apex_legends,1.0
bloody_marie_(skullgirls),skullgirls,1.0
bloody_wolf_(elden_ring),elden_ring,1.0
bloom_(irys),hololive_english,1.0
bloom_poetry_(shining_nikki),shining_nikki,1.0
bloop_(gawr_gura),hololive,0.9985
blossom_(ppg),powerpuff_girls,0.9983
blue-eyes_white_dragon,yu-gi-oh!,0.9972
blue_mary,fatal_fury,0.9563
blue_oak,pokemon,0.9988
blue_pikmin,pikmin_(series),0.9972
blue_poison_(arknights),arknights,1.0
blue_poison_(shoal_beat)_(arknights),arknights,1.0
blue_rose_(tiger_&_bunny),tiger_&_bunny,0.998
boa_hancock,one_piece,0.9985
bob-omb,mario_(series),1.0
boko_(girls_und_panzer),girls_und_panzer,1.0
bokukawauso,kantai_collection,0.9986
bokuto_koutarou,haikyuu!!,1.0
bomb_devil_(chainsaw_man),chainsaw_man,0.999
bond_(spy_x_family),spy_x_family,0.9989
bondrewd,made_in_abyss,1.0
bonnie_(pokemon),pokemon,1.0
boo_(mario),mario_(series),0.9969
boo_tao_(genshin_impact),genshin_impact,1.0
boota_(ttgl),tengen_toppa_gurren_lagann,1.0
boothill_(honkai:_star_rail),honkai:_star_rail,1.0
boros_(ouro_kronii),hololive,1.0
bort,houseki_no_kuni,1.0
boryeon_(last_origin),last_origin,1.0
botan_(yu_yu_hakusho),yu_yu_hakusho,1.0
bottle_miku,vocaloid,1.0
boudica_(fate),fate_(series),0.9994
boudica_(first_ascension)_(fate),fate/grand_order,1.0
bounsweet,pokemon,0.9978
bowser,mario_(series),1.0
bowser_jr.,mario_(series),0.9972
bowsette,mario_(series),1.0
bra_(dragon_ball),dragon_ball,1.0
bradamante_(fate),fate_(series),1.0
bradamante_(first_ascension)_(fate),fate_(series),1.0
bradamante_(third_ascension)_(fate),fate/grand_order,1.0
braixen,pokemon,0.9994
brant_(wuthering_waves),wuthering_waves,0.9987
bravern,yuuki_bakuhatsu_bang_bravern,1.0
brazilian_miku,vocaloid,0.999
bready_(nikke),goddess_of_victory:_nikke,0.9975
breloom,pokemon,1.0
bremerton_(azur_lane),azur_lane,0.9996
bremerton_(kung_fu_cruiser)_(azur_lane),azur_lane,1.0
bremerton_(scorching-hot_training)_(azur_lane),azur_lane,0.9994
brendan_(pokemon),pokemon,1.0
briar_(league_of_legends),league_of_legends,1.0
brid_(nikke),goddess_of_victory:_nikke,1.0
bridget_(guilty_gear),guilty_gear,1.0
brief_(psg),panty_&_stocking_with_garterbelt,1.0
brighid_(xenoblade),xenoblade_chronicles_(series),0.998
brigitte_(overwatch),overwatch,1.0
brionne,pokemon,1.0
britomart_(fate),fate/grand_order,0.9961
brock_(pokemon),pokemon,1.0
broly_(dragon_ball_super),dragon_ball,1.0
broly_(dragon_ball_z),dragon_ball,1.0
bronya_rand,honkai_(series),1.0
bronya_zaychik,honkai_(series),0.9985
bronya_zaychik_(haxxor_bunny),honkai_(series),1.0
bronya_zaychik_(herrscher_of_reason),honkai_impact_3rd,1.0
bronya_zaychik_(herrscher_of_truth),honkai_impact_3rd,0.9977
bronya_zaychik_(outstanding_attitude),honkai_impact_3rd,0.997
bronya_zaychik_(silverwing:_n-ex),honkai_(series),0.9993
brook_(one_piece),one_piece,0.9991
brooke_(mleth),original,0.9965
brown_bear_(kemono_friends),kemono_friends,1.0
brown_long-eared_bat_(kemono_friends),kemono_friends,0.9955
browt,pokemon,0.9942
bruce_wayne,dc_comics,0.9985
bruno_(yu-gi-oh!),yu-gi-oh!_5d's,1.0
bruno_bucciarati,jojo_no_kimyou_na_bouken,1.0
brynhild_(fate),fate_(series),1.0
brynhild_(lancer)_(fate),fate_(series),1.0
bubba_(watson_amelia),hololive_english,0.9988
bubbles_(ppg),powerpuff_girls,1.0
bucky_barnes,marvel,1.0
budew,pokemon,1.0
buena_vista_(umamusume),umamusume,0.9975
buggy_the_clown,one_piece,1.0
bugsy_(pokemon),pokemon,1.0
buizel,pokemon,1.0
bulbasaur,pokemon,0.9993
bullet_(blazblue),blazblue,1.0
bulma,dragon_ball,1.0
bumblebee_(transformers),transformers,0.9978
buneary,pokemon,0.9988
burnice_white,zenless_zone_zero,0.9993
buront,touhou,0.9252
bushidou_(sekaiju),sekaiju_no_meikyuu,0.9971
busujima_saeko,highschool_of_the_dead,0.9983
buttercup_(ppg),powerpuff_girls,1.0
butterfree,pokemon,0.996
c.c.,code_geass,1.0
c.c._lemon_(character),c.c._lemon,1.0
cacnea,pokemon,1.0
caeda_(fire_emblem),fire_emblem,1.0
cael_anselm,lovebrush_chronicles,1.0
caelus_(honkai:_star_rail),honkai:_star_rail,1.0
caenis_(fate),fate/grand_order,0.9994
caenis_(second_ascension)_(fate),fate/grand_order,1.0
caenis_(swimsuit_rider)_(fate),fate/grand_order,0.996
caesar_(girls_und_panzer),girls_und_panzer,1.0
caesar_anthonio_zeppeli,jojo_no_kimyou_na_bouken,1.0
caesar_king_(zenless_zone_zero),zenless_zone_zero,1.0
cagalli_yula_athha,gundam_seed,0.9992
cagliostro_(granblue_fantasy),granblue_fantasy,1.0
caiman_(dorohedoro),dorohedoro,1.0
caine_(the_amazing_digital_circus),the_amazing_digital_circus,0.9959
cairngorm_(houseki_no_kuni),houseki_no_kuni,0.9919
cait_sith_(final_fantasy),final_fantasy,0.9954
caitlin_(pokemon),pokemon,1.0
caitlyn_(league_of_legends),league_of_legends,0.9973
caleb_(love_and_deepspace),love_and_deepspace,0.9974
calem_(pokemon),pokemon,0.9989
callie_(splatoon),splatoon_(series),0.9995
callie_(squid_sisters_outfit)_(splatoon),splatoon_(series),1.0
callisto_(greyeth),original,1.0
calstone_light_o_(umamusume),umamusume,0.9954
calyrex,pokemon,0.997
camellya_(wuthering_waves),wuthering_waves,0.9986
camieux,granblue_fantasy,1.0
camila_(vtuber),indie_virtual_youtuber,0.9786
camilla_(fire_emblem),fire_emblem,0.9951
cammy_white,street_fighter,1.0
camus_(dq11),dragon_quest,1.0
can_(honkai_impact),honkai_impact_3rd,1.0
canaan_(character),428:_fuusa_sareta_shibuya_de,0.9926
canada_(hetalia),axis_powers_hetalia,1.0
canal_vorfeed,lost_universe,1.0
canari_(pokemon),pokemon,0.9968
candace_(genshin_impact),genshin_impact,1.0
candice_(pokemon),pokemon,1.0
candy_(precure),precure,1.0
candy_(smile_precure!),precure,1.0
cantarella_(wuthering_waves),wuthering_waves,0.9989
capitano_(genshin_impact),genshin_impact,1.0
captain_(honkai_impact),honkai_impact_3rd,0.9901
captain_(kemono_friends),kemono_friends,0.9986
captain_(master_of_eternity),master_of_eternity,1.0
captain_america,marvel,0.9947
captain_falcon,f-zero,0.9979
captain_nemo_(fate),fate_(series),1.0
captain_nemo_(first_ascension)_(fate),fate/grand_order,1.0
captain_spaceboy,omori,1.0
caracal_(kemono_friends),kemono_friends,1.0
carbuncle_(final_fantasy),final_fantasy,0.9887
carbuncle_(puyopuyo),puyopuyo,1.0
carbuncle_(reverse:1999),reverse:1999,1.0
cardigan_(arknights),arknights,0.9973
caren_hortensia,fate_(series),0.9993
caren_hortensia_(amor_caren)_(second_ascension),fate_(series),1.0
carlotta_(wuthering_waves),wuthering_waves,1.0
carmen_(project_moon),project_moon,1.0
carmilla_(fate),fate_(series),1.0
carmine_(pokemon),pokemon_sv,1.0
carnelian_(arknights),arknights,1.0
caro_ru_lushe,lyrical_nanoha,1.0
carol_malus_dienheim,senki_zesshou_symphogear,1.0
carpaccio_(girls_und_panzer),girls_und_panzer,1.0
carro_pino,.live,0.9965
carrot_(one_piece),one_piece,1.0
cartethyia_(wuthering_waves),wuthering_waves,0.998
casca_(berserk),berserk,1.0
caspar_von_bergliez,fire_emblem:_three_houses,1.0
cassandra_alexandra,soulcalibur,1.0
cassidy_(overwatch),overwatch,1.0
castform,pokemon,0.9882
castorice_(honkai:_star_rail),honkai_(series),0.9997
cat_(nyanko_daisensou),nyanko_daisensou,0.9967
caterpie,pokemon,0.998
catherine_(project_moon),limbus_company,1.0
catra,she-ra_and_the_princesses_of_power,0.9777
catria_(fire_emblem),fire_emblem,1.0
cattleya_(queen's_blade),queen's_blade,0.9977
catura_(granblue_fantasy),granblue_fantasy,1.0
catwoman,dc_comics,1.0
caulifla,dragon_ball_super,1.0
cecil_damon,ragnarok_online,1.0
cecil_harvey,final_fantasy,1.0
cecilia_(shiro_seijo_to_kuro_bokushi),shiro_seijo_to_kuro_bokushi,1.0
cecilia_alcott,infinite_stratos,1.0
cecilia_immergreen,hololive_english,0.9996
cecilia_immergreen_(1st_costume),hololive_english,1.0
cecilia_lynne_adelhyde,wild_arms,1.0
celebi,pokemon,1.0
celes_chere,final_fantasy,1.0
celestia_ludenberg,danganronpa:_trigger_happy_havoc,1.0
celica_(fire_emblem),fire_emblem,1.0
celine_(fire_emblem),fire_emblem_engage,1.0
cell_(dragon_ball),dragon_ball,1.0
cellien_(kemono_friends),kemono_friends,1.0
celty_sturluson,durarara!!,1.0
centorea_shianus,monster_musume_no_iru_nichijou,1.0
ceobe_(arknights),arknights,0.9993
ceras_yanagida_lilienfeld,link!_like!_love_live!,0.9977
cerberus_(helltaker),helltaker,1.0
cerebella_(skullgirls),skullgirls,1.0
ceres_fauna,hololive,0.9998
ceres_fauna_(1st_costume),hololive_english,1.0
ceres_fauna_(goth),hololive_english,1.0
ceres_fauna_(jirai_kei),hololive_english,1.0
cerestia_of_life,last_origin,1.0
cernunnos_(fate),fate/grand_order,0.9982
ceruledge,pokemon,1.0
cerydra_(honkai:_star_rail),honkai:_star_rail,0.9991
cesario_(umamusume),umamusume,1.0
cetoddle,pokemon,1.0
ceylon_(arknights),arknights,1.0
ch'en_(ageless_afterglow)_(arknights),arknights,1.0
ch'en_(arknights),arknights,0.9993
ch'en_(summer)_(arknights),arknights,1.0
ch'en_the_holungday_(arknights),arknights,0.9983
chabashira_tenko,danganronpa_(series),1.0
chacha_(fate),fate_(series),1.0
chaika_trabant,hitsugi_no_chaika,1.0
chain_chomp,mario_(series),0.9627
chainsaw_devil,chainsaw_man,1.0
challia_bull,gundam,1.0
cham-p,danganronpa_(series),1.0
cham_cham,samurai_spirits,1.0
chamber_dragonmaid,yu-gi-oh!,0.9976
champion_(ragnarok_online),ragnarok_online,1.0
chandelure,pokemon,0.9994
chando_(ado),ado_(utaite),0.9993
changli_(wuthering_waves),wuthering_waves,1.0
changsheng_(genshin_impact),genshin_impact,1.0
chansey,pokemon,0.9979
chaos_marie_(grimms_notes),grimms_notes,1.0
chaos_space_marine,warhammer_40k,1.0
chapayev_(azur_lane),azur_lane,1.0
char_aznable,gundam,0.9981
chara_(undertale),utdr_(toby_fox),1.0
chariot_(black_rock_shooter),black_rock_shooter,1.0
charizard,pokemon,0.9985
charlemagne_(fate),fate_(series),1.0
charles-henri_sanson_(fate),fate/grand_order,1.0
charlie_morningstar,hazbin_hotel,1.0
charlotta_(granblue_fantasy),granblue_fantasy,1.0
charlotte_(fire_emblem),fire_emblem,1.0
charlotte_(genshin_impact),genshin_impact,1.0
charlotte_(madoka_magica),mahou_shoujo_madoka_magica,1.0
charlotte_aulin,castlevania_(series),1.0
charlotte_corday_(fate),fate_(series),1.0
charlotte_dunois,infinite_stratos,1.0
charlotte_e._yeager,world_witches_series,1.0
charlotte_katakuri,one_piece,1.0
charlotte_pudding,one_piece,1.0
charmander,pokemon,0.998
charmeleon,pokemon,0.9975
charon_(project_moon),project_moon,1.0
chasca_(genshin_impact),genshin_impact,1.0
chatot,pokemon,1.0
chattino_(raora_panthera),hololive,0.9973
cheelai,dragon_ball,1.0
cheese-kun,code_geass,0.9828
cheese_(sonic),sonic_(series),1.0
chel_(el_dorado),the_road_to_el_dorado,0.9984
chen,touhou,0.9995
chen_(cat),touhou,0.9987
chen_hai_(azur_lane),azur_lane,1.0
chen_qianyu_(arknights),arknights:_endfield,0.9795
cheng_xiaoshi,shiguang_dailiren,1.0
cheren_(pokemon),pokemon,1.0
cheria_barnes,tales_of_graces,1.0
cherino_(blue_archive),blue_archive,1.0
cherrim,pokemon,1.0
cherrim_(sunshine),pokemon,1.0
cherubi,pokemon,0.9969
chesed_(project_moon),project_moon,1.0
cheshire_(azur_lane),azur_lane,1.0
cheshire_cat_(alice_in_wonderland),alice's_adventures_in_wonderland,0.8403
chesnaught,pokemon,0.9963
chespin,pokemon,0.9987
cheval_grand_(grand_itineraire)_(umamusume),umamusume,1.0
cheval_grand_(umamusume),umamusume,0.9976
chevalier_d'eon_(fate),fate_(series),1.0
chevreuse_(genshin_impact),genshin_impact,1.0
chi-chi_(dragon_ball),dragon_ball,1.0
chi-class_torpedo_cruiser,kantai_collection,1.0
chiaki_(blue_archive),blue_archive,0.9983
chiba_mamoru,bishoujo_senshi_sailor_moon,1.0
chibi_miku,vocaloid,1.0
chibi_usa,bishoujo_senshi_sailor_moon,1.0
chibita,osomatsu_(series),1.0
chidori_kaname,full_metal_panic!,1.0
chief_(path_to_nowhere),path_to_nowhere,1.0
chieru_(princess_connect!),princess_connect!,1.0
chiester410,umineko_no_naku_koro_ni,0.9912
chiester45,umineko_no_naku_koro_ni,0.9968
chigiri_hyoma,blue_lock,1.0
chihaya_anon,bang_dream!_it's_mygo!!!!!,1.0
chihiro_(blue_archive),blue_archive,1.0
chii,chobits,0.9907
chiikawa_(character),chiikawa,0.9889
chikorita,pokemon,1.0
chikuma_(kancolle),kantai_collection,1.0
chikuma_kai_ni_(kancolle),kantai_collection,1.0
chilchuck_tims,dungeon_meshi,1.0
child_gilgamesh_(fate),fate_(series),1.0
childhood_friend-chan_(ramchi),original,1.0
chimchar,pokemon,1.0
chimecho,pokemon,0.998
china_(hetalia),axis_powers_hetalia,1.0
chinatsu_(blue_archive),blue_archive,1.0
chinatsu_(hot_spring)_(blue_archive),blue_archive,1.0
chinatsu_remiel,zenless_zone_zero,1.0
chinchou,pokemon,1.0
chiori_(genshin_impact),genshin_impact,0.9992
chiron_(fate),fate_(series),1.0
chisa_(wuthering_waves),wuthering_waves,0.9951
chise_(blue_archive),blue_archive,1.0
chise_(swimsuit)_(blue_archive),blue_archive,1.0
chitanda_eru,hyouka,0.9993
chito_(shoujo_shuumatsu_ryokou),shoujo_shuumatsu_ryokou,0.9969
chitose_(kancolle),kantai_collection,1.0
chitose_sana,tenshinranman,1.0
chixia_(wuthering_waves),wuthering_waves,1.0
chiya_(urara_meirochou),urara_meirochou,1.0
chiyoda_(kancolle),kantai_collection,1.0
chiyoda_momo,machikado_mazoku,1.0
chloe_(fire_emblem),fire_emblem_engage,1.0
chloe_(pokemon),pokemon_journeys,0.998
chloe_(princess_connect!),princess_connect!,0.9988
chloe_von_einzbern,fate_(series),0.9998
chloe_von_einzbern_(archer_install),fate_(series),1.0
chlorella_observation_club_member_(blue_archive),blue_archive,1.0
chocola_(nekopara),nekopara,0.9962
chocolat_meilleure,sugar_sugar_rune,1.0
chomusuke,kono_subarashii_sekai_ni_shukufuku_wo!,0.999
chongyue_(arknights),arknights,0.9994
chongyun_(genshin_impact),genshin_impact,0.9994
chosen_undead,dark_souls_(series),1.0
choso_(jujutsu_kaisen),jujutsu_kaisen,0.9972
chou-10cm-hou-chan,kantai_collection,1.0
chou-10cm-hou-chan_(akizuki's),kantai_collection,1.0
chou-10cm-hou-chan_(hatsuzuki's),kantai_collection,1.0
chou-10cm-hou-chan_(teruzuki's),kantai_collection,1.0
chougei_(kancolle),kantai_collection,1.0
choukai_(kancolle),kantai_collection,1.0
choukai_kai_ni_(kancolle),kantai_collection,1.0
chouno_ami,girls_und_panzer,1.0
chousokabe_motochika_(sengoku_basara),sengoku_basara,1.0
chouzetsusaikawa_tenshi-chan,needy_girl_overdose,0.9992
chris_(konosuba),kono_subarashii_sekai_ni_shukufuku_wo!,1.0
chris_redfield,resident_evil,0.9953
christina_(princess_connect!),princess_connect!,1.0
chrollo_lucilfer,hunter_x_hunter,0.9988
chrom_(fire_emblem),fire_emblem,1.0
chrome_dokuro,katekyo_hitman_reborn!,1.0
chrono_genesis_(umamusume),umamusume,0.9989
chu_wanning,erha_he_ta_de_bai_mao_shizun,1.0
chuatury_panlunch,gundam_suisei_no_majo,0.9979
chuck_(psg),panty_&_stocking_with_garterbelt,1.0
chun-li,street_fighter,1.0
chung_seiker,elsword,0.9972
chypre_(heartcatch_precure!),heartcatch_precure!,1.0
chypre_(precure),heartcatch_precure!,1.0
ciaccona_(wuthering_waves),wuthering_waves,1.0
cicin_mage_(genshin_impact),genshin_impact,1.0
cid_highwind,final_fantasy_vii,0.998
ciel_(mega_man),mega_man_zero_(series),1.0
ciel_(tsukihime),tsukihime,0.9174
ciel_phantomhive,kuroshitsuji,0.9971
cilan_(pokemon),pokemon,1.0
cinccino,pokemon,1.0
cinder_fall,rwby,1.0
cinderace,pokemon,1.0
cinderella_(disney_character),cinderella_(disney_movie),0.9967
cinderella_(fairy_tale_character),cinderella_(fairy_tale),0.9731
cinderella_(nikke),goddess_of_victory:_nikke,0.9962
cindy_aurum,final_fantasy,1.0
cine_hamal,len'en,0.9965
cinnabar_(houseki_no_kuni),houseki_no_kuni,1.0
cinnamiku,vocaloid,1.0
cinnamon_(nekopara),nekopara,1.0
cinnamoroll,sanrio,0.9985
cinque_(nanoha),lyrical_nanoha,1.0
cipher_(honkai:_star_rail),honkai:_star_rail,0.9996
circe_(fate),fate_(series),1.0
ciri,the_witcher_(series),1.0
cithis,dungeon_meshi,1.0
citlali_(genshin_impact),genshin_impact,0.9997
citlalin_(genshin_impact),genshin_impact,0.9968
citrinne_(fire_emblem),fire_emblem_engage,1.0
clair_(pokemon),pokemon,0.9982
claire_francois,watashi_no_oshi_wa_akuyaku_reijou,1.0
claire_redfield,resident_evil,0.9831
clara_(girls_und_panzer),girls_und_panzer,1.0
clara_(honkai:_star_rail),honkai:_star_rail,1.0
clarence_clayden,lovebrush_chronicles,0.9976
clarisse_(granblue_fantasy),granblue_fantasy,0.9982
clark_kent,dc_comics,0.9983
classic_revenant,apex_legends,1.0
classic_sonic,sonic_(series),1.0
claude_von_riegan,fire_emblem,0.9988
claude_von_riegan_(timeskip),fire_emblem:_three_houses,1.0
claus_(mother_3),mother_3,1.0
clause_(len'en),len'en,1.0
clefable,pokemon,1.0
clefairy,pokemon,1.0
cleffa,pokemon,1.0
clemont_(pokemon),pokemon,1.0
cleopatra_(fate),fate/grand_order,1.0
cleveland_(azur_lane),azur_lane,1.0
cliffheart_(arknights),arknights,0.9958
clive_rosfield,final_fantasy,1.0
clodsire,pokemon,1.0
clorinde_(genshin_impact),genshin_impact,1.0
closure_(arknights),arknights,0.9977
cloud_retainer_(genshin_impact),genshin_impact,1.0
cloud_strife,final_fantasy,1.0
clownpiece,touhou,0.9997
clumsy_nun_(diva),little_nuns_(diva),0.9993
coco_bandicoot,crash_bandicoot_(series),1.0
coconut_(nekopara),nekopara,1.0
cofagrigus,pokemon,0.9963
coffret_(heartcatch_precure!),heartcatch_precure!,1.0
coffret_(precure),heartcatch_precure!,1.0
cogita_(pokemon),pokemon_legends:_arceus,1.0
colette_brunel,tales_of_(series),0.997
collei_(genshin_impact),genshin_impact,1.0
colonel_sanders,kfc,0.9313
colorado_(kancolle),kantai_collection,1.0
colossal_titan,shingeki_no_kyojin,1.0
colphne_(girls'_frontline_2),girls'_frontline_2:_exilium,1.0
columbina_(genshin_impact),genshin_impact,0.9907
combee,pokemon,1.0
comfey,pokemon,1.0
commandant_(pgr),punishing:_gray_raven,1.0
commandant_teste_(kancolle),kantai_collection,1.0
commander_(azur_lane),azur_lane,0.9996
commander_(girls'_frontline),girls'_frontline,0.9992
commander_(last_origin),last_origin,0.9984
commander_(nikke),goddess_of_victory:_nikke,0.9985
commander_shepard,mass_effect_(series),1.0
common_bottlenose_dolphin_(kemono_friends),kemono_friends,1.0
common_dolphin_(kemono_friends),kemono_friends,1.0
common_raccoon_(kemono_friends),kemono_friends,1.0
comoli_harcourt,gundam_gquuuuuux,1.0
con_(fate),fate_(series),0.9962
conch_(gundam),gundam_gquuuuuux,1.0
connie_springer,shingeki_no_kyojin,1.0
constance_von_nuvelle,fire_emblem:_three_houses,1.0
constantine_xi_(fate),fate_(series),0.9978
constanze_amalie_von_braunschbank-albrechtsberger,little_witch_academia,1.0
conte_di_cavour_(kancolle),kantai_collection,1.0
conte_di_cavour_nuovo_(kancolle),kantai_collection,1.0
cool_mita_(miside),miside,1.0
copano_rickey_(umamusume),umamusume,0.9993
copano_rickey_(yin-yang_bagua_lucky_costume)_(umamusume),umamusume,1.0
coquelic_(path_to_nowhere),path_to_nowhere,1.0
coral_(pokemon),pokemon,0.9986
coralie_6626_planck,honkai_impact_3rd,1.0
corbeau_(pokemon),pokemon_legends:_z-a,1.0
cordelia_(fire_emblem),fire_emblem,1.0
cordelia_glauca,tantei_opera_milky_holmes,1.0
corin_wickes,zenless_zone_zero,0.9988
cornelia_li_britannia,code_geass,1.0
corsola,pokemon,1.0
corviknight,pokemon,1.0
cosmog,pokemon,0.9992
cottonee,pokemon,1.0
courtney_(pokemon),pokemon,1.0
coyote_(kemono_friends),kemono_friends,1.0
craft_lawrence,spice_and_wolf,1.0
craig_tucker,south_park,0.993
cramorant,pokemon,0.9963
crazy_diamond,jojo_no_kimyou_na_bouken,1.0
crazy_mita_(miside),miside,1.0
cream_the_rabbit,sonic_(series),0.9918
creator_(ragnarok_online),ragnarok_online,1.0
creeper,minecraft,0.9891
cresselia,pokemon,1.0
crewmate_(among_us),among_us,0.9838
crimson_viper,street_fighter,1.0
crimvael,ishuzoku_reviewers,1.0
crispin_(pokemon),pokemon_sv,0.9971
croagunk,pokemon,0.9942
crobat,pokemon,1.0
crocodile_(one_piece),one_piece,1.0
croissant_(arknights),arknights,0.9982
crona_(soul_eater),soul_eater,0.9956
crono_(chrono_trigger),chrono_trigger,0.9954
crow_(la+_darknesss),hololive,0.999
crow_armbrust,eiyuu_densetsu,1.0
crowley_(good_omens),good_omens,1.0
crown_(nikke),goddess_of_victory:_nikke,0.9976
crownslayer_(arknights),arknights,0.9981
crypto_(apex_legends),apex_legends,1.0
crystal_exarch,final_fantasy_xiv,0.9977
crystalfly_(genshin_impact),genshin_impact,0.9993
cthugha_(nyaruko-san),haiyore!_nyaruko-san,1.0
cthulhu,cthulhu_mythos,0.965
cu_chulainn_(aloha_shirt)_(fate),fate_(series),1.0
cu_chulainn_(caster)_(fate),fate_(series),1.0
cu_chulainn_(casual_wear)_(fate),fate_(series),1.0
cu_chulainn_(fate),fate_(series),0.9999
cu_chulainn_(fate/prototype),fate_(series),1.0
cu_chulainn_(fate/stay_night),fate_(series),1.0
cu_chulainn_(lancer)_(fate),fate_(series),0.9998
cu_chulainn_alter_(fate),fate_(series),1.0
cu_chulainn_alter_(third_ascension)_(fate),fate_(series),1.0
cubchoo,pokemon,0.9964
cubone,pokemon,0.9979
cucouroux_(granblue_fantasy),granblue_fantasy,1.0
cure_ace,dokidoki!_precure,0.996
cure_aqua,precure,0.9973
cure_arcana_shadow,meitantei_precure!,0.997
cure_beat,precure,1.0
cure_beauty,precure,1.0
cure_berry,precure,0.9964
cure_black,precure,1.0
cure_bloom,precure,1.0
cure_blossom,heartcatch_precure!,1.0
cure_butterfly,precure,0.9962
cure_chocolat,kirakira_precure_a_la_mode,1.0
cure_coral,tropical-rouge!_precure,1.0
cure_diamond,dokidoki!_precure,1.0
cure_dream,precure,1.0
cure_egret,futari_wa_precure_splash_star,0.9959
cure_finale,delicious_party_precure,1.0
cure_flora,precure,1.0
cure_fortune,happinesscharge_precure!,0.9969
cure_friendy,wonderful_precure!,0.9946
cure_gelato,kirakira_precure_a_la_mode,1.0
cure_grace,precure,0.9971
cure_happy,precure,1.0
cure_heart,dokidoki!_precure,1.0
cure_honey,happinesscharge_precure!,0.998
cure_idol,precure,1.0
cure_kyunkyun,kimi_to_idol_precure,0.9962
cure_la_mer,tropical-rouge!_precure,0.9968
cure_lemonade,precure,1.0
cure_lillian,wonderful_precure!,1.0
cure_lovely,happinesscharge_precure!,0.9986
cure_macaron,precure,1.0
cure_magical,mahou_girls_precure!,0.998
cure_majesty,hirogaru_sky!_precure,0.9967
cure_march,precure,1.0
cure_marine,heartcatch_precure!,1.0
cure_melody,precure,0.9963
cure_mermaid,precure,0.9968
cure_milky,star_twinkle_precure,1.0
cure_mint,precure,0.9971
cure_miracle,mahou_girls_precure!,1.0
cure_moonlight,heartcatch_precure!,1.0
cure_muse_(yellow),precure,1.0
cure_nyammy,wonderful_precure!,1.0
cure_passion,fresh_precure!,0.9982
cure_peace,precure,1.0
cure_peach,precure,0.999
cure_pine,precure,0.9984
cure_precious,precure,1.0
cure_princess,precure,1.0
cure_prism,precure,1.0
cure_rhythm,precure,1.0
cure_rosetta,precure,0.9982
cure_rouge,precure,0.9967
cure_sky,precure,1.0
cure_star,star_twinkle_precure,1.0
cure_summer,tropical-rouge!_precure,0.9968
cure_sunny,smile_precure!,1.0
cure_sunshine,heartcatch_precure!,1.0
cure_sword,dokidoki!_precure,1.0
cure_twinkle,precure,0.9966
cure_whip,precure,0.9973
cure_white,precure,1.0
cure_wing,hirogaru_sky!_precure,0.9972
cure_wink,precure,1.0
cure_wonderful,precure,0.998
cure_yell,precure,1.0
curly_brace,cave_story,1.0
curren_bouquetd'or_(umamusume),umamusume,0.9968
curren_chan_(fille_eclair)_(umamusume),umamusume,1.0
curren_chan_(umamusume),umamusume,1.0
curse_maker,sekaiju_no_meikyuu,0.9975
curse_maker_2,sekaiju_no_meikyuu,1.0
cutie_honey_(character),cutie_honey,0.9708
cutiefly,pokemon,0.9985
cutlass_(girls_und_panzer),girls_und_panzer,1.0
cyan_(show_by_rock!!),show_by_rock!!,0.9984
cyber_elf_x_(mega_man),mega_man_(series),0.9963
cyclops_(x-men),marvel,0.9964
cygnet_(azur_lane),azur_lane,1.0
cyndaquil,pokemon,1.0
cyno_(genshin_impact),genshin_impact,1.0
cynthia_(pokemon),pokemon,0.9993
cyrene_(demiurge)_(honkai:_star_rail),honkai:_star_rail,0.9957
cyrene_(honkai:_star_rail),honkai:_star_rail,0.9996
cyrene_(philia093)_(honkai:_star_rail),honkai:_star_rail,0.9997
cyrus_(pokemon),pokemon,1.0
d.va_(legacy)_(overwatch),overwatch,1.0
d.va_(overwatch),overwatch,1.0
d_(killer_wife)_(nikke),goddess_of_victory:_nikke,0.9951
d_(nikke),goddess_of_victory:_nikke,0.9961
dabi_(boku_no_hero_academia),boku_no_hero_academia,1.0
dagon_(housamo),tokyo_afterschool_summoners,1.0
daiba_nana,shoujo_kageki_revue_starlight,0.9991
daidouji_tomoyo,cardcaptor_sakura,0.9985
daifuku_(yukihana_lamy),hololive,1.0
daiichi_ruby_(umamusume),umamusume,0.9988
dainsleif_(genshin_impact),genshin_impact,1.0
daisy_duck,mickey_mouse_&_friends,1.0
daitaku_helios_(fun_fun_party_night)_(umamusume),umamusume,0.9901
daitaku_helios_(umamusume),umamusume,0.9991
daitou_(kancolle),kantai_collection,1.0
daiwa_scarlet_(casual)_(umamusume),umamusume,1.0
daiwa_scarlet_(mini_vacation)_(umamusume),umamusume,0.9948
daiwa_scarlet_(peak_blue)_(umamusume),umamusume,0.9994
daiwa_scarlet_(scarlet_nuit_etoile)_(umamusume),umamusume,1.0
daiwa_scarlet_(umamusume),umamusume,0.9982
daiyousei,touhou,0.9999
daki_(kimetsu_no_yaiba),kimetsu_no_yaiba,1.0
damian_desmond,spy_x_family,0.9993
dan_heng_(honkai:_star_rail),honkai:_star_rail,1.0
dan_heng_(hunt)_(honkai:_star_rail),honkai:_star_rail,0.9992
dan_heng_(imbibitor_lunae)_(honkai:_star_rail),honkai:_star_rail,1.0
dan_heng_(permansor_terrae)_(honkai:_star_rail),honkai:_star_rail,1.0
dana_zane,va-11_hall-a,1.0
dancer_(final_fantasy),final_fantasy,0.9855
dancer_(ragnarok_online),ragnarok_online,1.0
danjin_(wuthering_waves),wuthering_waves,1.0
dante_(devil_may_cry),devil_may_cry_(series),0.9973
dante_(limbus_company),project_moon,1.0
dantsu_flame_(center_spotlight)_(umamusume),umamusume,1.0
dantsu_flame_(umamusume),umamusume,0.9983
danua,granblue_fantasy,1.0
daring_tact_(umamusume),umamusume,0.9955
darius_(league_of_legends),league_of_legends,1.0
darjeeling_(girls_und_panzer),girls_und_panzer,1.0
dark_elven_forest_ranger,last_origin,1.0
dark_knight_(final_fantasy),final_fantasy,1.0
dark_magician,yu-gi-oh!,1.0
dark_magician_girl,yu-gi-oh!,0.9972
dark_matter_(kirby),kirby_(series),1.0
dark_miku_(project_voltage),project_voltage,1.0
dark_pit,kid_icarus,0.9989
dark_precure,precure,0.9974
dark_sakura,fate_(series),1.0
dark_samus,metroid,1.0
dark_sun_gwyndolin,dark_souls_(series),1.0
darkness_(konosuba),kono_subarashii_sekai_ni_shukufuku_wo!,0.9988
darkrai,pokemon,0.9987
darry_adai,tengen_toppa_gurren_lagann,1.0
darth_vader,star_wars,1.0
darumaka,pokemon,1.0
date_masamune_(sengoku_basara),sengoku_basara,0.9977
david_martinez,cyberpunk:_edgerunners,1.0
dawn_(pokemon),pokemon,0.9992
daybit_sem_void,fate/grand_order,0.998
dazai_osamu_(bungou_stray_dogs),bungou_stray_dogs,1.0
de_ruyter_(kancolle),kantai_collection,1.0
dead_master,black_rock_shooter,1.0
deadpool,marvel,0.9984
dearka_elsman,gundam_seed,1.0
death-sensei_(mori_calliope),hololive_english,1.0
death_(entity),original,0.3906
death_the_kid,soul_eater,1.0
debidebi_debiru,nijisanji,1.0
debitto_(makaino_ririmu),nijisanji,1.0
deborah_(dq5),dragon_quest_v,1.0
decidueye,pokemon,0.9959
dedenne,pokemon,0.999
dedf1sh,splatoon_(series),1.0
dedue_molinaro,fire_emblem,1.0
deedlit,record_of_lodoss_war,0.9975
deerling,pokemon,1.0
degenbrecher_(arknights),arknights,1.0
dehya_(genshin_impact),genshin_impact,0.9994
deidara_(naruto),naruto_(series),1.0
deirdre_(fire_emblem),fire_emblem,0.9963
dejiko,di_gi_charat,0.9972
dekomori_sanae,chuunibyou_demo_koi_ga_shitai!,1.0
delia_ketchum,pokemon,1.0
delibird,pokemon,1.0
delphox,pokemon,0.9987
delthea_(fire_emblem),fire_emblem,1.0
delutaya,indie_virtual_youtuber,1.0
demi-fiend,shin_megami_tensei,0.9955
demian_(project_moon),limbus_company,1.0
demitri_maximoff,darkstalkers,1.0
dendra_(pokemon),pokemon,1.0
denji_(chainsaw_man),chainsaw_man,0.9997
dennou_shoujo_siro,.live,0.9986
deoxys,pokemon,1.0
deoxys_(normal),pokemon,1.0
dera_mochimazzui,tamako_market,1.0
destroyer_(girls'_frontline),girls'_frontline,1.0
destroyer_princess,kantai_collection,1.0
deuce_spade,twisted_wonderland,0.9969
deutschland_(azur_lane),azur_lane,1.0
deux_murasame,gundam_gquuuuuux,1.0
devil_jin,tekken,1.0
deviruchi,ragnarok_online,1.0
dewgong,pokemon,1.0
dewott,pokemon,1.0
dhalsim,street_fighter,0.9962
dhole_(kemono_friends),kemono_friends,0.9993
diabellstar_the_black_witch,yu-gi-oh!,0.9986
diabellze_the_original_sinkeeper,yu-gi-oh!,1.0
dialga,pokemon,1.0
dialyn_(zenless_zone_zero),zenless_zone_zero,0.9987
diamant_(fire_emblem),fire_emblem_engage,1.0
diamond_(houseki_no_kuni),houseki_no_kuni,0.9972
diana_cavendish,little_witch_academia,1.0
diancie,pokemon,1.0
diane_(nanatsu_no_taizai),nanatsu_no_taizai,0.997
diantha_(pokemon),pokemon,1.0
diarmuid_ua_duibhne_(fate),fate_(series),1.0
diarmuid_ua_duibhne_(lancer)_(fate),fate_(series),1.0
diavolo,jojo_no_kimyou_na_bouken,1.0
dick_grayson,dc_comics,1.0
dick_gumshoe,ace_attorney,1.0
diddy_kong,donkey_kong_(series),0.9929
dido_(azur_lane),azur_lane,1.0
diego_brando,jojo_no_kimyou_na_bouken,1.0
dif_(difman),original,0.9938
digitan_(porforever),original,0.9965
diglett,pokemon,0.9968
diluc_(genshin_impact),genshin_impact,1.0
dimitri_alexandre_blaiddyd,fire_emblem:_three_houses,1.0
dimitri_alexandre_blaiddyd_(timeskip),fire_emblem:_three_houses,1.0
dinergate_(girls'_frontline),girls'_frontline,1.0
dio_brando,jojo_no_kimyou_na_bouken,1.0
dion_lesage,final_fantasy,0.9974
diona_(genshin_impact),genshin_impact,1.0
dipper_pines,gravity_falls,0.9957
dipplin,pokemon,1.0
dire_wolf_(kemono_friends),kemono_friends,1.0
director_chimera_(spy_x_family),spy_x_family,1.0
ditto,pokemon,0.9953
diyusi_(cookie),cookie_(touhou),1.0
dizzy_(guilty_gear),guilty_gear,0.9994
djeeta_(granblue_fantasy),granblue_fantasy,0.9984
dlanor_a._knox,umineko_no_naku_koro_ni,1.0
dobermann_(arknights),arknights,1.0
dobrynya_nikitich_(fate),fate/grand_order,1.0
doctor_(arknights),arknights,0.9996
doctor_strange,marvel,1.0
dodoco_(genshin_impact),genshin_impact,0.9996
dog_(mixed_breed)_(kemono_friends),kemono_friends,1.0
dogoo,neptune_(series),1.0
dokibird,indie_virtual_youtuber,0.9987
dokibird_(bounty_hunter),indie_virtual_youtuber,1.0
dokibird_(retro_doki),indie_virtual_youtuber,1.0
dokugamine_riruka,bleach,0.9969
dokuro-kun_(houshou_marine),hololive,1.0
dola_(nijisanji),nijisanji,1.0
doll_(ib),ib_(kouri),1.0
doloris_(bang_dream!),bang_dream!,0.9967
dom_(mobile_suit),gundam,0.9962
doma_umaru,himouto!_umaru-chan,0.9945
domon_kasshu,gundam,0.9963
domyoji_karin,idolmaster_cinderella_girls,1.0
don-chan_(usada_pekora),hololive,1.0
don_quixote_(project_moon),limbus_company,1.0
donald_duck,mickey_mouse_&_friends,1.0
donkey_kong,donkey_kong_(series),0.9476
donquixote_doflamingo,one_piece,0.9991
donquixote_rocinante,one_piece,0.9987
dooby,indie_virtual_youtuber,1.0
dooby_(1st_costume),indie_virtual_youtuber,1.0
doodle_sensei_(blue_archive),blue_archive,0.9986
doomguy,doom_(series),1.0
doppio_dropscythe,nijisanji_en,1.0
doraemon_(character),doraemon,0.9795
doremy_sweet,touhou,0.9998
dori_(genshin_impact),genshin_impact,1.0
doro_(nikke),goddess_of_victory:_nikke,0.9939
doronjo,yatterman,0.9613
dororo_(character),dororo_(tezuka),0.9967
dorothea_arnault,fire_emblem,1.0
dorothea_arnault_(timeskip),fire_emblem,1.0
dorothy_(arknights),arknights,1.0
dorothy_(nikke),goddess_of_victory:_nikke,1.0
dorothy_(princess_principal),princess_principal,0.9967
dorothy_haze,va-11_hall-a,1.0
dorothy_west,pripara,1.0
doseisan,mother_(series),0.991
dot_(pokemon),pokemon_horizons,1.0
dottore_(genshin_impact),genshin_impact,0.9987
double_(skullgirls),skullgirls,1.0
doudanuki_masakuni,touken_ranbu,1.0
doujima_nanako,persona_4,1.0
doujima_ryoutarou,persona,1.0
douki-chan_(douki-chan),ganbare_douki-chan,1.0
douki-kun_(douki-chan),ganbare_douki-chan,1.0
douma_(kimetsu_no_yaiba),kimetsu_no_yaiba,0.9952
dp-12_(girls'_frontline),girls'_frontline,0.9974
dr._eggman,sonic_(series),1.0
dr._ratio_(honkai:_star_rail),honkai:_star_rail,0.9991
draco_centauros,puyopuyo,0.9953
dracule_mihawk,one_piece,1.0
dragapult,pokemon,1.0
dragon_kid,tiger_&_bunny,1.0
dragonair,pokemon,0.9986
dragonite,pokemon,0.9982
dragoon_(dokibird),indie_virtual_youtuber,1.0
dragoon_(final_fantasy),final_fantasy,1.0
drake_(nikke),goddess_of_victory:_nikke,1.0
dratini,pokemon,0.9981
drayton_(pokemon),pokemon,0.9978
dream_journey_(reminder_of_dreamland)_(umamusume),umamusume,1.0
dream_journey_(umamusume),umamusume,0.998
drednaw,pokemon,1.0
dreepy,pokemon,0.9987
drifblim,pokemon,1.0
drifloon,pokemon,0.995
drizzile,pokemon,1.0
drossel_von_flugel,fireball_(series),1.0
drowzee,pokemon,1.0
drum_(kancolle),kantai_collection,1.0
drusilla_(zenless_zone_zero),zenless_zone_zero,1.0
druvis_iii,reverse:1999,1.0
dsr-50_(girls'_frontline),girls'_frontline,1.0
duchess_(elden_ring),elden_ring_nightreign,0.9974
dugtrio,pokemon,1.0
duke_of_york_(azur_lane),azur_lane,0.9963
dukemon,digimon,1.0
dunkerque_(azur_lane),azur_lane,1.0
dunsparce,pokemon,1.0
duraludon,pokemon,0.9967
duramente_(umamusume),umamusume,0.9984
durandal_(honkai_impact),honkai_impact_3rd,0.996
durandal_(umamusume),umamusume,1.0
durga_(fate),fate/grand_order,1.0
durin_(genshin_impact),genshin_impact,0.9981
duryodhana_(fate),fate/grand_order,1.0
dusk_(arknights),arknights,0.9992
dusk_(everything_is_a_miracle)_(arknights),arknights,1.0
dusknoir,pokemon,1.0
duskull,pokemon,1.0
e._honda,street_fighter,0.9963
eagle_spirit_(touhou),touhou,1.0
eas_(fresh_precure!),precure,1.0
eas_(precure),precure,1.0
ebenholz_(arknights),arknights,1.0
ebi-chan_(gawr_gura),hololive,1.0
ebina_nana,himouto!_umaru-chan,1.0
ebisu_eika,touhou,1.0
ebisuzawa_kurumi,gakkou_gurashi!,1.0
ebizuka_tomo,girls_band_cry,1.0
ecclesia_(yu-gi-oh!),yu-gi-oh!,1.0
echidna_(queen's_blade),queen's_blade,1.0
echidna_(re:zero),re:zero_kara_hajimeru_isekai_seikatsu,0.9988
ed_(street_fighter),street_fighter,0.976
edd_(eddsworld),eddsworld,1.0
edea_lee,bravely_default_(series),1.0
edelgard_von_hresvelg,fire_emblem:_three_houses,1.0
edelgard_von_hresvelg_(timeskip),fire_emblem,1.0
eden_(honkai_impact),honkai_impact_3rd,1.0
edgar_roni_figaro,final_fantasy,1.0
edgar_valden,identity_v,0.9971
edmond_(nu_carnival),nu_carnival,0.985
edmond_dantes_(fate),fate_(series),0.9936
edna_(tales),tales_of_(series),1.0
edogawa_conan,meitantei_conan,1.0
edward_elric,fullmetal_alchemist,1.0
edward_newgate,one_piece,1.0
edward_teach_(fate),fate_(series),1.0
edward_wong_hau_pepelu_tivrusky_iv,cowboy_bebop,1.0
edytha_rossmann,world_witches_series,1.0
eelektross,pokemon,0.998
eevee,pokemon,0.9994
egawa_kusumi,assault_lily,1.0
eiden_(nu_carnival),nu_carnival,0.9969
eiko_carol,final_fantasy_ix,1.0
eila_ilmatar_juutilainen,world_witches_series,1.0
eimi_(blue_archive),blue_archive,0.9995
eimi_(swimsuit)_(blue_archive),blue_archive,0.999
ein_(blue_archive),blue_archive,0.9988
einhard_stratos,lyrical_nanoha,1.0
eirika_(fire_emblem),fire_emblem,1.0
eiscue,pokemon,1.0
eiscue_(ice),pokemon,1.0
eisen_(sousou_no_frieren),sousou_no_frieren,1.0
eishin_flash_(meisterschaft)_(umamusume),umamusume,0.9989
eishin_flash_(umamusume),umamusume,0.9993
ekans,pokemon,0.9904
ekko_(league_of_legends),league_of_legends,0.9979
ekubo_(mob_psycho_100),mob_psycho_100,1.0
el_(girls_und_panzer),girls_und_panzer,1.0
el_condor_pasa_(el_numero_1)_(umamusume),umamusume,0.9853
el_condor_pasa_(umamusume),umamusume,0.9959
elaina_(majo_no_tabitabi),majo_no_tabitabi,1.0
elaine_(pokemon),pokemon,1.0
elaine_auclair,eiyuu_densetsu,1.0
elan_ceres,gundam_suisei_no_majo,1.0
elbe_(azur_lane),azur_lane,1.0
eldegoss,pokemon,1.0
eldridge_(azur_lane),azur_lane,1.0
electro_emilia,original,1.0
electrode_(pokemon),pokemon,1.0
elegg_(boom_and_shock)_(nikke),goddess_of_victory:_nikke,0.9915
elegg_(nikke),goddess_of_victory:_nikke,0.9949
elena_(street_fighter),street_fighter,0.9976
elesa_(pokemon),pokemon,0.9995
elesis_(elsword),elsword,1.0
elf_(dragon's_crown),dragon's_crown,1.0
elfilin,kirby_(series),1.0
elfriend_(shiranui_flare),hololive,1.0
elfuda_(elf-san_wa_yaserarenai.),elf-san_wa_yaserarenai.,1.0
elhaym_van_houten,xenogears,1.0
elie_macdowell,eiyuu_densetsu,1.0
elin,tera_online,0.9993
elina_(queen's_blade),queen's_blade,1.0
elincia_ridell_crimea,fire_emblem,1.0
elio_(pokemon),pokemon,1.0
elira_pendora,nijisanji_en,0.9996
elira_pendora_(1st_costume),nijisanji_en,1.0
elis_(touhou),touhou_(pc-98),1.0
elise_(fire_emblem),fire_emblem,0.9958
elisia_valfelto,original,1.0
eliwood_(fire_emblem),fire_emblem,1.0
eliza_(skullgirls),skullgirls,1.0
elizabeth_(persona),persona,1.0
elizabeth_bathory_(brave)_(fate),fate_(series),0.9989
elizabeth_bathory_(fate),fate_(series),0.9991
elizabeth_bathory_(fate/extra),fate_(series),1.0
elizabeth_bathory_(second_ascension)_(fate),fate_(series),1.0
elizabeth_liones,nanatsu_no_taizai,1.0
elizabeth_rose_bloodflame,hololive_english,0.9995
elizabeth_rose_bloodflame_(1st_costume),hololive_english,1.0
elize_lutus,tales_of_(series),1.0
elle_mel_marta,tales_of_xillia_2,1.0
ellee-chan,precure,0.9984
ellen_(touhou),touhou_(pc-98),1.0
ellen_baker,new_horizon,1.0
ellen_joe,zenless_zone_zero,1.0
ellen_joe_(on_campus),zenless_zone_zero,0.9984
ellis_xillia,choukou_shinki_ixseal,1.0
elly_(touhou),touhou,0.9987
elma_(maidragon),kobayashi-san_chi_no_maidragon,1.0
elpeo_puru,gundam,0.9968
elphelt_valentine,guilty_gear,0.998
elsa_(frozen),frozen_(disney),1.0
elsa_granhilte,re:zero_kara_hajimeru_isekai_seikatsu,1.0
elster_(signalis),signalis,1.0
elsword_(character),elsword,0.9979
elu_(nijisanji),nijisanji,1.0
elysia_(herrscher_of_human:_ego)_(honkai_impact),honkai_impact_3rd,1.0
elysia_(hi_love_elf)_(honkai_impact),honkai_impact_3rd,1.0
elysia_(honkai_impact),honkai_impact_3rd,1.0
elysia_(miss_pink)_(honkai_impact),honkai_impact_3rd,0.9987
elysia_(miss_pink_elf)_(honkai_impact),honkai_(series),0.9995
elysia_(peachy_spring)_(honkai_impact),honkai_impact_3rd,1.0
elysia_(summer_miss_elf)_(honkai_impact),honkai_(series),1.0
elysia_de_lute_ima,kami_nomi_zo_shiru_sekai,1.0
elysium_(arknights),arknights,0.9949
ema_skye,ace_attorney,1.0
ember_(selen_tatsuki),nijisanji_en,1.0
emboar,pokemon,1.0
emerada_(xenogears),xenogears,1.0
emet-selch,final_fantasy_xiv,1.0
emil_(nier),nier_(series),0.9947
emilia_(re:zero),re:zero_kara_hajimeru_isekai_seikatsu,1.0
emilico_(shadows_house),shadows_house,1.0
emilie_(genshin_impact),genshin_impact,1.0
emily_stewart,idolmaster_million_live!,0.9969
emiya_alter,fate_(series),1.0
emiya_kiritsugu,fate_(series),0.9997
emiya_kiritsugu_(assassin),fate_(series),1.0
emiya_shirou,fate_(series),0.9992
emma_(nikke),goddess_of_victory:_nikke,1.0
emma_(pokemon),pokemon,0.997
emma_(yakusoku_no_neverland),yakusoku_no_neverland,1.0
emma_august,nijisanji,1.0
emma_august_(1st_costume),nijisanji,1.0
emma_frost,marvel,0.998
emma_millstein,eiyuu_densetsu,0.9972
emma_verde,love_live!_nijigasaki_high_school_idol_club,1.0
emmet_(pokemon),pokemon,1.0
emolga,pokemon,1.0
emori_miku,liver_city,0.9938
emperor_(arknights),arknights,1.0
emperor_of_mankind,warhammer_40k,1.0
emperor_penguin_(kemono_friends),kemono_friends,0.9993
employee_(project_moon),project_moon,0.9988
empoleon,pokemon,1.0
en_ciel_rena,kourin_tenshi_en_ciel_rena,1.0
ena_(dream_bbq),ena_(series),1.0
encore_(wuthering_waves),wuthering_waves,1.0
ende_(chihuri),original,1.0
endeavor_(boku_no_hero_academia),boku_no_hero_academia,0.9959
enderman,minecraft,0.9953
endministrator_(arknights),arknights,0.9896
endou_mamoru,inazuma_eleven_(series),1.0
endou_saya,dagashi_kashi,1.0
ene_(kagerou_project),kagerou_project,0.9978
enemy_aircraft_(kancolle),kantai_collection,0.9987
enemy_lifebuoy_(kancolle),kantai_collection,1.0
enemy_naval_mine_(kancolle),kantai_collection,1.0
engineer_(tf2),team_fortress_2,0.996
enjoji_jin,dandadan,1.0
enkidu_(fate),fate_(series),0.9986
enma_ai,jigoku_shoujo,1.0
enmu_(kimetsu_no_yaiba),kimetsu_no_yaiba,1.0
enna_alouette,nijisanji_en,1.0
enna_alouette_(1st_costume),nijisanji_en,1.0
enomoto_noa,saibou_shinkyoku,1.0
enomoto_takane,kagerou_project,1.0
enoshima_junko,danganronpa_(series),0.9987
enraku_tsubakura,len'en,1.0
enrico_pucci,jojo_no_kimyou_na_bouken,1.0
entei,pokemon,1.0
entelechia_(arknights),arknights,1.0
enterprise_(azur_lane),azur_lane,1.0
entoma_vasilissa_zeta,overlord_(maruyama),1.0
eous_(zenless_zone_zero),zenless_zone_zero,0.9979
epel_felmier,twisted_wonderland,1.0
ephraim_(fire_emblem),fire_emblem,1.0
erdos_helia,honkai_impact_3rd,1.0
eremes_guile,ragnarok_online,0.9948
eren_yeager,shingeki_no_kyojin,0.9995
ereshkigal_(fate),fate_(series),0.9998
ereshkigal_(swimsuit_beast)_(fate),fate/grand_order,0.998
eri_(blue_archive),blue_archive,0.9988
eri_(boku_no_hero_academia),boku_no_hero_academia,0.998
eri_(pokemon),pokemon,1.0
eria_(yu-gi-oh!),yu-gi-oh!,0.9967
eria_the_water_charmer,yu-gi-oh!,0.9961
eric_cartman,south_park,0.9935
erica_fontaine,sakura_taisen,1.0
erica_hartmann,world_witches_series,1.0
erika_(blue_archive),blue_archive,1.0
erika_(pokemon),pokemon,0.997
eriko_(princess_connect!),princess_connect!,1.0
erina_makina,phase_connect,1.0
erina_pendleton,jojo_no_kimyou_na_bouken,1.0
erio_mondial,lyrical_nanoha,0.9974
eris_greyrat,mushoku_tensei,0.9986
ermes_costello,jojo_no_kimyou_na_bouken,0.9981
error_musume,kantai_collection,0.9972
eruruu,utawarerumono,1.0
erwin_(girls_und_panzer),girls_und_panzer,1.0
erwin_smith,shingeki_no_kyojin,1.0
erza_scarlet,fairy_tail,1.0
es_(xblaze),blazblue,1.0
escalayer,choukou_(alicesoft),1.0
escha_malier,atelier_(series),0.9968
escoffier_(genshin_impact),genshin_impact,0.9904
esdeath,akame_ga_kill!,0.9962
esidisi,jojo_no_kimyou_na_bouken,1.0
espeon,pokemon,0.9996
espoir_city_(umamusume),umamusume,0.9882
espurr,pokemon,1.0
essex_(azur_lane),azur_lane,0.9984
estelle_bright,eiyuu_densetsu,1.0
estellise_sidos_heurassein,tales_of_(series),1.0
estinien_varlineau,final_fantasy,1.0
eternal_sailor_moon,bishoujo_senshi_sailor_moon,1.0
eternal_sugar_cookie,cookie_run,1.0
eternity_larva,touhou,1.0
ethan_(arknights),arknights,0.9934
ethan_(pokemon),pokemon,0.9991
ethel_(xenoblade),xenoblade_chronicles_3,1.0
etie_(fire_emblem),fire_emblem_engage,1.0
etna_(disgaea),disgaea,0.9986
etorofu_(kancolle),kantai_collection,1.0
etou_kanami,toji_no_miko,1.0
eugeo,sword_art_online,1.0
eula_(genshin_impact),genshin_impact,0.9998
eunectes_(arknights),arknights,0.9991
eunectes_(forgemaster)_(arknights),arknights,1.0
eunhwa_(nikke),goddess_of_victory:_nikke,1.0
eunie_(xenoblade),xenoblade_chronicles_3,1.0
euphemia_li_britannia,code_geass,1.0
euphyllia_magenta,tensei_oujo_to_tensai_reijou_no_mahou_kakumei,0.999
eurasian_eagle_owl_(kemono_friends),kemono_friends,1.0
eureka_(eureka_seven),eureka_seven_(series),1.0
europa_(granblue_fantasy),granblue_fantasy,0.9862
euryale_(fate),fate_(series),0.9991
euryale_(third_ascension)_(fate),fate/grand_order,1.0
eustass_kid,one_piece,0.9982
eva_00,neon_genesis_evangelion,1.0
eva_01,neon_genesis_evangelion,0.9991
eva_02,neon_genesis_evangelion,0.9982
eva_beatrice,umineko_no_naku_koro_ni,1.0
evangeline_a.k._mcdowell,mahou_sensei_negima!,0.9338
eve_(elsword),elsword,1.0
eve_(stellar_blade),stellar_blade,0.9949
eve_santaclaus,idolmaster_cinderella_girls,1.0
evelyn_chevalier,zenless_zone_zero,0.9995
evelynn_(league_of_legends),league_of_legends,0.9991
evernight_(honkai:_star_rail),honkai:_star_rail,0.9987
evey_(honkai:_star_rail),honkai:_star_rail,0.9967
evil_neuro-sama,vedal_ai,0.9981
evil_twin_ki-sikil,yu-gi-oh!,1.0
evil_twin_lil-la,yu-gi-oh!,0.9982
evil_twin_lil-la_(alternate_art),yu-gi-oh!,0.996
ex-keine,touhou,1.0
ex-rumia,touhou,1.0
ex_albio,nijisanji,1.0
excadrill,pokemon,1.0
excellen_browning,super_robot_wars,1.0
executive_mishiro,idolmaster_cinderella_girls,1.0
executor_(arknights),arknights,1.0
executor_the_ex_foedere_(arknights),arknights,1.0
exeggutor,pokemon,1.0
exiled_warrior_leina,queen's_blade,1.0
exs-tia,kouyoku_senki_exs-tia,1.0
exs-tia_(exs-tia_3),kouyoku_senki_exs-tia,1.0
exs-tia_chevalier,kouyoku_senki_exs-tia,1.0
exs-tia_chevalier_(exs-tia_2),kouyoku_senki_exs-tia,1.0
exs-tia_flora,kouyoku_senki_exs-tia,1.0
exs-tia_magica,kouyoku_senki_exs-tia,1.0
exusiai_(arknights),arknights,1.0
exusiai_the_new_covenant_(arknights),arknights,1.0
eyjafjalla_(arknights),arknights,0.9985
eyjafjalla_(summer_flower)_(arknights),arknights,1.0
eyjafjalla_the_hvit_aska_(arknights),arknights,1.0
ezio_auditore_da_firenze,assassin's_creed_(series),1.0
ezo_red_fox_(kemono_friends),kemono_friends,1.0
ezreal,league_of_legends,1.0
fa_yuiry,gundam,1.0
fae_(fire_emblem),fire_emblem,1.0
failure_penguin,kantai_collection,0.9993
fairimon,digimon,1.0
fairy_(kancolle),kantai_collection,0.997
fairy_leviathan_(mega_man),mega_man_(series),0.999
fairy_maid_(touhou),touhou,1.0
fairy_miku_(project_voltage),project_voltage,0.9959
fal_(girls'_frontline),girls'_frontline,1.0
falco_lombardi,star_fox,0.9961
falin_touden,dungeon_meshi,1.0
falin_touden_(chimera),dungeon_meshi,1.0
falin_touden_(tallman),dungeon_meshi,1.0
falinks,pokemon,1.0
falkner_(pokemon),pokemon,1.0
fall_guy,fall_guys,0.9968
fallenshadow,indie_virtual_youtuber,0.9988
falling_devil_(chainsaw_man),chainsaw_man,1.0
falulu,pripara,0.9953
fami_(chainsaw_man),chainsaw_man,1.0
famine_devil_(chainsaw_man),chainsaw_man,1.0
faputa,made_in_abyss,1.0
farah_oersted,tales_of_eternia,1.0
farfetch'd,pokemon,0.9972
faris_scherwiz,final_fantasy_v,1.0
fartooth_(arknights),arknights,1.0
faruzan_(genshin_impact),genshin_impact,1.0
fate_testarossa,lyrical_nanoha,1.0
fate_testarossa_(impulse_form),lyrical_nanoha,0.9976
fate_testarossa_(lightning_form),mahou_shoujo_lyrical_nanoha,1.0
fate_testarossa_(movie_1st_form),lyrical_nanoha,1.0
fate_testarossa_(original_form),lyrical_nanoha,1.0
fate_testarossa_(true_sonic_form),lyrical_nanoha,1.0
faust_(arknights),arknights,1.0
faust_(guilty_gear),guilty_gear,0.996
faust_(project_moon),project_moon,0.9983
faye_valentine,cowboy_bebop,0.9985
feater_(arknights),arknights,0.9981
fediel_(granblue_fantasy),granblue_fantasy,1.0
feena_(grandia),grandia,1.0
feena_fam_earthlight,yoake_mae_yori_ruri_iro_na,1.0
feh_(fire_emblem_heroes),fire_emblem,1.0
fei_rune,inazuma_eleven_go,1.0
feiqizi_(fkey),original,0.9967
feixiao_(honkai:_star_rail),honkai:_star_rail,1.0
feldt_grace,gundam_00,1.0
felicia_(darkstalkers),darkstalkers,1.0
felicia_(fire_emblem),fire_emblem,0.9924
felicia_hardy,marvel,0.9952
felix_argyle,re:zero_kara_hajimeru_isekai_seikatsu,0.9982
felix_hugo_fraldarius,fire_emblem,0.999
felix_hugo_fraldarius_(timeskip),fire_emblem:_three_houses,1.0
felt_(re:zero),re:zero_kara_hajimeru_isekai_seikatsu,1.0
female_admiral_(kancolle),kantai_collection,0.9987
female_alear_(fire_emblem),fire_emblem,0.9995
female_alear_(seaside_dragon)_(fire_emblem),fire_emblem_engage,1.0
female_assassin_(fate/zero),fate_(series),0.9987
female_builder_(dqb2),dragon_quest,1.0
female_byleth_(awakened)_(fire_emblem),fire_emblem,1.0
female_byleth_(fire_emblem),fire_emblem,1.0
female_byleth_(summer)_(fire_emblem),fire_emblem,1.0
female_chief_(path_to_nowhere),path_to_nowhere,1.0
female_commander_(girls'_frontline),girls'_frontline,1.0
female_corrin_(fire_emblem),fire_emblem,0.9963
female_corrin_(nohr_noble)_(fire_emblem),fire_emblem,1.0
female_corrin_(novice_vacationer)_(fire_emblem),fire_emblem,1.0
female_doctor_(arknights),arknights,1.0
female_endministrator_(arknights),arknights,0.9887
female_fighter_(dungeon_and_fighter),dungeon_and_fighter,1.0
female_gunner_(dungeon_and_fighter),dungeon_and_fighter,0.965
female_kana_(fire_emblem),fire_emblem,1.0
female_mage_(dungeon_and_fighter),dungeon_and_fighter,0.9973
female_morgan_(fire_emblem),fire_emblem,1.0
female_protagonist_(pokemon_go),pokemon,1.0
female_robin_(fire_emblem),fire_emblem,0.9996
female_robin_(grima)_(fire_emblem),fire_emblem,1.0
female_robin_(seaside_tactician)_(fire_emblem),fire_emblem,1.0
female_rover_(wuthering_waves),wuthering_waves,0.9971
female_saniwa_(touken_ranbu),touken_ranbu,1.0
female_sensei_(blue_archive),blue_archive,0.9986
female_shez_(fire_emblem),fire_emblem_warriors:_three_hopes,0.996
female_trainer_(umamusume),umamusume,0.9984
female_tyrant_(stella_sora),stella_sora,1.0
fengxi_(the_legend_of_luo_xiaohei),the_legend_of_luo_xiaohei,1.0
fennec_(kemono_friends),kemono_friends,1.0
fennekin,pokemon,0.9992
fenomeno_(umamusume),umamusume,1.0
fenrir_(final_fantasy),final_fantasy,0.9967
feraligatr,pokemon,1.0
ferdinand_(honzuki_no_gekokujou),honzuki_no_gekokujou,1.0
ferdinand_von_aegir,fire_emblem,1.0
fergus_mac_roich_(fate),fate_(series),1.0
fern_(sousou_no_frieren),sousou_no_frieren,0.9967
ferry_(granblue_fantasy),granblue_fantasy,1.0
fi_(zelda),the_legend_of_zelda,1.0
fiammetta_(arknights),arknights,1.0
fidough,pokemon,1.0
fie_claussell,eiyuu_densetsu,1.0
fierce_deity,the_legend_of_zelda:_majora's_mask,1.0
fighter_(7th_dragon),7th_dragon,0.9975
fighter_(granblue_fantasy),granblue_fantasy,0.9978
fighting_master_alleyne,queen's_blade,1.0
fighting_miku_(project_voltage),project_voltage,1.0
filia_(skullgirls),skullgirls,1.0
filian_(vtuber),indie_virtual_youtuber,0.9961
filo_(tate_no_yuusha_no_nariagari),tate_no_yuusha_no_nariagari,1.0
fin_e_ld_si_laffinty,rinne_no_lagrange,1.0
final_form_frieza,dragon_ball,1.0
finana_ryugu,nijisanji_en,1.0
finana_ryugu_(1st_costume),nijisanji_en,1.0
fine_(futagohime),fushigiboshi_no_futago_hime,0.9979
fine_motion_(noble_seamair)_(umamusume),umamusume,1.0
fine_motion_(umamusume),umamusume,1.0
finn_the_human,adventure_time,0.9977
finneon,pokemon,1.0
fio_germi,metal_slug,1.0
fiona_frost,spy_x_family,1.0
fiora_(league_of_legends),league_of_legends,1.0
fiora_(xenoblade),xenoblade_chronicles_(series),1.0
fire_keeper,dark_souls_(series),1.0
firefly_(ar-26710)_(honkai:_star_rail),honkai:_star_rail,1.0
firefly_(honkai:_star_rail),honkai:_star_rail,0.9991
firefly_(spring_missive)_(honkai:_star_rail),honkai:_star_rail,1.0
firelight_ekko,league_of_legends,1.0
firion,final_fantasy,1.0
firis_mistlud,atelier_(series),1.0
fischl_(ein_immernachtstraum)_(genshin_impact),genshin_impact,1.0
fischl_(genshin_impact),genshin_impact,0.9998
five-seven_(girls'_frontline),girls'_frontline,1.0
fjorm_(fire_emblem),fire_emblem,1.0
flaaffy,pokemon,0.9967
flame_reaver_of_the_deepest_dark,honkai:_star_rail,1.0
flamebringer_(arknights),arknights,1.0
flametail_(arknights),arknights,1.0
flandre_scarlet,touhou,1.0
flannery_(pokemon),pokemon,0.9984
flareon,pokemon,1.0
flayn_(fire_emblem),fire_emblem,1.0
fleki,dungeon_meshi,1.0
fletcher_(kancolle),kantai_collection,1.0
fletcher_mk_ii_(kancolle),kantai_collection,1.0
fletchling,pokemon,0.998
fleurdelys_(wuthering_waves),wuthering_waves,0.9992
flins_(genshin_impact),genshin_impact,0.9987
flint_(girls_und_panzer),girls_und_panzer,1.0
flint_(pokemon),pokemon,1.0
floating_fortress_(kancolle),kantai_collection,1.0
floette,pokemon,0.998
flonne,disgaea,0.9976
flonne_(fallen_angel),disgaea,0.9954
flora_(dq5),dragon_quest,1.0
flora_(fire_emblem),fire_emblem,1.0
floragato,pokemon,0.9979
florence_nightingale_(berserker)_(fate),fate_(series),1.0
florence_nightingale_(fate),fate_(series),0.9992
florence_nightingale_(trick_or_treatment)_(fate),fate_(series),0.9976
florian_(pokemon),pokemon,0.9993
florina_(fire_emblem),fire_emblem,1.0
flower_(vocaloid),vocaloid,1.0
flower_(vocaloid4),vocaloid,1.0
flowey_(undertale),utdr_(toby_fox),0.9966
floyd_leech,twisted_wonderland,0.9993
floyd_leech_(eel),twisted_wonderland,1.0
fluorite_(arknights),arknights:_endfield,0.9903
flutter_mane,pokemon,1.0
flutterpage,reverse:1999,1.0
fluttershy,my_little_pony,0.9986
flygon,pokemon,0.9977
flynn_scifo,tales_of_vesperia,1.0
fnc_(girls'_frontline),girls'_frontline,1.0
focalors_(genshin_impact),genshin_impact,1.0
fogado_(fire_emblem),fire_emblem_engage,1.0
folinic_(arknights),arknights,1.0
foo_fighters_(jojo),jojo_no_kimyou_na_bouken,1.0
foongus,pokemon,1.0
forest_bunny_(omori),omori,0.9971
formaggio,vento_aureo,1.0
formidable_(azur_lane),azur_lane,0.9996
formidable_(the_lady_of_the_beach)_(azur_lane),azur_lane,1.0
forte_stollen,galaxy_angel,1.0
fou_(fate),fate_(series),0.9996
fox_mask_(silent_hill),silent_hill_f,1.0
fox_mccloud,star_fox,0.9962
framme_(fire_emblem),fire_emblem_engage,1.0
fran_(ff12),final_fantasy_xii,0.9963
france_(hetalia),axis_powers_hetalia,1.0
francesca_lucchini,strike_witches,1.0
francesca_prelati_(fate),fate/strange_fake,0.9885
francis_drake_(fate),fate_(series),1.0
francoise_(eurasia),original,1.0
francoise_arnoul,cyborg_009,0.9937
franka_(arknights),arknights,0.9967
frankenstein's_monster_(fate),fate_(series),1.0
frankenstein's_monster_(fate/apocrypha),fate_(series),1.0
frankenstein's_monster_(swimsuit_saber)_(fate),fate_(series),1.0
frankenstein's_monster_(swimsuit_saber)_(first_ascension)_(fate),fate_(series),1.0
frankie_foster,foster's_home_for_imaginary_friends,0.9979
franky_(one_piece),one_piece,1.0
franziska_von_karma,ace_attorney,0.9987
freddy_fazbear,five_nights_at_freddy's,1.0
frederica_bernkastel,umineko_no_naku_koro_ni,0.9925
freminet_(genshin_impact),genshin_impact,0.9991
frenda_seivelun,toaru_majutsu_no_index,1.0
freya_crescent,final_fantasy,1.0
freyja_(fire_emblem),fire_emblem_heroes,1.0
freyja_wion,macross,1.0
friedrich_der_grosse_(azur_lane),azur_lane,1.0
friend_(nanashi_mumei),hololive,1.0
frieren,sousou_no_frieren,0.9986
frieza,dragon_ball,1.0
frillish,pokemon,1.0
frisk_(undertale),utdr_(toby_fox),0.9993
froakie,pokemon,0.9986
frog_(chrono_trigger),chrono_trigger,1.0
froggy_nun_(diva),little_nuns_(diva),1.0
froslass,pokemon,1.0
frosmoth,pokemon,0.9965
frostleaf_(arknights),arknights,1.0
frostnova_(arknights),arknights,0.9991
frye_(deep_cut_outfit)_(splatoon),splatoon_(series),1.0
frye_(splatoon),splatoon_(series),1.0
fu_hua,honkai_(series),1.0
fu_hua_(azure_empyrea),honkai_impact_3rd,1.0
fu_hua_(fenghuang_of_vicissitude),honkai_impact_3rd,1.0
fu_hua_(night_squire),honkai_impact_3rd,1.0
fu_hua_(phoenix),honkai_(series),1.0
fu_hua_(taixuan_impression),honkai_impact_3rd,1.0
fu_hua_(valkyrie_accipiter),honkai_impact_3rd,1.0
fu_shun_(touqi_guaitan),touqi_guaitan,1.0
fu_xuan_(honkai:_star_rail),honkai:_star_rail,0.9992
fubuki_(blue_archive),blue_archive,0.9984
fubuki_(kancolle),kantai_collection,0.9999
fubuki_(one-punch_man),one-punch_man,1.0
fubuki_(spring)_(kancolle),kantai_collection,1.0
fubuki_(swimsuit)_(blue_archive),blue_archive,0.9989
fubuki_kai_ni_(kancolle),kantai_collection,1.0
fubuki_shirou,inazuma_eleven_(series),1.0
fubukihime,youkai_watch,1.0
fubuzilla_(shirakami_fubuki),hololive,1.0
fudo_yusei,yu-gi-oh!,1.0
fudou_akio,inazuma_eleven_(series),1.0
fuecoco,pokemon,1.0
fugue_(honkai:_star_rail),honkai:_star_rail,1.0
fuiba_fuyu,gochuumon_wa_usagi_desu_ka?,0.9969
fuji_(amekimi),ame_to_kimi_to,1.0
fuji_kiseki_(shooting_star_revue)_(umamusume),umamusume,0.9987
fuji_kiseki_(umamusume),umamusume,0.9994
fujibayashi_kyou,clannad,1.0
fujibayashi_ryou,clannad,1.0
fujibayashi_sheena,tales_of_symphonia,1.0
fujii_ayame,futsuu_no_keion-bu,1.0
fujiki_yusaku,yu-gi-oh!,1.0
fujimaru_ritsuka_(female),fate_(series),0.9992
fujimaru_ritsuka_(female)_(brilliant_summer),fate/grand_order,1.0
fujimaru_ritsuka_(female)_(decisive_battle_chaldea_uniform),fate_(series),1.0
fujimaru_ritsuka_(female)_(polar_chaldea_uniform),fate/grand_order,1.0
fujimaru_ritsuka_(male),fate_(series),0.9993
fujimaru_ritsuka_(male)_(decisive_battle_chaldea_uniform),fate/grand_order,0.9986
fujimaru_ritsuka_(male)_(polar_chaldea_uniform),fate_(series),1.0
fujimaru_ritsuka_(male)_(summer_street),fate/grand_order,1.0
fujimasa_march_(umamusume),umamusume,1.0
fujimoto_rina,idolmaster_cinderella_girls,1.0
fujimura_taiga,fate_(series),1.0
fujinami_(kancolle),kantai_collection,1.0
fujino_shizuru,my-hime,0.9919
fujioka_haruhi,ouran_high_school_host_club,0.997
fujisaki_chihiro,danganronpa_(series),0.9987
fujishima_megumi,link!_like!_love_live!,0.9994
fujishima_megumi_(winter_loungewear),link!_like!_love_live!,1.0
fujita_kotone,gakuen_idolmaster,1.0
fujiwara_chika,kaguya-sama_wa_kokurasetai_~tensai-tachi_no_renai_zunousen~,1.0
fujiwara_hajime,idolmaster_cinderella_girls,1.0
fujiwara_no_iyozane,len'en,1.0
fujiwara_no_mokou,touhou,0.9995
fujiwara_no_mokou_(young),touhou,0.9971
fujiyoshi_harumi,sayonara_zetsubou_sensei,1.0
fukada_ichika,original,1.0
fukae_(kancolle),kantai_collection,1.0
fukase,vocaloid,1.0
fukawa_toko,danganronpa_(series),1.0
fukiyose_seiri,toaru_majutsu_no_index,1.0
fukube_satoshi,hyouka,1.0
fukuda_haru,girls_und_panzer,1.0
fukuda_noriko,idolmaster_million_live!,1.0
fukuji_mihoko,saki_(manga),1.0
fukumaru_koito,idolmaster_shiny_colors,1.0
fukurai_azami,toshi_densetsu_kaitai_center,1.0
fukuyama_mai,idolmaster_cinderella_girls,1.0
fukuzawa_yumi,maria-sama_ga_miteru,1.0
fulgur_ovid,nijisanji,1.0
fumino_tamaki,nijisanji,0.9921
fumizuki_(azur_lane),azur_lane,1.0
fumizuki_(kancolle),kantai_collection,1.0
funada_kiito,assault_lily,0.996
funada_ui,assault_lily,1.0
funami_yui,yuruyuri,1.0
fungi_(genshin_impact),genshin_impact,0.9984
funny_valentine,jojo_no_kimyou_na_bouken,1.0
fura_kanato,nijisanji,1.0
furen_e_lustario,nijisanji,1.0
furen_e_lustario_(1st_costume),nijisanji,1.0
furfrou,pokemon,1.0
furina_(genshin_impact),genshin_impact,0.9996
furret,pokemon,0.9992
furude_rika,higurashi_no_naku_koro_ni,0.9993
furudo_erika,umineko_no_naku_koro_ni,1.0
furukawa_nagisa,clannad,0.9982
furutaka_(kancolle),kantai_collection,1.0
furutaka_kai_ni_(kancolle),kantai_collection,1.0
furutani_himawari,yuruyuri,1.0
fushi_(cho_kaguya-hime!),cho_kaguya-hime!,0.99
fushiguro_megumi,jujutsu_kaisen,0.9994
fushiguro_touji,jujutsu_kaisen,0.9983
fushimi_gaku,nijisanji,1.0
fushimi_yuzuru,ensemble_stars!,1.0
fusou_(azur_lane),azur_lane,1.0
fusou_(kancolle),kantai_collection,1.0
fusou_kai_ni_(kancolle),kantai_collection,1.0
futaba_anzu,idolmaster,0.9995
futaba_aoi_(vividred_operation),vividred_operation,1.0
futaba_rio,seishun_buta_yarou,1.0
futaba_sana,mahou_shoujo_madoka_magica,1.0
futagawa_fumi,assault_lily,1.0
futaki_kanata,little_busters!,1.0
futami_ami,idolmaster,0.9996
futami_eriko,kimi_kiss,0.994
futami_mami,idolmaster,1.0
futatsuiwa_mamizou,touhou,1.0
futatsuiwa_mamizou_(human),touhou,1.0
fuuka_(blue_archive),blue_archive,0.9993
fuuma_kotarou_(fate),fate/grand_order,1.0
fuura_kafuka,sayonara_zetsubou_sensei,1.0
fuwa_kokone,precure,0.9984
fuwa_minato,nijisanji,1.0
fuwawa_abyssgard,hololive,0.9949
fuwawa_abyssgard_(1st_costume),hololive,0.9981
fuwawa_abyssgard_(casual),hololive_english,0.9921
fuyou_kaede,shuffle!,1.0
fuyukawa_kagari,hakanai_kimi_wa_moukou_wo_hajimeru,1.0
fuyutsuki_(kancolle),kantai_collection,1.0
g'raha_tia,final_fantasy_xiv,0.9992
g-spring_goddess_(ishiyumi),original,1.0
g11_(girls'_frontline),girls'_frontline,1.0
g36_(girls'_frontline),girls'_frontline,0.9991
g36c_(girls'_frontline),girls'_frontline,1.0
g41_(girls'_frontline),girls'_frontline,0.996
gaap_(umineko),umineko_no_naku_koro_ni,1.0
gaara_(naruto),naruto_(series),0.9971
gabriel_tenma_white,gabriel_dropout,1.0
gabumon,digimon,0.9975
gadabout_(dq3),dragon_quest,1.0
gagaga_girl,yu-gi-oh!,1.0
gaia_(ff14),final_fantasy_xiv,1.0
gajeel_redfox,fairy_tail,0.9959
galaktika,sekai_seifuku:_bouryaku_no_zvezda,1.0
galarian_ponyta,pokemon,0.9979
galarian_rapidash,pokemon,0.9964
galarian_zigzagoon,pokemon,1.0
galbrena_(wuthering_waves),wuthering_waves,0.9978
galko,oshiete!_galko-chan,0.9986
gallade,pokemon,1.0
gallagher_(honkai:_star_rail),honkai:_star_rail,0.9929
galleon_(granblue_fantasy),granblue_fantasy,0.9989
gallica_(metaphor:_refantazio),metaphor:_refantazio,1.0
galo_thymos,promare,1.0
gamagoori_ira,kill_la_kill,1.0
gambier_bay_(kancolle),kantai_collection,1.0
gaming_(genshin_impact),genshin_impact,1.0
ganaha_hibiki,idolmaster,1.0
gangut_(kancolle),kantai_collection,1.0
gangut_dva_(kancolle),kantai_collection,1.0
ganondorf,the_legend_of_zelda,1.0
ganyu_(genshin_impact),genshin_impact,0.9999
ganyu_(twilight_blossom)_(genshin_impact),genshin_impact,1.0
garchomp,pokemon,0.9983
gardenia_(pokemon),pokemon,1.0
gardevoir,pokemon,1.0
gardevoir_(fashionable),pokemon,1.0
garen_(league_of_legends),league_of_legends,1.0
gareth_(fate),fate_(series),0.9985
garie_tuman,senki_zesshou_symphogear,1.0
garma_zabi,gundam,1.0
garnet_til_alexandros_xvii,final_fantasy,1.0
garry_(ib),ib_(kouri),1.0
gary_oak,pokemon,1.0
gasai_yuno,mirai_nikki,0.9948
gascogne_(azur_lane),azur_lane,1.0
gastly,pokemon,0.9983
gastrodon,pokemon,1.0
gavial_(arknights),arknights,0.9968
gavial_the_invincible_(arknights),arknights,1.0
gavis_bettel,holostars,1.0
gavis_bettel_(1st_costume),holostars_english,1.0
gawain_(fate),fate_(series),1.0
gawain_(third_ascension)_(fate),fate_(series),1.0
gawr_gura,hololive_english,0.9999
gawr_gura_(1st_costume),hololive_english,0.9999
gawr_gura_(casual),hololive_english,1.0
gawr_gura_(party_dress),hololive_english,1.0
gawr_gura_(school_uniform),hololive_english,1.0
gazer_(monster_girl_encyclopedia),monster_girl_encyclopedia,1.0
gebura_(project_moon),project_moon,1.0
gecqua,pokemon,0.9818
geeta_(pokemon),pokemon,1.0
gekota,toaru_majutsu_no_index,0.9968
gema,di_gi_charat,0.9968
gemma_(monster_hunter_wilds),monster_hunter_(series),1.0
gene_(pso2),phantasy_star,1.0
general_student_council_president_(blue_archive),blue_archive,1.0
genesis_rhapsodos,final_fantasy_vii,1.0
genetic_(ragnarok_online),ragnarok_online,1.0
gengar,pokemon,0.9984
gengetsu_(touhou),touhou_(pc-98),1.0
genji_(overwatch),overwatch,0.9987
genjii_(touhou),touhou,1.0
genocider_sho,danganronpa_(series),1.0
genos,one-punch_man,1.0
gentildonna_(regina_dei_fiori)_(umamusume),umamusume,1.0
gentildonna_(umamusume),umamusume,0.9994
gentilhomme_usher,genshin_impact,1.0
gentoo_penguin_(kemono_friends),kemono_friends,1.0
geo_stelar_(mega_man),mega_man_star_force_(series),1.0
geodude,pokemon,0.9965
geoffroy's_cat_(kemono_friends),kemono_friends,1.0
gepard_landau,honkai:_star_rail,1.0
geralt_of_rivia,the_witcher_(series),0.996
germany_(hetalia),axis_powers_hetalia,1.0
gertrud_barkhorn,strike_witches,1.0
getou_suguru,jujutsu_kaisen,1.0
getou_suguru_(kenjaku),jujutsu_kaisen,0.9937
ghetsis_(pokemon),pokemon,1.0
ghiaccio,jojo_no_kimyou_na_bouken,1.0
ghislaine_dedoldia,mushoku_tensei,0.9966
ghost_(modern_warfare_2),call_of_duty,0.9992
ghost_miku_(project_voltage),project_voltage,1.0
giacomo_(pokemon),pokemon_sv,1.0
gible,pokemon,0.9982
gigi_andalusia,gundam_hathaway's_flash,0.9953
gigi_murin,hololive_english,0.9965
gigi_murin_(1st_costume),hololive_english,1.0
gii,blazblue,0.994
gilberta_(arknights),arknights,0.9799
gilgamesh_(caster)_(fate),fate_(series),1.0
gilgamesh_(casual_wear)_(fate/zero),fate_(series),1.0
gilgamesh_(fate),fate_(series),0.9997
gilgamesh_(immoral_biker_jacket)_(fate),fate_(series),1.0
gilles_de_rais_(caster)_(fate),fate_(series),1.0
gilles_de_rais_(fate),fate_(series),1.0
gine,dragon_ball,1.0
ginga_nakajima,lyrical_nanoha,1.0
ginko_(mushishi),mushishi,1.0
giorno_giovanna,jojo_no_kimyou_na_bouken,1.0
giovanna_(guilty_gear),guilty_gear,0.9978
giovanni_(pokemon),pokemon,0.9981
giratina,pokemon,1.0
giratina_(altered),pokemon,1.0
giratina_(origin),pokemon,1.0
girl_holding_a_cat_(kancolle),kantai_collection,1.0
girlfriend_(friday_night_funkin'),friday_night_funkin',0.9904
giuseppe_garibaldi_(kancolle),kantai_collection,1.0
glaceon,pokemon,0.999
gladiia_(arknights),arknights,0.999
gladiolus_amicitia,final_fantasy,0.9892
gladion_(pokemon),pokemon,1.0
glalie,pokemon,0.9969
glameow,pokemon,1.0
glasses_nun_(diva),little_nuns_(diva),1.0
glaucus_(arknights),arknights,1.0
glimmer_(xenoblade),xenoblade_chronicles_3,1.0
gloom_(irys),hololive_english,1.0
gloria_(pokemon),pokemon,0.9989
gm_(mobile_suit),gundam,0.9944
goblin_slayer,goblin_slayer!,1.0
godsworn_alexiel,granblue_fantasy,0.9973
godzilla,godzilla_(series),0.991
godzilla_(monsterverse),godzilla_(series),1.0
godzilla_(shin),godzilla_(series),1.0
gogeta,dragon_ball,1.0
goh_(pokemon),pokemon_(anime),1.0
gohan_beast,dragon_ball,1.0
gojou_satoru,jujutsu_kaisen,1.0
gojou_wakana,sono_bisque_doll_wa_koi_wo_suru,1.0
gokotai,touken_ranbu,0.9987
gokotai's_tigers,touken_ranbu,1.0
gokou_ruri,ore_no_imouto_ga_konna_ni_kawaii_wake_ga_nai,1.0
goku_black,dragon_ball,1.0
gokuhara_gonta,danganronpa_(series),1.0
gol_d._roger,one_piece,1.0
golbat,pokemon,0.997
gold_city_(authentic/1928)_(umamusume),umamusume,1.0
gold_city_(umamusume),umamusume,0.9986
gold_experience,jojo_no_kimyou_na_bouken,0.9972
gold_ship_(racehorse),umamusume,0.8852
gold_ship_(red_strife)_(umamusume),umamusume,1.0
gold_ship_(run_revolt_launcher)_(umamusume),umamusume,1.0
gold_ship_(umamusume),umamusume,1.0
goldeen,pokemon,1.0
golden_delmo,agent_aika,1.0
golden_snub-nosed_monkey_(kemono_friends),kemono_friends,0.9987
goldenglow_(arknights),arknights,1.0
goldmary_(fire_emblem),fire_emblem,0.9986
goliath_doll,touhou,1.0
golisopod,pokemon,1.0
gomamon,digimon,1.0
gon_freecss,hunter_x_hunter,1.0
goodra,pokemon,0.9984
gooey_(kirby),kirby_(series),1.0
goofy,mickey_mouse_&_friends,1.0
goomba,mario_(series),0.9965
goomy,pokemon,0.9972
gordie_(pokemon),pokemon,1.0
goredolf_musik,fate_(series),1.0
gorgon_(fate),fate_(series),1.0
gorou_(genshin_impact),genshin_impact,1.0
goshiki_agiri,kill_me_baby,1.0
gotland_(2020_race_queen)_(kancolle),kantai_collection,1.0
gotland_(kancolle),kantai_collection,1.0
gotoh_futari,bocchi_the_rock!,1.0
gotoh_hitori,bocchi_the_rock!,1.0
gotoh_hitori_(octopus),bocchi_the_rock!,1.0
gotoh_hitori_(tsuchinoko),bocchi_the_rock!,0.9986
gotou_moyoko,girls_und_panzer,1.0
gotou_toushirou,touken_ranbu,1.0
gouenji_shuuya,inazuma_eleven_(series),1.0
gourgeist,pokemon,0.9969
goutokuji_mike,touhou,1.0
goutokuji_miyako,powerpuff_girls_z,1.0
gquuuuuux,gundam_gquuuuuux,0.9979
grace_ashcroft,resident_evil,0.9805
grace_howard,zenless_zone_zero,0.9979
graf_eisen,lyrical_nanoha,1.0
graf_zeppelin_(azur_lane),azur_lane,1.0
graf_zeppelin_(kancolle),kantai_collection,0.9993
gramophone_miku,vocaloid,1.0
gran_(granblue_fantasy),granblue_fantasy,0.9989
gran_alegria_(umamusume),umamusume,1.0
grani_(arknights),arknights,0.9982
grass_wonder_(stone-piercing_blue)_(umamusume),umamusume,0.9986
grass_wonder_(umamusume),umamusume,0.9993
grave_(nikke),goddess_of_victory:_nikke,1.0
gravel_(arknights),arknights,0.9988
graves_(league_of_legends),league_of_legends,1.0
gray_(fate),fate_(series),0.9977
gray_fullbuster,fairy_tail,0.9968
grayfia_lucifuge,high_school_dxd,1.0
grea_(shingeki_no_bahamut),shingeki_no_bahamut,0.9227
grecale_(kancolle),kantai_collection,1.0
green_(pokemon),pokemon,1.0
green_heart_(neptunia),neptune_(series),0.9977
gregor_(project_moon),project_moon,0.9975
grem_(gigi_murin),hololive,1.0
greninja,pokemon,1.0
gretel_(sinoalice),sinoalice,1.0
grey_wolf_(kemono_friends),kemono_friends,1.0
gridman_(character),gridman_universe,0.9373
griffith_(berserk),berserk,0.9987
grim_(azur_lane),azur_lane,1.0
grim_(twisted_wonderland),twisted_wonderland,1.0
grim_aloe,quiz_magic_academy,0.9899
grimmjow_jaegerjaquez,bleach,1.0
grimsley_(pokemon),pokemon,1.0
gris_(go!_go!_gris!),go!_go!_gris!,1.0
griselle_(pokemon),pokemon_legends:_z-a,1.0
griseo,honkai_impact_3rd,0.9963
griseo_(cosmic_expression),honkai_impact_3rd,0.9896
griseo_(starry_impression),honkai_impact_3rd,1.0
grisham_(pokemon),pokemon_legends:_z-a,1.0
grizzly_mkv_(girls'_frontline),girls'_frontline,1.0
grookey,pokemon,0.9959
groudon,pokemon,1.0
grovyle,pokemon,1.0
growlithe,pokemon,0.9984
groza_(girls'_frontline_2),girls'_frontline_2:_exilium,0.9977
grusha_(pokemon),pokemon,1.0
guam_(azur_lane),azur_lane,1.0
guel_jeturk,gundam_suisei_no_majo,1.0
guido_mista,vento_aureo,1.0
guile,street_fighter,1.0
guillotine_cross_(ragnarok_online),ragnarok_online,1.0
guilmon,digimon,1.0
guinaifen_(honkai:_star_rail),honkai:_star_rail,1.0
guizhong_(genshin_impact),genshin_impact,1.0
gulpin,pokemon,1.0
gumi,vocaloid,0.9993
gumi_(v3_megpoid),vocaloid,1.0
gummy_(arknights),arknights,0.9985
gundam_aerial,gundam,1.0
gundam_barbatos,gundam,1.0
gundam_exia,gundam,0.9965
gundam_mk_ii,gundam,1.0
gundou_mirei,nijisanji,1.0
gundula_rall,world_witches_series,1.0
gunner_(sekaiju),sekaiju_no_meikyuu,1.0
gunner_2_(sekaiju),sekaiju_no_meikyuu,1.0
guoba_(genshin_impact),genshin_impact,1.0
gurren-lagann,tengen_toppa_gurren_lagann,0.9969
guts_(berserk),berserk,0.9993
guts_(kill_la_kill),kill_la_kill,1.0
guy_cecil,tales_of_(series),1.0
guzma_(pokemon),pokemon,0.9991
gwen_(league_of_legends),league_of_legends,0.9993
gwen_stacy,marvel,0.9986
gwen_tennyson,ben_10,1.0
gwendolyn_(odin_sphere),odin_sphere,0.9983
gwynn_(pokemon),pokemon,0.9973
gyarados,pokemon,0.9976
gypsy_(ragnarok_online),ragnarok_online,1.0
gyro_zeppeli,steel_ball_run,1.0
ha-class_destroyer,kantai_collection,1.0
haaton_(akai_haato),hololive,0.9979
habetrot_(fate),fate/grand_order,1.0
hachijou_(kancolle),kantai_collection,1.0
hachikuji_mayoi,monogatari_(series),1.0
hachimiya_meguru,idolmaster_shiny_colors,1.0
hachiouji_naoto,ijiranaide_nagatoro-san,1.0
hachisuka_kotetsu,touken_ranbu,1.0
hachiware_(chiikawa),chiikawa,0.9959
hachune_miku,vocaloid,0.9984
hacka_doll_3,hacka_doll,0.9987
hado_nejire,boku_no_hero_academia,1.0
hagakure_toru,boku_no_hero_academia,0.9992
hagakure_yasuhiro,danganronpa_(series),1.0
hagikaze_(kancolle),kantai_collection,1.0
hagiwara_yukiho,idolmaster_(classic),1.0
hagoromo_lala,star_twinkle_precure,0.998
haguro_(kancolle),kantai_collection,1.0
haguro_kai_ni_(kancolle),kantai_collection,1.0
haibara_ai,meitantei_conan,1.0
hakamada_hinata,rou-kyuu-bu!,1.0
hakamichi_shizune,katawa_shoujo,1.0
hakase_fuyuki,nijisanji,1.0
hakase_fuyuki_(1st_costume),nijisanji,1.0
hakata_toushirou,touken_ranbu,1.0
hakaze_kaoru,ensemble_stars!,0.9972
hakos_baelz,hololive_english,0.9995
hakos_baelz_(1st_costume),hololive_english,1.0
hakozaki_serika,idolmaster,1.0
haku_(p&d),puzzle_&_dragons,1.0
haku_(sen_to_chihiro_no_kamikakushi),sen_to_chihiro_no_kamikakushi,0.9954
hakuhou_(azur_lane),azur_lane,1.0
hakui_koyori,hololive,0.9983
hakui_koyori_(1st_costume),hololive,0.999
hakui_koyori_(summer),hololive,1.0
hakumen,blazblue,1.0
hakurei_reimu_(pc-98),touhou,1.0
hakuryuu_(azur_lane),azur_lane,1.0
hakuryuu_(inazuma_eleven),inazuma_eleven_(series),1.0
halsin,dungeons_&_dragons,1.0
hamaguchi_ayame,idolmaster_cinderella_girls,1.0
hamakaze_(kancolle),kantai_collection,0.9999
hamakaze_(yukata)_(kancolle),kantai_collection,1.0
haman_karn,gundam,0.9949
hamanami_(kancolle),kantai_collection,0.9973
hammann_(azur_lane),azur_lane,1.0
hamuzou,idolmaster,1.0
han_juri,street_fighter,1.0
han_sooyoung,omniscient_reader's_viewpoint,1.0
hana_(fire_emblem),fire_emblem,1.0
hana_(pangya),pangya,1.0
hanabatake_chaika,nijisanji,1.0
hanabusa_lisa,vspo!,1.0
hanadera_nodoka,precure,0.9975
hanae_(blue_archive),blue_archive,0.9976
hanako_(blue_archive),blue_archive,0.9993
hanako_(jibaku_shounen_hanako-kun),jibaku_shounen_hanako-kun,1.0
hanako_(swimsuit)_(blue_archive),blue_archive,1.0
hanako_nana,stellive,0.998
hanakuma_chifuyu,cevio,0.8808
hanami_kotoha,mahou_girls_precure!,0.9977
hanami_saki,gakuen_idolmaster,0.9981
hanami_ume,gakuen_idolmaster,1.0
hanamichi_ran,precure,1.0
hanamura_teruteru,danganronpa_(series),0.997
hanamura_yousuke,persona_4,0.9988
hanasaki_miyabi,holostars,1.0
hanasaki_tsubomi,heartcatch_precure!,1.0
hanasato_minori,project_sekai,0.9993
hanayagi_kaoruko,shoujo_kageki_revue_starlight,0.9969
hanazawa_teruki,mob_psycho_100,1.0
hanazono_hakari,kimi_no_koto_ga_dai_dai_dai_dai_daisuki_na_100-nin_no_kanojo,1.0
hanazono_tae,bang_dream!,0.9982
hanazono_yurine,jashin-chan_dropkick,1.0
handa_roco,idolmaster_million_live!,1.0
hanekawa_tsubasa,monogatari_(series),0.9993
haneyama_kazuho,boku_no_hero_academia,0.9962
hange_zoe,shingeki_no_kyojin,0.999
haniyasushin_keiki,touhou,1.0
hanna-justina_marseille,world_witches_series,1.0
hans_christian_andersen_(fate),fate_(series),1.0
hanyuu,higurashi_no_naku_koro_ni,0.9995
hanzo_(overwatch),overwatch,0.9983
hapi_(fire_emblem),fire_emblem:_three_houses,1.0
happy_meek_(umamusume),umamusume,0.9944
harada_minoru,saibou_shinkyoku,1.0
harada_mutei,saibou_shinkyoku,1.0
harada_sanosuke_(fate),fate/grand_order,0.997
haramura_nodoka,saki_(manga),1.0
hare_(blue_archive),blue_archive,1.0
hare_(camp)_(blue_archive),blue_archive,1.0
harime_nui,kill_la_kill,1.0
harley_quinn,dc_comics,0.9991
harmonie_(arknights),arknights,0.9982
harmony's_clownfish_(splatoon),splatoon_(series),0.997
harmony_(pokemon),pokemon,1.0
harmony_(splatoon),splatoon_(series),0.9953
haro,gundam,0.9958
harry_du_bois,disco_elysium,1.0
harry_potter,harry_potter_(series),0.9973
haru_urara_(bestest_prize)_(umamusume),umamusume,0.9972
haru_urara_(umamusume),umamusume,0.9997
haruhara_haruko,flcl,1.0
haruka_(blue_archive),blue_archive,1.0
haruka_(new_year)_(blue_archive),blue_archive,1.0
haruka_(senran_kagura),senran_kagura,1.0
harukara_(7th_dragon),7th_dragon,0.9974
harukawa_maki,danganronpa_(series),0.9997
harukaze_(kancolle),kantai_collection,1.0
harukaze_doremi,ojamajo_doremi,1.0
haruna_(2016_swimsuit)_(kancolle),kantai_collection,1.0
haruna_(blue_archive),blue_archive,0.9985
haruna_(kancolle),kantai_collection,1.0
haruna_(new_year)_(blue_archive),blue_archive,1.0
haruna_(track)_(blue_archive),blue_archive,1.0
haruna_kai_ni_(kancolle),kantai_collection,1.0
haruno_haruka,precure,0.9989
haruno_sakura,naruto_(series),0.9994
harusaki_nodoka,hololive,1.0
harusame_(kancolle),kantai_collection,1.0
harusaruhi,kamitsubaki_studio,1.0
hasegawa_kobato,boku_wa_tomodachi_ga_sukunai,1.0
hasegawa_langa,sk8_the_infinity,1.0
hashibira_inosuke,kimetsu_no_yaiba,1.0
hashida_itaru,science_adventure,1.0
hashimoto_nyaa,osomatsu_(series),1.0
hassan_of_serenity_(fate),fate_(series),1.0
hassan_of_the_cursed_arm_(fate),fate_(series),1.0
hassel_(pokemon),pokemon,1.0
hasshaku-sama,japanese_urban_legends,0.9897
hasumi_(blue_archive),blue_archive,0.9984
hasumi_(swimsuit)_(blue_archive),blue_archive,0.9969
hasumi_(track)_(blue_archive),blue_archive,0.9989
hasumi_leia,mahou_shoujo_no_majo_saiban,0.997
hasumi_souji_(eroe),seitenkango._shinyuu_to,1.0
hat_kid,a_hat_in_time,1.0
hata_no_kokoro,touhou,0.9993
hatakaze_(kancolle),kantai_collection,1.0
hatake_kakashi,naruto_(series),0.9992
hataya_misuzu,gakuen_idolmaster,1.0
hatenna,pokemon,1.0
hathaway_noa,gundam,0.9967
hatoba_tsugu,tsugu_(vtuber),0.9984
hatono_chihiro,futsuu_no_keion-bu,1.0
hatsuharu_(kancolle),kantai_collection,1.0
hatsukaze_(kancolle),kantai_collection,1.0
hatsume_mei,boku_no_hero_academia,1.0
hatsune_(princess_connect!),princess_connect!,1.0
hatsune_miku,vocaloid,1.0
hatsune_miku_(append),vocaloid,1.0
hatsune_miku_(ichi_no_sakura_oka),senbonzakura_(vocaloid),1.0
hatsune_miku_(noodle_stopper),vocaloid,1.0
hatsune_miku_(nt),vocaloid,1.0
hatsune_miku_(vocaloid4),vocaloid,0.9982
hatsune_mikuo,vocaloid,1.0
hatsushimo_(kancolle),kantai_collection,1.0
hatsushimo_kai_ni_(kancolle),kantai_collection,1.0
hatsutori_hajime,saibou_shinkyoku,1.0
hatsuyuki_(kancolle),kantai_collection,1.0
hatsuzuki_(kancolle),kantai_collection,0.9996
hatterene,pokemon,1.0
hattori_shizuka,world_witches_series,1.0
hattrem,pokemon,1.0
hau_(pokemon),pokemon,1.0
haunter,pokemon,1.0
haurchefant_greystone,final_fantasy_xiv,1.0
hawawa-chan_(sirokuma_shake),original,1.0
hawks_(boku_no_hero_academia),boku_no_hero_academia,0.9953
hawlucha,pokemon,0.997
haxorus,pokemon,1.0
hayakawa_aki,chainsaw_man,1.0
hayakawa_tazuna,umamusume,0.9959
hayami_kanade,idolmaster,1.0
hayanami_(kancolle),kantai_collection,1.0
hayasaka_ai,kaguya-sama_wa_kokurasetai_~tensai-tachi_no_renai_zunousen~,1.0
hayasaka_mirei,idolmaster_cinderella_girls,1.0
hayase_mitsuki,kimi_ga_nozomu_eien,0.9262
hayashimo_(kancolle),kantai_collection,1.0
hayashio_(kancolle),kantai_collection,0.998
hayasui_(kancolle),kantai_collection,1.0
hayate_immelmann,macross,1.0
hazama,blazblue,1.0
hazawa_tsugumi,bang_dream!_girls_band_party!,1.0
hazuki_(tsukuyomi),tsukuyomi_moonphase,1.0
hazuki_nagisa,free!,1.0
hazuki_ren,love_live!_superstar!!,1.0
healslime,dragon_quest,0.996
heanna_sumire,love_live!_superstar!!,1.0
heathcliff_(project_moon),limbus_company,1.0
heather_mason,silent_hill_(series),0.9973
heavy_cruiser_princess,kantai_collection,1.0
hebi_nyoubou_(fate),fate_(series),0.999
hebiyoi_tier,nanashi_inc.,1.0
hecatia_lapislazuli,touhou,0.9998
hecatia_lapislazuli_(earth),touhou,1.0
hecatia_lapislazuli_(moon),touhou,1.0
hector_(fate),fate/grand_order,1.0
hector_(fire_emblem),fire_emblem:_the_blazing_blade,1.0
hector_(omori),omori,1.0
heero_yuy,gundam,1.0
hei_(darker_than_black),darker_than_black,1.0
heidimarie_w._schnaufer,world_witches_series,1.0
heinrike_prinzessin_zu_sayn-wittgenstein,world_witches_series,1.0
heiter,sousou_no_frieren,1.0
heiwajima_shizuo,durarara!!,1.0
heixiu,the_legend_of_luo_xiaohei,0.9691
helena_(azur_lane),azur_lane,0.9974
helena_(kancolle),kantai_collection,1.0
helena_blavatsky_(caster)_(fate),fate/grand_order,1.0
helena_blavatsky_(fate),fate/grand_order,0.9994
helena_blavatsky_(third_ascension)_(fate),fate/grand_order,1.0
heles,granblue_fantasy,1.0
helianthus_(girls'_frontline),girls'_frontline,1.0
hellagur_(arknights),arknights,1.0
helldiver_(helldivers),helldivers_(series),1.0
hellhound_(monster_girl_encyclopedia),monster_girl_encyclopedia,0.9964
hello_kitty_(character),sanrio,0.9976
helltaker_(character),helltaker,0.9991
helm_(aqua_marine)_(nikke),goddess_of_victory:_nikke,1.0
helm_(nikke),goddess_of_victory:_nikke,1.0
helma_lennartz,world_witches_series,1.0
henrietta_de_tristain,zero_no_tsukaima,1.0
henya_the_genius,vshojo,0.8782
hephaestus_(housamo),tokyo_afterschool_summoners,1.0
heracles_(fate),fate_(series),0.9969
heracross,pokemon,0.9843
hercule_barton,tantei_opera_milky_holmes,1.0
herlock_sholmes,the_great_ace_attorney,0.9972
hermione_granger,harry_potter_(series),0.998
hermit_purple,jojo_no_kimyou_na_bouken,1.0
hero's_daughter_(dq5),dragon_quest,0.998
hero_(dq1),dragon_quest,1.0
hero_(dq11),dragon_quest,1.0
hero_(dq3),dragon_quest,0.9983
hero_(dq4),dragon_quest,0.9932
hero_(dq5),dragon_quest,0.9984
hero_(dq8),dragon_quest,1.0
hero_(faraway)_(omori),omori,0.9994
hero_(headspace)_(omori),omori,1.0
hero_(omori),omori,0.9994
heroine_(dq3),dragon_quest,1.0
heroine_(dq4),dragon_quest_iv,0.9969
heroine_(lovebrush_chronicles),lovebrush_chronicles,1.0
herrscher_of_sentience,honkai_impact_3rd,1.0
herta_(honkai:_star_rail),honkai:_star_rail,0.9998
herta_(puppet)_(honkai:_star_rail),honkai:_star_rail,1.0
heshikiri_hasebe,touken_ranbu,1.0
hestia_(danmachi),dungeon_ni_deai_wo_motomeru_no_wa_machigatteiru_darou_ka,1.0
hex_maniac_(pokemon),pokemon,0.9993
hex_maniac_(pokemon_legends:_z-a),pokemon,0.9977
hex_maniac_(pokemon_xy),pokemon,0.9994
heywood_l._edwards_(kancolle),kantai_collection,0.9969
hibari_(senran_kagura),senran_kagura,1.0
hibiki_(blue_archive),blue_archive,0.9994
hibiki_(cheer_squad)_(blue_archive),blue_archive,0.999
hibiki_(kancolle),kantai_collection,1.0
hibiki_dan,street_fighter,1.0
hibiki_ryouga,ranma_1/2,0.9862
hibiki_wataru,ensemble_stars!,1.0
hibiki_yuuta,gridman_universe,1.0
hibiscus_(arknights),arknights,1.0
hiburi_(kancolle),kantai_collection,1.0
hida_ema,girls_und_panzer,1.0
hidaka_ai,idolmaster_dearly_stars,1.0
hidaka_hokuto,ensemble_stars!,0.9972
hidan_(naruto),naruto_(series),0.9968
hie_(hiememiko),original,0.9362
hieda_no_akyuu,touhou,0.9998
hiei_(kancolle),kantai_collection,1.0
hiei_(yu_yu_hakusho),yu_yu_hakusho,1.0
hiei_kai_ni_(kancolle),kantai_collection,1.0
hierophant_green,jojo_no_kimyou_na_bouken,1.0
hifumi_(blue_archive),blue_archive,0.9991
hifumi_(swimsuit)_(blue_archive),blue_archive,1.0
higashi_setsuna,precure,1.0
higashikata_josuke,diamond_wa_kudakenai,1.0
higashikata_josuke_(jojolion),jojo_no_kimyou_na_bouken,1.0
higashiyama_kobeni,chainsaw_man,1.0
hige_habahiro,ojisan_to_marshmallow,1.0
higekiri_(touken_ranbu),touken_ranbu,1.0
high_elf_archer_(goblin_slayer!),goblin_slayer!,1.0
high_priest_(ragnarok_online),ragnarok_online,0.9996
high_wizard_(ragnarok_online),ragnarok_online,1.0
higuchi_kaede,nijisanji,0.9996
higuchi_kaede_(1st_costume),nijisanji,1.0
higuchi_madoka,idolmaster_shiny_colors,1.0
higurashi_kagome,inuyasha,1.0
hiiragi_kagami,lucky_star,1.0
hiiragi_nemu,mahou_shoujo_madoka_magica,1.0
hiiragi_shinoa,owari_no_seraph,1.0
hiiragi_tsukasa,lucky_star,1.0
hiiragi_utena,mahou_shoujo_ni_akogarete,1.0
hiiragi_yuzu,yu-gi-oh!,1.0
hiita_(yu-gi-oh!),yu-gi-oh!,1.0
hiizumi_rinne,sakura_no_sekai,1.0
hijikata-san_(m.m),original,1.0
hijikata_toshizou_(fate),fate_(series),1.0
hijikata_toushirou,gintama,0.9975
hijiri_ageha,precure,0.9979
hijiri_byakuren,touhou,0.9999
hikage_(senran_kagura),senran_kagura,0.9967
hikami_meruru,mahou_shoujo_no_majo_saiban,1.0
hikami_sumire,aikatsu!_(series),1.0
hikari_(arcaea),arcaea,1.0
hikari_(blue_archive),blue_archive,0.9992
hikasa_tomoshika,voms,1.0
hikawa_hina,bang_dream!,1.0
hikawa_iona,precure,0.9979
hikawa_sayo,bang_dream!,1.0
hikigaya_hachiman,yahari_ore_no_seishun_lovecome_wa_machigatteiru.,1.0
hikigaya_komachi,yahari_ore_no_seishun_lovecome_wa_machigatteiru.,1.0
hilbert_(pokemon),pokemon,0.9993
hilda_(pokemon),pokemon,0.9996
hilda_valentine_goneril,fire_emblem,0.9997
hilda_valentine_goneril_(timeskip),fire_emblem,1.0
hildr_(fate),fate/grand_order,1.0
hilichurl_(genshin_impact),genshin_impact,0.9968
himari_(armed)_(blue_archive),blue_archive,0.9946
himari_(blue_archive),blue_archive,0.9996
himawari-san_(character),himawari-san,0.9964
himejima_akeno,high_school_dxd,1.0
himekaidou_hatate,touhou,1.0
himekawa_yoshino,date_a_live,1.0
himekawa_yuki,idolmaster_cinderella_girls,1.0
himeko_(honkai:_star_rail),honkai:_star_rail,1.0
himemiya_anthy,shoujo_kakumei_utena,0.9972
himemiya_chikane,kannazuki_no_miko,1.0
himemiya_tori,ensemble_stars!,0.9982
himemori_luna,hololive,0.9996
himemori_luna_(1st_costume),hololive,1.0
himemori_luna_(sundress),hololive,1.0
himemushi_momoyo,touhou,1.0
himeno_(chainsaw_man),chainsaw_man,0.9995
himeno_kanon,idolmaster_side-m,1.0
himeragi_yukina,strike_the_blood,1.0
himesaka_noa,watashi_ni_tenshi_ga_maiorita!,1.0
himesaki_rinami,gakuen_idolmaster,1.0
himiko_(fate),fate/grand_order,1.0
himiko_(first_ascension)_(fate),fate/grand_order,1.0
himmel_(sousou_no_frieren),sousou_no_frieren,1.0
himura_kenshin,rurouni_kenshin,0.9978
hina_(blue_archive),blue_archive,0.9995
hina_(dress)_(blue_archive),blue_archive,1.0
hina_(girls_band_cry),girls_band_cry,1.0
hina_(pajamas)_(blue_archive),blue_archive,1.0
hina_(swimsuit)_(blue_archive),blue_archive,1.0
hinaichigo,rozen_maiden,1.0
hinami_(pageratta),original,1.0
hinamori_amu,shugo_chara!,1.0
hinamori_momo,bleach,0.9971
hinanawi_tenshi,touhou,0.9999
hinase_(cookie),cookie_(touhou),1.0
hinata_(blue_archive),blue_archive,0.9986
hinata_(swimsuit)_(blue_archive),blue_archive,1.0
hinata_hajime,danganronpa_(series),0.9992
hinata_hideki,angel_beats!,0.9988
hinata_kaho,blend_s,1.0
hinata_natsumi,keroro_gunsou,1.0
hinata_shouyou,haikyuu!!,0.9987
hinata_yukari,yuyushiki,1.0
hinatsuki_mikan,machikado_mazoku,1.0
hinatsuru_ai,ryuuou_no_oshigoto!,1.0
hinazuki_kayo,boku_dake_ga_inai_machi,1.0
hindenburg_(azur_lane),azur_lane,0.9988
hindenburg_(delirious_duel)_(azur_lane),azur_lane,1.0
hino_akane_(idolmaster),idolmaster_cinderella_girls,1.0
hino_akane_(precure),precure,1.0
hino_akane_(smile_precure!),precure,1.0
hino_rei,bishoujo_senshi_sailor_moon,1.0
hinoa,monster_hunter_(series),0.9984
hinoka_(fire_emblem),fire_emblem,0.9819
hinomori_shiho,project_sekai,1.0
hinomori_shizuku,project_sekai,1.0
hinoshita_kaho,link!_like!_love_live!,1.0
hiodoshi_ao,hololive,1.0
hiodoshi_ao_(1st_costume),hololive_dev_is,0.998
hippopotamus_(kemono_friends),kemono_friends,1.0
hiradaira_chisaki,nagi_no_asukara,1.0
hiraga_saito,zero_no_tsukaima,1.0
hirako_shinji,bleach,1.0
hiramitsu_hinata,precure,1.0
hirano_toushirou,touken_ranbu,1.0
hirasawa_ui,k-on!,1.0
hirasawa_yui,k-on!,0.9995
hirato_(kancolle),kantai_collection,1.0
hiro_(darling_in_the_franxx),darling_in_the_franxx,1.0
hiro_(hidamari_sketch),hidamari_sketch,0.9938
hiroi_kikuri,bocchi_the_rock!,0.9987
hirose_koichi,jojo_no_kimyou_na_bouken,1.0
hirose_yasuho,jojo_no_kimyou_na_bouken,1.0
hiryuu_(kancolle),kantai_collection,1.0
hiryuu_kai_ni_(kancolle),kantai_collection,1.0
hisaishi_kanade,hibike!_euphonium,1.0
hisakawa_hayate,idolmaster_cinderella_girls,0.9995
hisakawa_nagi,idolmaster_cinderella_girls,1.0
hisako_(angel_beats!),angel_beats!,1.0
hisau_maiya,fate_(series),1.0
hishi_akebono_(umamusume),umamusume,0.9935
hishi_amazon_(umamusume),umamusume,0.9961
hishi_miracle_(umamusume),umamusume,0.9977
hishikawa_rikka,dokidoki!_precure,1.0
hisoka_morow,hunter_x_hunter,0.9985
hissabeth,reverse:1999,0.9879
histoire,neptune_(series),1.0
hisui_(cookie),cookie_(touhou),1.0
hisui_(tsukihime),tsukihime,1.0
hisuian_growlithe,pokemon,1.0
hisuian_typhlosion,pokemon,1.0
hisuian_zoroark,pokemon,0.9978
hisuian_zorua,pokemon,1.0
hitachi_mako,senren_banka,1.0
hitomi_(doa),dead_or_alive,1.0
hitotsuyanagi_riri,assault_lily,1.0
hitou_nami,sayonara_zetsubou_sensei,1.0
hitoyo_(baffu),original,1.0
hitsugaya_toushirou,bleach,1.0
hiwatashi_nazuna,brand_new_animal,1.0
hiyajou_maho,steins;gate,1.0
hiyama_kiyoteru,vocaloid,1.0
hiyori_(blue_archive),blue_archive,0.9928
hiyori_(swimsuit)_(blue_archive),blue_archive,0.9948
hiyori_sou,kimi_ga_shine,1.0
hiyou_(kancolle),kantai_collection,0.9989
hizamaru_(touken_ranbu),touken_ranbu,1.0
hk416_(black_kitty's_gift)_(girls'_frontline),girls'_frontline,1.0
hk416_(girls'_frontline),girls'_frontline,1.0
hk416_(mod3)_(girls'_frontline),girls'_frontline,1.0
hk416_(starry_cocoon)_(girls'_frontline),girls'_frontline,1.0
ho'olheyak_(arknights),arknights,1.0
ho-oh,pokemon,1.0
hod_(project_moon),project_moon,1.0
hojo_karen,idolmaster_cinderella_girls,1.0
hojo_sophy,pretty_series,0.994
hokko_tarumae_(star_light_ship)_(umamusume),umamusume,0.9975
hokko_tarumae_(umamusume),umamusume,0.9994
hollow_knight_(character),hollow_knight,1.0
holo,spice_and_wolf,0.9993
holstein_friesian_cattle_(kemono_friends),kemono_friends,1.0
homu_(honkai_impact),honkai_(series),1.0
homulilly,mahou_shoujo_madoka_magica,1.0
homura_(senran_kagura),senran_kagura,1.0
honchkrow,pokemon,1.0
honda_mio,idolmaster_cinderella_girls,1.0
honda_sora,lonely_girl_ni_sakaraenai,1.0
honebami_toushirou,touken_ranbu,1.0
honekoneko_(psg),panty_&_stocking_with_garterbelt,0.9987
hong_lu_(project_moon),project_moon,1.0
hong_meiling,touhou,0.9997
honma_himawari,nijisanji,1.0
honma_himawari_(1st_costume),nijisanji,1.0
honma_meiko,ano_hi_mita_hana_no_namae_wo_bokutachi_wa_mada_shiranai.,1.0
honoka_(doa),dead_or_alive,0.9987
honolulu_(azur_lane),azur_lane,1.0
honolulu_(kancolle),kantai_collection,1.0
honolulu_(summer_accident?!)_(azur_lane),azur_lane,1.0
honolulu_(umbrella_girl)_(azur_lane),azur_lane,1.0
hood_(azur_lane),azur_lane,1.0
hoopa,pokemon,0.9977
hoopa_(confined),pokemon,1.0
hoothoot,pokemon,0.9893
hootsie_(nanashi_mumei),hololive_english,1.0
hoozuki_(hoozuki_no_reitetsu),hoozuki_no_reitetsu,1.0
hop_(pokemon),pokemon,1.0
hoppip,pokemon,1.0
horaki_hikari,neon_genesis_evangelion,1.0
hori_masayuki,gekkan_shoujo_nozaki-kun,1.0
hori_yuko,idolmaster_cinderella_girls,0.9984
horikawa_kunihiro,touken_ranbu,0.999
horikawa_raiko,touhou,1.0
horikita_suzune,youkoso_jitsuryoku_shijou_shugi_no_kyoushitsu_e,1.0
horizon_(apex_legends),apex_legends,1.0
horkeu_kamui,tokyo_afterschool_summoners,0.9976
horn_(arknights),arknights,1.0
hornet_(azur_lane),azur_lane,1.0
hornet_(hollow_knight),hollow_knight,0.9986
hornet_(kancolle),kantai_collection,0.9992
horsea,pokemon,1.0
hortensia_(fire_emblem),fire_emblem,1.0
hoshi_ryoma,danganronpa_(series),0.9988
hoshi_syoko,idolmaster_cinderella_girls,1.0
hoshiguma_(arknights),arknights,0.9995
hoshiguma_yuugi,touhou,0.9999
hoshiguma_yuugi_(kimono),touhou,1.0
hoshii_miki,idolmaster_(classic),1.0
hoshikawa_lily,zombie_land_saga,1.0
hoshikawa_sara,nijisanji,1.0
hoshikawa_sara_(1st_costume),nijisanji,1.0
hoshikawa_sara_(4th_costume),nijisanji,1.0
hoshimachi_suisei,hololive,0.9994
hoshimachi_suisei_(1st_costume),hololive,0.9989
hoshimachi_suisei_(casual),hololive,1.0
hoshimachi_suisei_(maid),hololive,1.0
hoshimachi_suisei_(sailor),hololive,1.0
hoshimachi_suisei_(shout_in_crisis),hololive,1.0
hoshimi_junna,shoujo_kageki_revue_starlight,1.0
hoshimi_miyabi,zenless_zone_zero,1.0
hoshimiya_ichigo,aikatsu!_(series),0.9988
hoshimiya_kate,sekai_seifuku:_bouryaku_no_zvezda,1.0
hoshimiya_mukuro,date_a_live,1.0
hoshina_hikaru,star_twinkle_precure,1.0
hoshina_soshiro,kaijuu_no._8,1.0
hoshina_tomoko,to_heart_(series),1.0
hoshino_(armed)_(blue_archive),blue_archive,0.9979
hoshino_(blue_archive),blue_archive,0.9995
hoshino_(first_year)_(blue_archive),blue_archive,1.0
hoshino_(girls_und_panzer),girls_und_panzer,1.0
hoshino_(swimsuit)_(blue_archive),blue_archive,0.9996
hoshino_ai,oshi_no_ko,1.0
hoshino_aquamarine,oshi_no_ko,1.0
hoshino_fumina,gundam,1.0
hoshino_hinata,watashi_ni_tenshi_ga_maiorita!,1.0
hoshino_ichika_(project_sekai),project_sekai,0.9992
hoshino_miyako_(wataten),watashi_ni_tenshi_ga_maiorita!,1.0
hoshino_ruby,oshi_no_ko,0.9995
hoshino_ruri,kidou_senkan_nadesico,1.0
hoshino_yumemi,planetarian,1.0
hoshirube_sho,nijisanji,1.0
hoshirube_sho_(1st_costume),nijisanji,1.0
hoshizaki_akari,ongeki,1.0
hoshizora_ikuyo,smile_precure!,1.0
hoshizora_miyuki,smile_precure!,1.0
hoshizora_rin,love_live!_school_idol_project,1.0
hoso-inu,hololive,1.0
hosomi_shizuko,girls_und_panzer,1.0
hot_pants_(sbr),steel_ball_run,1.0
hotarumaru,touken_ranbu,1.0
hoto_cocoa,gochuumon_wa_usagi_desu_ka?,1.0
hoto_mocha,gochuumon_wa_usagi_desu_ka?,1.0
hots_(gundam_suisei_no_majo),gundam_suisei_no_majo,1.0
houjou_hibiki,precure,0.9991
houjou_satoko,higurashi_no_naku_koro_ni,1.0
houjou_satoshi,higurashi_no_naku_koro_ni,1.0
houjou_tokiyuki_(nige_jouzu_no_wakagimi),nige_jouzu_no_wakagimi,1.0
houjuu_chimi,touhou,1.0
houjuu_nue,touhou,0.9999
houlen_yabusame,len'en,1.0
houndoom,pokemon,0.9986
hououji_fuu,magic_knight_rayearth,1.0
hourai_doll,touhou,1.0
houraisan_kaguya,touhou,0.9999
house_dragonmaid,yu-gi-oh!,0.9977
housho_margo,mahou_shoujo_no_majo_saiban,0.9921
houshou_(kancolle),kantai_collection,1.0
houshou_kirika,choukou_shinki_ixseal,1.0
houshou_kumarine,hololive,1.0
houshou_marine,hololive,0.9996
houshou_marine_(1st_costume),hololive,0.9997
houshou_marine_(businesswoman),hololive,1.0
houshou_marine_(gothic_lolita),hololive,1.0
houshou_marine_(marching_band),hololive,1.0
houshou_marine_(nun),hololive,1.0
houshou_marine_(roomwear),hololive,0.9961
houshou_marine_(summer),hololive,1.0
houston_(kancolle),kantai_collection,1.0
houzouin_oniwaka,tokyo_afterschool_summoners,1.0
howard_alt-eisen,ragnarok_online,1.0
howl_(howl_no_ugoku_shiro),howl_no_ugoku_shiro,0.9925
hozuki_kaede,onii-chan_wa_oshimai!,1.0
hozuki_momiji,onii-chan_wa_oshimai!,1.0
hsien-ko,darkstalkers,1.0
hu_tao_(cherries_snow-laden)_(genshin_impact),genshin_impact,0.9984
hu_tao_(genshin_impact),genshin_impact,0.9999
hua_cheng,tianguan_cifu,0.9988
huai_yunqing,touqi_guaitan,1.0
huang_(granblue_fantasy),granblue_fantasy,0.9964
huang_lingyin,infinite_stratos,1.0
huang_pao-lin,tiger_&_bunny,1.0
hubert_ozwell,tales_of_graces,1.0
hubert_von_vestra,fire_emblem,1.0
hugh_(pokemon),pokemon,0.9985
hugo_vlad,zenless_zone_zero,1.0
hulk,marvel,0.9919
hulkenberg_(metaphor:_refantazio),metaphor:_refantazio,1.0
hulkling,marvel,1.0
humboldt_penguin_(kemono_friends),kemono_friends,1.0
hummy_(precure),precure,0.9982
hummy_(suite_precure),precure,1.0
hung_(arknights),arknights,1.0
hungary_(hetalia),axis_powers_hetalia,1.0
hungry_nun_(diva),little_nuns_(diva),0.998
hunter_(bloodborne),bloodborne,1.0
hunter_(ragnarok_online),ragnarok_online,1.0
huohuo_(honkai:_star_rail),honkai:_star_rail,1.0
huttslayer_leia,star_wars,1.0
huyan_zhuo_(fate),fate/grand_order,0.998
huyan_zhuo_(swimsuit_berserker)_(fate),fate/grand_order,0.9961
hyacine_(honkai:_star_rail),honkai:_star_rail,0.9995
hyakkimaru_(dororo),dororo_(tezuka),1.0
hyakumantenbara_salome,nijisanji,0.9932
hyakumantenbara_salome_(1st_costume),nijisanji,0.9979
hydrapple,pokemon,1.0
hydreigon,pokemon,0.9983
hydro_slime_(genshin_impact),genshin_impact,1.0
hyness,kirby_(series),1.0
hyper_blossom,powerpuff_girls_z,1.0
hypno,pokemon,1.0
hysilens_(honkai:_star_rail),honkai:_star_rail,0.9971
hythlodaeus,final_fantasy_xiv,1.0
hyuna_(alien_stage),alien_stage,1.0
hyuuga_(kancolle),kantai_collection,1.0
hyuuga_hinata,naruto_(series),1.0
hyuuga_neji,naruto_(series),1.0
hyuuga_saki,precure,1.0
i-13_(kancolle),kantai_collection,1.0
i-14_(kancolle),kantai_collection,0.9986
i-168_(kancolle),kantai_collection,0.9996
i-19_(azur_lane),azur_lane,1.0
i-19_(kancolle),kantai_collection,0.9997
i-201_(kancolle),kantai_collection,1.0
i-203_(kancolle),kantai_collection,1.0
i-26_(kancolle),kantai_collection,1.0
i-400_(kancolle),kantai_collection,1.0
i-401_(kancolle),kantai_collection,1.0
i-47_(kancolle),kantai_collection,1.0
i-58_(kancolle),kantai_collection,1.0
i-8_(kancolle),kantai_collection,1.0
i-class_destroyer,kantai_collection,1.0
i-no,guilty_gear,0.9989
i:p_masquerena,yu-gi-oh!,0.9947
ia_(vocaloid),vocaloid,0.9911
iansan_(genshin_impact),genshin_impact,1.0
ib_(ib),ib_(kouri),1.0
ibara_mayaka,hyouka,1.0
ibaraki_douji_(berserker)_(fate),fate/grand_order,1.0
ibaraki_douji_(fate),fate/grand_order,1.0
ibaraki_douji_(swimsuit_lancer)_(first_ascension)_(fate),fate/grand_order,1.0
ibaraki_douji_(third_ascension)_(fate),fate/grand_order,1.0
ibaraki_kasen,touhou,0.9997
ibarazaki_emi,katawa_shoujo,1.0
ibrahim_(nijisanji),nijisanji,1.0
ibuki_(azur_lane),azur_lane,1.0
ibuki_(blue_archive),blue_archive,0.9995
ibuki_(street_fighter),street_fighter,1.0
ibuki_douji_(fate),fate_(series),0.9988
ibuki_douji_(swimsuit_berserker)_(fate),fate_(series),0.9976
ibuki_fuuko,clannad,1.0
ibuki_maya,neon_genesis_evangelion,1.0
ibuki_suika,touhou,0.9999
ibuki_tsubasa,idolmaster,0.9992
ichigaya_arisa,bang_dream!,0.9989
ichigo_(cookie),cookie_(touhou),1.0
ichigo_(darling_in_the_franxx),darling_in_the_franxx,1.0
ichigo_hitofuri,touken_ranbu,1.0
ichihara_nina,idolmaster_cinderella_girls,0.9989
ichihime,mahjong_soul,1.0
ichii_tooru,a_channel,1.0
ichii_yui,yuyushiki,1.0
ichijou_hotaru,non_non_biyori,0.9981
ichijou_ririka,hololive,1.0
ichijou_ririka_(1st_costume),hololive_dev_is,1.0
ichijou_seiya,kaiji,0.9978
ichika_(1ssakawaguchi),original,0.9975
ichika_(blue_archive),blue_archive,0.9998
ichika_(swimsuit)_(blue_archive),blue_archive,1.0
ichikawa_hinana,idolmaster_shiny_colors,0.9983
ichikawa_kyoutarou,boku_no_kokoro_no_yabai_yatsu,1.0
ichimaru_gin,bleach,1.0
ichinose_honami_(youjitsu),youkoso_jitsuryoku_shijou_shugi_no_kyoushitsu_e,1.0
ichinose_kotomi,clannad,1.0
ichinose_minori,precure,1.0
ichinose_shiki,idolmaster_cinderella_girls,0.9995
ichinose_uruha,vspo!,0.9969
idia_shroud,twisted_wonderland,1.0
idw_(girls'_frontline),girls'_frontline,1.0
ieiri_shoko,jujutsu_kaisen,1.0
ienaga_mugi,nijisanji,1.0
if_(neptunia),neptune_(series),1.0
ifa_(genshin_impact),genshin_impact,1.0
ifrit_(arknights),arknights,1.0
igarashi_futaba,senpai_ga_uzai_kouhai_no_hanashi,0.996
igarashi_kyoko,idolmaster_cinderella_girls,1.0
igarashi_kyou_(eroe),seitenkango._shinyuu_to,0.9986
igarashi_rika,nijisanji,0.9945
igawa_asagi,taimanin_(series),1.0
igawa_sakura,taimanin_(series),1.0
igglybuff,pokemon,1.0
iggy_(jojo),stardust_crusaders,1.0
ignatz_victor,fire_emblem,1.0
ignis_scientia,final_fantasy_xv,1.0
igrene_(fire_emblem),fire_emblem,1.0
iguro_obanai,kimetsu_no_yaiba,1.0
iida_tenya,boku_no_hero_academia,0.998
iijima_renka,assault_lily,1.0
iijima_yun,new_game!,1.0
iino_miko,kaguya-sama_wa_kokurasetai_~tensai-tachi_no_renai_zunousen~,1.0
iizunamaru_megumu,touhou,1.0
ijichi_nijika,bocchi_the_rock!,1.0
ijichi_seika,bocchi_the_rock!,1.0
ikamusume,shinryaku!_ikamusume,1.0
ikari_gendou,neon_genesis_evangelion,0.9978
ikari_shinji,neon_genesis_evangelion,1.0
ikaros,sora_no_otoshimono,0.993
ikaruga_(senran_kagura),senran_kagura,0.9726
ikaruga_luca,idolmaster_shiny_colors,1.0
ikazuchi_(kancolle),kantai_collection,1.0
ike_(fire_emblem),fire_emblem,1.0
ike_eveland,nijisanji_en,0.9953
ike_eveland_(1st_costume),nijisanji_en,1.0
ikebukuro_akiha,idolmaster_cinderella_girls,1.0
ikeda_chitose,yuruyuri,1.0
ikeda_kana,saki_(manga),1.0
ikezawa_hanako,katawa_shoujo,1.0
ikuno_dictus_(umamusume),umamusume,1.0
ikusaba_daisuke,tokyo_afterschool_summoners,1.0
ikusaba_mukuro,danganronpa_(series),0.999
ikuta_haruki,idolmaster_shiny_colors,1.0
ilfa_(to_heart),to_heart_2,1.0
illuga_(genshin_impact),genshin_impact,0.9903
illumi_zoldyck,hunter_x_hunter,1.0
illuso,jojo_no_kimyou_na_bouken,1.0
illustrious_(azur_lane),azur_lane,0.9997
illustrious_(morning_star_of_love_and_hope)_(azur_lane),azur_lane,1.0
illya_(princess_connect!),princess_connect!,0.9975
illyasviel_von_einzbern,fate_(series),0.9983
illyasviel_von_einzbern_(beast_style),fate_(series),0.9984
ilsa_(granblue_fantasy),granblue_fantasy,1.0
ilulu_(maidragon),kobayashi-san_chi_no_maidragon,1.0
ilyana_(fire_emblem),fire_emblem,1.0
ima-no-tsurugi,touken_ranbu,1.0
imadake_dabuchi_tabemi,mcdonald's,0.9901
imai_lisa,bang_dream!_girls_band_party!,1.0
imaizumi_kagerou,touhou,1.0
impa,the_legend_of_zelda,1.0
implacable_(azur_lane),azur_lane,0.9972
impostor_(among_us),among_us,1.0
inaba_haneru_(animare),nanashi_inc.,0.9963
inaba_meguru,sanoba_witch,0.9983
inaba_mob_(touhou),touhou,1.0
inaba_tewi,touhou,0.9995
inami_mahiru,working!!,1.0
inami_rai,nijisanji,1.0
inari_one_(umamusume),umamusume,1.0
inazuma_(kancolle),kantai_collection,0.9999
incineroar,pokemon,1.0
incredible_ecclesia_the_virtuous,yu-gi-oh!,1.0
inda_karane,kimi_no_koto_ga_dai_dai_dai_dai_daisuki_na_100-nin_no_kanojo,1.0
index_(toaru_majutsu_no_index),toaru_majutsu_no_index,0.999
indianapolis_(azur_lane),azur_lane,1.0
indigo_(arknights),arknights,1.0
indomitable_(azur_lane),azur_lane,1.0
indomitable_(ms._motivationless_maid)_(azur_lane),azur_lane,1.0
indou_hikaru,hikaru_ga_shinda_natsu,1.0
indra_(fate),fate/grand_order,1.0
ine_(vtuber),waktaverse,1.0
ineffa_(genshin_impact),genshin_impact,0.9939
ines_(arknights),arknights,0.9984
ines_fujin_(umamusume),umamusume,1.0
infernape,pokemon,0.9973
ingo_(pokemon),pokemon,1.0
ingrid_(capcom),capcom_fighting_jam,0.9458
ingrid_(taimanin_murasaki),taimanin_(series),1.0
ingrid_brandl_galatea,fire_emblem,1.0
ingrid_brandl_galatea_(timeskip),fire_emblem:_three_houses,1.0
inkling_boy,splatoon_(series),0.9997
inkling_girl,splatoon_(series),0.9998
inkling_player_character,splatoon_(series),0.9998
inohara_masato,little_busters!,0.9968
inokuma_youko,kin-iro_mosaic,1.0
inoue_jun'ichi,chuugoku_yome_nikki,1.0
inoue_marina,honkai_(series),0.7875
inoue_orihime,bleach,1.0
inoue_takina,lycoris_recoil,0.9975
integra_hellsing,hellsing,1.0
inteleon,pokemon,0.9988
intrepid_(azur_lane),azur_lane,1.0
intrepid_(kancolle),kantai_collection,1.0
inu_sakuya_(nejikirio),touhou,0.9973
inubashiri_momiji,touhou,1.0
inugami_korone,hololive,0.999
inugami_korone_(1st_costume),hololive,0.9997
inugami_korone_(roomwear),hololive,0.9977
inugami_korone_(street),hololive,1.0
inui_sajuna,sono_bisque_doll_wa_koi_wo_suru,0.9983
inui_toko,nijisanji,0.9979
inui_toko_(1st_costume),nijisanji,0.997
inukai_iroha,precure,0.9987
inukai_komugi,precure,0.999
inukai_komugi_(dog),wonderful_precure!,1.0
inumaki_toge,jujutsu_kaisen,1.0
inumuta_houka,kill_la_kill,1.0
inuyama_aoi,yurucamp,1.0
inuyama_mana,gegege_no_kitarou,1.0
inuyama_tamaki,noripro,0.9899
inuyasha_(character),inuyasha,1.0
inuzuka_kiba,naruto_(series),0.9961
invisigal_(dispatch),dispatch,1.0
io_(granblue_fantasy),granblue_fantasy,1.0
io_(pso2),phantasy_star_online_2,1.0
ion_(tales),tales_of_the_abyss,1.0
iona_(aoki_hagane_no_arpeggio),aoki_hagane_no_arpeggio,1.0
iono_(pokemon),pokemon,0.9996
iori_(blue_archive),blue_archive,1.0
iori_(swimsuit)_(blue_archive),blue_archive,1.0
iori_junpei,persona,0.9988
iori_rinko,gundam,0.9975
iori_shirou,kill_la_kill,1.0
iori_utahime,jujutsu_kaisen,1.0
iowa_(kancolle),kantai_collection,0.9998
irako_(kancolle),kantai_collection,1.0
irelia,league_of_legends,0.9961
irene_(arknights),arknights,0.9991
irene_(kanniiepan),original,1.0
irene_(the_adjudicatrix_and_her_resolve)_(arknights),arknights,1.0
irene_(voyage_of_feathers)_(arknights),arknights,1.0
irida_(pokemon),pokemon,1.0
irie_miyuki,angel_beats!,1.0
iris_(konosuba),kono_subarashii_sekai_ni_shukufuku_wo!,1.0
iris_(mega_man),mega_man_x_(series),1.0
iris_(pokemon),pokemon,1.0
iris_heart_(neptunia),neptune_(series),0.9982
iris_wilson,ace_attorney,0.997
irisu_fuyumi,hyouka,1.0
irisu_makina,grisaia_(series),1.0
irisviel_von_einzbern,fate_(series),1.0
irisviel_von_einzbern_(angel's_song),fate_(series),1.0
irisviel_von_einzbern_(caster),fate_(series),1.0
iroha_(blue_archive),blue_archive,0.9982
iroha_(samurai_spirits),samurai_spirits,0.9991
iron_man,marvel,0.9918
iron_valiant,pokemon,1.0
ironmouse,vshojo,0.871
iruma_miu,danganronpa_(series),0.9995
irys_(casualrys)_(hololive),hololive_english,1.0
irys_(hololive),hololive_english,0.9998
irys_(irys_1.0)_(hololive),hololive_english,1.0
irys_(irys_2.0)_(hololive),hololive_english,1.0
isaac_foster,satsuriku_no_tenshi,1.0
isabella_valentine,soulcalibur,1.0
isabelle_(animal_crossing),animal_crossing,1.0
isagi_yoichi,blue_lock,1.0
isaki_riona,hololive_dev_is,1.0
isara_mao,ensemble_stars!,1.0
isayama_yomi,ga-rei,0.997
ise_(kancolle),kantai_collection,1.0
isekaijoucho,kamitsubaki_studio,0.9992
iseri_nina,girls_band_cry,0.9996
ishida_mitsunari_(sengoku_basara),sengoku_basara,0.9966
ishida_uryuu,bleach,1.0
ishida_yamato,digimon,1.0
ishigaki_(kancolle),kantai_collection,1.0
ishigami_nozomi,nijisanji,0.9973
ishigami_nozomi_(1st_costume),nijisanji,0.995
ishigami_senkuu,dr._stone,1.0
ishigami_yuu,kaguya-sama_wa_kokurasetai_~tensai-tachi_no_renai_zunousen~,1.0
ishikawa_goemon_xiii,lupin_iii,1.0
ishikawa_luna,original,0.9333
ishikirimaru,touken_ranbu,1.0
ishimaru_kiyotaka,danganronpa_(series),1.0
ishmael_(project_moon),project_moon,0.9998
ishtar_(fate),fate_(series),0.9998
ishtar_(fire_emblem),fire_emblem,1.0
ishtar_(first_ascension)_(fate),fate/grand_order,1.0
ishtar_(swimsuit_rider)_(fate),fate_(series),1.0
iskandar_(fate),fate_(series),0.9991
island_fox_(kemono_friends),kemono_friends,1.0
isobe_noriko,girls_und_panzer,1.0
isoi_haruki,saibou_shinkyoku,1.0
isoi_reiji,saibou_shinkyoku,1.0
isokaze_(azur_lane),azur_lane,1.0
isokaze_(kancolle),kantai_collection,1.0
isolated_island_oni,kantai_collection,1.0
isolde_(reverse:1999),reverse:1999,1.0
isonami_(kancolle),kantai_collection,1.0
isshiki_akane,vividred_operation,1.0
isshiki_iroha,yahari_ore_no_seishun_lovecome_wa_machigatteiru.,1.0
istina_(arknights),arknights,0.9963
isurugi_futaba,shoujo_kageki_revue_starlight,1.0
isuzu_(kancolle),kantai_collection,1.0
isuzu_hana,girls_und_panzer,1.0
isuzu_kai_ni_(kancolle),kantai_collection,1.0
itadori_yuuji,jujutsu_kaisen,1.0
itokonoue_kaoru,project_kv,1.0
itoshi_rin,blue_lock,0.9967
itoshiki_nozomu,sayonara_zetsubou_sensei,1.0
itou_chika,ichigo_mashimaro,1.0
itou_kaiji,kaiji,1.0
itou_nobue,ichigo_mashimaro,1.0
itou_shinji_(chaos;child),chaos;child,1.0
itsuka_kotori,date_a_live,1.0
itsuka_shido,date_a_live,1.0
itsuki_shu,ensemble_stars!,1.0
itsumi_erika,girls_und_panzer,1.0
itzpapa_(genshin_impact),genshin_impact,1.0
iuno_(wuthering_waves),wuthering_waves,0.9978
ivan_(alien_stage),alien_stage,1.0
ivan_karelin,tiger_&_bunny,1.0
ivor_(pokemon),pokemon_legends:_z-a,1.0
ivy_(fire_emblem),fire_emblem,1.0
ivysaur,pokemon,1.0
iwado_anna,original,1.0
iwakura_lain,serial_experiments_lain,0.9993
iwanaga_ariya,touhou,0.9975
iwasaki_minami,lucky_star,1.0
iwasawa_masami,angel_beats!,1.0
iwatani_naofumi,tate_no_yuusha_no_nariagari,0.9986
iwato_kasumi,saki_(manga),1.0
iwatooshi,touken_ranbu,1.0
iws_2000_(girls'_frontline),girls'_frontline,1.0
iyami,osomatsu_(series),1.0
iz_(asteroid_ill),original,1.0
izanagi_(persona_4),persona,1.0
izayoi_aki,yu-gi-oh!,0.9992
izayoi_liko,mahou_girls_precure!,0.999
izmir,granblue_fantasy,1.0
izumi-no-kami_kanesada,touken_ranbu,1.0
izumi_(blue_archive),blue_archive,0.9984
izumi_konata,lucky_star,1.0
izumi_koshiro,digimon,1.0
izumi_mei,idolmaster_shiny_colors,0.998
izumi_sagiri,eromanga_sensei,1.0
izumi_yuki,heaven_burns_red,1.0
izumi_yuki_(heaven_burns_red),heaven_burns_red,1.0
izuna_(blue_archive),blue_archive,0.999
izuna_(shinrabanshou),shinrabanshou,1.0
izuna_(swimsuit)_(blue_archive),blue_archive,0.9986
izutsumi,dungeon_meshi,1.0
jabami_yumeko,kakegurui,0.9979
jabuchi_you,saibou_shinkyoku,1.0
jacinthe_(pokemon),pokemon_legends:_z-a,1.0
jack-o'_valentine,guilty_gear,1.0
jack_atlas,yu-gi-oh!,1.0
jack_frost_(megami_tensei),persona,0.4231
jack_howl,twisted_wonderland,1.0
jack_skellington,the_nightmare_before_christmas,0.9529
jack_the_ripper_(fate/apocrypha),fate_(series),0.9994
jacket_girl_(dipp),touhou,1.0
jacques_de_molay_(foreigner)_(fate),fate/grand_order,0.9901
jade_(honkai:_star_rail),honkai:_star_rail,1.0
jade_curtiss,tales_of_(series),1.0
jade_leech,twisted_wonderland,1.0
jaguar_(kemono_friends),kemono_friends,1.0
jahoda_(genshin_impact),genshin_impact,1.0
jahy,jahy-sama_wa_kujikenai!,0.9977
jailbird_(nerissa_ravencroft),hololive,0.9967
jake_the_dog,adventure_time,0.9865
jakob_(fire_emblem),fire_emblem,1.0
jakuri_(ar_tonelico),ar_tonelico,0.9972
jakuzure_nonon,kill_la_kill,1.0
jakuzure_nonon_(symphony_regalia),kill_la_kill,1.0
james_(pokemon),pokemon,1.0
james_moriarty_(archer)_(fate),fate/grand_order,1.0
james_moriarty_(ruler)_(fate),fate/grand_order,1.0
jamie_siu,street_fighter,1.0
jamil_viper,twisted_wonderland,0.9971
jane_doe_(nocturne_of_light)_(zenless_zone_zero),zenless_zone_zero,0.9975
jane_doe_(zenless_zone_zero),zenless_zone_zero,0.9994
janna_(league_of_legends),league_of_legends,1.0
janus_(azur_lane),azur_lane,1.0
janus_(kancolle),kantai_collection,1.0
japan_(hetalia),axis_powers_hetalia,1.0
japanese_crested_ibis_(kemono_friends),kemono_friends,1.0
japanese_wolf_(kemono_friends),kemono_friends,1.0
jashin-chan,jashin-chan_dropkick,1.0
jasmine_(disney),aladdin_(movie),0.994
jasmine_(pokemon),pokemon,0.9988
jasmine_(toshi_densetsu_kaitai_center),toshi_densetsu_kaitai_center,1.0
jason_(fate),fate_(series),0.9968
jason_todd,dc_extended_universe,1.0
jason_voorhees,friday_the_13th,0.961
jaune_arc,rwby,1.0
javelin_(azur_lane),azur_lane,1.0
jax_(the_amazing_digital_circus),the_amazing_digital_circus,0.9975
jayce_(league_of_legends),league_of_legends,1.0
jaye_(arknights),arknights,0.9932
jean_(genshin_impact),genshin_impact,0.9995
jean_(gunnhildr's_legacy)_(genshin_impact),genshin_impact,0.9968
jean_(sea_breeze_dandelion)_(genshin_impact),genshin_impact,1.0
jean_bart_(azur_lane),azur_lane,0.999
jean_kirstein,shingeki_no_kyojin,0.9985
jean_pierre_polnareff,jojo_no_kimyou_na_bouken,0.9982
jeanne_(bayonetta),bayonetta_(series),1.0
jeanne_d'arc_(fate),fate_(series),0.9996
jeanne_d'arc_(girl_from_orleans)_(fate),fate_(series),1.0
jeanne_d'arc_(granblue_fantasy),granblue_fantasy,0.9778
jeanne_d'arc_(ruler)_(fate),fate_(series),0.9997
jeanne_d'arc_(swimsuit_archer)_(first_ascension)_(fate),fate_(series),1.0
jeanne_d'arc_(swimsuit_archer)_(second_ascension)_(fate),fate_(series),1.0
jeanne_d'arc_(third_ascension)_(fate),fate_(series),0.999
jeanne_d'arc_alter_(avenger)_(fate),fate_(series),1.0
jeanne_d'arc_alter_(avenger)_(first_ascension)_(fate),fate_(series),1.0
jeanne_d'arc_alter_(avenger)_(third_ascension)_(fate),fate/grand_order,1.0
jeanne_d'arc_alter_(fate),fate_(series),1.0
jeanne_d'arc_alter_(swimsuit_berserker)_(fate),fate_(series),0.9996
jeanne_d'arc_alter_(ver._shinjuku_1999)_(fate),fate_(series),0.999
jeanne_d'arc_alter_(violette_vengeur)_(fate),fate/grand_order,1.0
jeanne_d'arc_alter_santa_lily_(fate),fate_(series),0.9995
jeff_andonuts,mother_(series),1.0
jeff_the_land_shark,marvel,0.9932
jellyfish_(splatoon),splatoon_(series),0.9982
jenny_(pokemon),pokemon,0.992
jenny_wakeman,my_life_as_a_teenage_robot,0.9934
jeremiah_gottwald,code_geass,1.0
jervis_(kancolle),kantai_collection,1.0
jessica_(arknights),arknights,0.9992
jessica_(reverse:1999),reverse:1999,1.0
jessica_albert,dragon_quest_viii,1.0
jessica_the_liberated_(arknights),arknights,1.0
jessie_(pokemon),pokemon,1.0
jessie_rasberry,final_fantasy_vii,1.0
jett_(valorant),valorant,0.9963
jewelry_bonney,one_piece,0.9978
ji_(arknights),arknights,1.0
jia_xichun_(project_moon),project_moon,0.9986
jiaoqiu_(honkai:_star_rail),honkai:_star_rail,0.9985
jibanyan,youkai_watch,1.0
jibril_(no_game_no_life),no_game_no_life,1.0
jigen_(cookie),cookie_(touhou),1.0
jigen_daisuke,lupin_iii,1.0
jigglypuff,pokemon,0.9995
jiji_(majo_no_takkyuubin),majo_no_takkyuubin,0.9938
jill_stingray,va-11_hall-a,0.9992
jill_valentine,resident_evil,0.9912
jill_warrick,final_fantasy,1.0
jin_kisaragi,blazblue,1.0
jin_qiu_(ru_shou)_(dislyte),dislyte,1.0
jinako_carigiri,fate_(series),1.0
jinbe_(one_piece),one_piece,0.9986
jing_yuan,honkai:_star_rail,1.0
jingburger,waktaverse,0.9952
jingei_(kancolle),kantai_collection,0.9985
jingliu_(honkai:_star_rail),honkai:_star_rail,0.9993
jingwei_(bird),honkai_(series),0.9988
jinhsi_(wuthering_waves),wuthering_waves,1.0
jinshi_(kusuriya_no_hitorigoto),kusuriya_no_hitorigoto,1.0
jintsuu_(kancolle),kantai_collection,1.0
jintsuu_kai_ni_(kancolle),kantai_collection,1.0
jinu_(kpop_demon_hunters),kpop_demon_hunters,1.0
jinx_(league_of_legends),league_of_legends,0.9994
jirachi,pokemon,0.9989
jiraiya_(naruto),naruto_(series),1.0
jiro_kyoka,boku_no_hero_academia,0.9994
jiu_niangzi,reverse:1999,1.0
jiyan_(wuthering_waves),wuthering_waves,1.0
jogasaki_noah,mahou_shoujo_no_majo_saiban,0.9979
johan_andersen,yu-gi-oh!_gx,1.0
johnny_(guilty_gear),guilty_gear,0.996
johnny_joestar,jojo_no_kimyou_na_bouken,0.9996
johnston_(kancolle),kantai_collection,0.9993
joker_(cookie),cookie_(touhou),1.0
joker_(dc),dc_comics,0.9978
joker_(persona_5),persona_5,0.9983
jolteon,pokemon,0.9987
joltik,pokemon,0.9986
jonathan_joestar,jojo_no_kimyou_na_bouken,1.0
jonouchi_katsuya,yu-gi-oh!,1.0
joseph_joestar,jojo_no_kimyou_na_bouken,0.9995
joseph_joestar_(old),jojo_no_kimyou_na_bouken,1.0
joseph_joestar_(young),jojo_no_kimyou_na_bouken,0.9994
joshua_bright,eiyuu_densetsu,1.0
joshua_rosfield,final_fantasy_xvi,1.0
josuiji_shinri,holostars_english,1.0
jouga_maya,gochuumon_wa_usagi_desu_ka?,1.0
jougasaki_mika,idolmaster_cinderella_girls,0.9998
jougasaki_rika,idolmaster_cinderella_girls,1.0
joutouguu_mayumi,touhou,1.0
joy_(pokemon),pokemon,0.9982
ju_fufu,zenless_zone_zero,0.9991
judal,magi_the_labyrinth_of_magic,1.0
judau_ashta,gundam,0.9973
judd_(splatoon),splatoon_(series),1.0
jude_mathis,tales_of_xillia,1.0
judgement_(helltaker),helltaker,1.0
judith_(tales),tales_of_vesperia,0.9971
judy_hopps,zootopia,0.9941
julia_(fire_emblem),fire_emblem,1.0
julia_(idolmaster),idolmaster_million_live!,1.0
juliana_(pokemon),pokemon_sv,1.0
jum-p,danganronpa_(series),1.0
jumpluff,pokemon,0.9984
jumpy_dumpty,genshin_impact,0.9994
jun'you_(kancolle),kantai_collection,0.9995
jungle_cat_(kemono_friends),kemono_friends,1.0
jungle_pocket_(champion's_battle_cry)_(umamusume),umamusume,1.0
jungle_pocket_(umamusume),umamusume,0.9996
junketsu,kill_la_kill,1.0
junko_(blue_archive),blue_archive,0.9981
junko_(touhou),touhou,0.9997
junkrat_(overwatch),overwatch,1.0
juo_sena,gakuen_idolmaster,0.9992
juri_(blue_archive),blue_archive,0.9975
jururu,waktaverse,1.0
justia_(brown_dust),brown_dust_2,0.9964
justice_(helltaker),helltaker,1.0
justice_task_force_member_(blue_archive),blue_archive,0.9995
justin_(grandia),grandia,1.0
justina_follower_(blue_archive),blue_archive,0.9964
juufuutei_raden,hololive,0.9993
juufuutei_raden_(1st_costume),hololive_dev_is,0.9983
juujou_hiyori,toji_no_miko,1.0
juvia_lockser,fairy_tail,0.9944
jyushimatsu's_girlfriend,osomatsu-san,1.0
k'_(kof),the_king_of_fighters,1.0
k.s.miracle_(umamusume),umamusume,0.9963
k/da_ahri,league_of_legends,0.9838
k/da_akali,league_of_legends,1.0
k/da_all_out_ahri,league_of_legends,1.0
k/da_all_out_akali,league_of_legends,1.0
k/da_all_out_evelynn,league_of_legends,1.0
k1-b0,danganronpa_(series),0.9992
k2_(girls'_frontline),girls'_frontline,1.0
ka-class_submarine,kantai_collection,1.0
kaai_yuki,vocaloid,0.9981
kaban_(kemono_friends),kemono_friends,1.0
kabru,dungeon_meshi,0.9989
kabu_(pokemon),pokemon,1.0
kaburagi_kaede,tiger_&_bunny,1.0
kaburagi_t._kotetsu,tiger_&_bunny,1.0
kaburaki_roco,nijisanji,0.9969
kaburamaru,kimetsu_no_yaiba,1.0
kachimachi_kosuzu,link!_like!_love_live!,1.0
kachimachi_kosuzu_(summer_loungewear),link!_like!_love_live!,1.0
kachina_(genshin_impact),genshin_impact,0.9985
kadoc_zemlupus,fate/grand_order,0.9989
kadoc_zemlupus_(chaldea_uniform),fate/grand_order,0.9959
kadotani_anzu,girls_und_panzer,1.0
kaede_(blue_archive),blue_archive,1.0
kaede_johan_nouvel,assault_lily,1.0
kaedehara_kazuha,genshin_impact,0.9993
kaela_kovalskia,hololive_indonesia,1.0
kaela_kovalskia_(1st_costume),hololive_indonesia,1.0
kaenbyou_rin,touhou,1.0
kaenbyou_rin_(cat),touhou,0.9997
kaeya_(genshin_impact),genshin_impact,0.9997
kaf_(kamitsubaki_studio),kamitsubaki_studio,1.0
kafka_(honkai:_star_rail),honkai_(series),0.9991
kafu_(cevio),cevio,0.9897
kafuru_(senran_kagura),senran_kagura,1.0
kafuu_chino,gochuumon_wa_usagi_desu_ka?,1.0
kaga_(azur_lane),azur_lane,0.9989
kaga_(battleship)_(azur_lane),azur_lane,1.0
kaga_(kancolle),kantai_collection,1.0
kaga_nazuna,vspo!,1.0
kaga_sumire,vspo!,0.9976
kagami_hayato,nijisanji,1.0
kagami_sumika,muv-luv,1.0
kagami_taiga,kuroko_no_basuke,0.9952
kagamihara_nadeshiko,yurucamp,1.0
kagamihara_sakura,yurucamp,1.0
kagamine_len,vocaloid,1.0
kagamine_len_(append),vocaloid,1.0
kagamine_rin,vocaloid,0.9998
kagamine_rin_(append),vocaloid,1.0
kagari_atsuko,little_witch_academia,0.9988
kagayaki_homare,precure,1.0
kagehira_mika,ensemble_stars!,0.9988
kagemori_michiru,brand_new_animal,0.9989
kagero_(fire_emblem),fire_emblem,1.0
kagerou_(kancolle),kantai_collection,1.0
kagerou_kai_ni_(kancolle),kantai_collection,0.9982
kageyama_ritsu,mob_psycho_100,1.0
kageyama_shien,holostars,1.0
kageyama_shigeo,mob_psycho_100,0.9994
kageyama_tobio,haikyuu!!,1.0
kagiyama_hina,touhou,0.9996
kagura_(azumanga_daioh),azumanga_daioh,0.994
kagura_(gintama),gintama,1.0
kagura_hikari,shoujo_kageki_revue_starlight,1.0
kagura_mea,kagura_gumi,0.8665
kagurazaka_asuna,mahou_sensei_negima!,0.9981
kaguya_(blue_archive),blue_archive,1.0
kaguya_(cho_kaguya-hime!),cho_kaguya-hime!,0.9727
kaguya_luna,the_moon_studio,1.0
kaguya_madoka,star_twinkle_precure,1.0
kahili_(pokemon),pokemon,1.0
kaho_(blue_archive),blue_archive,1.0
kai'sa,league_of_legends,1.0
kaiba_seto,yu-gi-oh!,0.9989
kaiboukan_no._4_(kancolle),kantai_collection,1.0
kaida_haru,nijisanji,1.0
kaidou_(one_piece),one_piece,1.0
kaidou_minami,precure,0.9985
kain_highwind,final_fantasy,1.0
kaine_(nier),nier_(series),0.9813
kaiou_michiru,bishoujo_senshi_sailor_moon,1.0
kairi_(kingdom_hearts),kingdom_hearts,1.0
kaito_(vocaloid),vocaloid,0.9999
kaito_(vocaloid3),vocaloid,1.0
kaitou_kid,magic_kaito,0.9502
kaizuka_inaho,aldnoah.zero,1.0
kaji_akihiko,given,1.0
kaji_ryouji,neon_genesis_evangelion,1.0
kajiki_yumi,saki_(manga),1.0
kakania_(reverse:1999),reverse:1999,1.0
kakavasha_(honkai:_star_rail),honkai:_star_rail,1.0
kakine_teitoku,toaru_majutsu_no_index,0.9945
kako_(kancolle),kantai_collection,1.0
kako_kai_ni_(kancolle),kantai_collection,1.0
kaku_seiga,touhou,0.9983
kakuzu_(naruto),naruto_(series),1.0
kakyoin_noriaki,jojo_no_kimyou_na_bouken,0.9997
kal'tsit_(arknights),arknights,0.9989
kale_(dragon_ball),dragon_ball,1.0
kalim_al-asim,twisted_wonderland,1.0
kalina_(girls'_frontline),girls'_frontline,1.0
kallen_kaslana,honkai_(series),0.9987
kalpas_(honkai_impact),honkai_impact_3rd,1.0
kama_(adult)_(fate),fate_(series),1.0
kama_(assassin)_(first_ascension)_(fate),fate/grand_order,1.0
kama_(assassin)_(second_ascension)_(fate),fate/grand_order,1.0
kama_(assassin)_(third_ascension)_(fate),fate/grand_order,1.0
kama_(fate),fate_(series),0.9998
kama_(swimsuit_avenger)_(third_ascension)_(fate),fate_(series),1.0
kama_(teenager)_(fate),fate/grand_order,0.9992
kama_(young)_(fate),fate/grand_order,1.0
kamado_nezuko,kimetsu_no_yaiba,0.9997
kamado_tanjirou,kimetsu_no_yaiba,0.9992
kamanosuke_(zenless_zone_zero),zenless_zone_zero,0.9987
kamen_rider_1,kamen_rider,0.9949
kamen_rider_blade,kamen_rider,1.0
kamen_rider_decade,kamen_rider,0.9925
kamen_rider_double,kamen_rider,0.9974
kamen_rider_faiz,kamen_rider,0.9964
kamen_rider_kuuga,kamen_rider,0.9975
kamen_rider_ooo,kamen_rider,0.9915
kamen_rider_revi,kamen_rider_revice,0.996
kamijo_haruna,idolmaster_cinderella_girls,1.0
kamijou_kyousuke,mahou_shoujo_madoka_magica,1.0
kamijou_touma,toaru_majutsu_no_index,1.0
kamikaze_(kancolle),kantai_collection,0.9996
kamiki_mirai,gundam_build_fighters,1.0
kamikita_komari,little_busters!,0.9985
kamikoshi_sorawo,urasekai_picnic,1.0
kamille_bidan,gundam,0.9864
kamina_(ttgl),tengen_toppa_gurren_lagann,1.0
kaminari_denki,boku_no_hero_academia,1.0
kaminari_qpi,vspo!,0.985
kamio_misuzu,air_(visual_novel),0.9971
kamio_reiji_(yua),kantai_collection,0.9984
kamisaki_hikaru,medalist_(manga),1.0
kamisato_ayaka,genshin_impact,1.0
kamisato_ayaka_(springbloom_missive),genshin_impact,1.0
kamisato_ayato,genshin_impact,0.9951
kamishirasawa_keine,touhou,0.9999
kamishirasawa_keine_(hakutaku),touhou,1.0
kamishiro_rui,project_sekai,1.0
kamiya_kaoru,rurouni_kenshin,1.0
kamiya_midori,original,1.0
kamiya_nao,idolmaster_cinderella_girls,1.0
kamiyama_shiki,summer_pockets,1.0
kamizaki_risa,amagami,1.0
kamoi_(kancolle),kantai_collection,1.0
kamui_(gintama),gintama,1.0
kamui_gakupo,vocaloid,1.0
kamukura_izuru,danganronpa_(series),1.0
kan'u_unchou,ikkitousen,1.0
kana_anaberal,touhou,1.0
kanade_izuru,holostars,1.0
kanae_(nijisanji),nijisanji,1.0
kanae_(tsukiman),original,0.9939
kaname_buccaneer,macross_delta,1.0
kaname_junko,mahou_shoujo_madoka_magica,1.0
kaname_madoka,mahou_shoujo_madoka_magica,1.0
kaname_madoka_(magical_girl),mahou_shoujo_madoka_magica,0.9997
kaname_raana,bang_dream!_it's_mygo!!!!!,1.0
kaname_tatsuya,mahou_shoujo_madoka_magica,1.0
kanamori_sayaka,eizouken_ni_wa_te_wo_dasu_na!,1.0
kanaria,rozen_maiden,1.0
kanbaru_suruga,monogatari_(series),0.9991
kanbe_kotori,rewrite,0.9942
kanda_mizuki,ikemen_onna_to_hakoiri_musume,1.0
kanda_yuu,d.gray-man,1.0
kaneda_shoutarou_(akira),akira_(manga),1.0
kaneki_ken,tokyo_ghoul,1.0
kaneko_lumi,phase_connect,0.9745
kaneshiya_sitara,alice_gear_aegis,1.0
kangaskhan,pokemon,1.0
kaniki_(sameko_saba),indie_virtual_youtuber,1.0
kanna_(blue_archive),blue_archive,0.9995
kanna_(cookie),cookie_(touhou),1.0
kanna_(swimsuit)_(blue_archive),blue_archive,0.9995
kanna_kamui,kobayashi-san_chi_no_maidragon,1.0
kanne_(sousou_no_frieren),sousou_no_frieren,0.9961
kanno_naoe,world_witches_series,1.0
kano_shuuya,kagerou_project,1.0
kanoe_(blue_archive),blue_archive,0.9987
kanon_(umineko),umineko_no_naku_koro_ni,1.0
kanou_aogu,saibou_shinkyoku,0.9993
kanroji_mitsuri,kimetsu_no_yaiba,0.9996
kanzaki_adelheid,heaven_burns_red,1.0
kanzaki_kaori,toaru_majutsu_no_index,0.9982
kanzaki_ranko,idolmaster,0.9995
kanzaki_souma,ensemble_stars!,1.0
kanzuki_karin,street_fighter,1.0
kaonashi,sen_to_chihiro_no_kamikakushi,0.9708
kaori_(splatoon),splatoon_(series),0.9882
kappa_mob_(touhou),touhou,1.0
kar98k_(girls'_frontline),girls'_frontline,0.9986
karen-chan_(ringoanu),rikai_no_aru_karen-chan,1.0
karen_(pokemon),pokemon,1.0
karenina_(pgr),punishing:_gray_raven,1.0
karibuchi_hikari,world_witches_series,1.0
karin_(blue_archive),blue_archive,0.9996
karin_(bunny)_(blue_archive),blue_archive,0.9997
karin_(p&d),puzzle_&_dragons,1.0
karin_(school_uniform)_(blue_archive),blue_archive,1.0
karina_(aespa),aespa,1.0
karina_lyle,tiger_&_bunny,1.0
kariya_masaki,inazuma_eleven_(series),1.0
karlach,dungeons_&_dragons,1.0
karma_(nakiri_ayame),hololive,1.0
karna_(fate),fate_(series),1.0
karna_(fate/apocrypha),fate_(series),1.0
karol_capel,tales_of_(series),1.0
kars_(jojo),jojo_no_kimyou_na_bouken,0.9991
karulau,utawarerumono,1.0
karyl_(princess_connect!),princess_connect!,1.0
karyl_(summer)_(princess_connect!),princess_connect!,1.0
kasai_amane,precure,1.0
kasaki_nozomi,hibike!_euphonium,1.0
kasamoto_eri,metal_slug,1.0
kasane_teto,utau,1.0
kasane_teto_(sv),utau,1.0
kasane_teto_(utau),utau,1.0
kasen_kanesada,touken_ranbu,1.0
kashima_(kancolle),kantai_collection,0.9998
kashima_(lawson)_(kancolle),lawson,1.0
kashima_yuu,gekkan_shoujo_nozaki-kun,1.0
kashimoto_riko,umamusume,0.9964
kashino_(azur_lane),azur_lane,1.0
kashino_(hot_springs_relaxation)_(azur_lane),azur_lane,1.0
kashiwazaki_sena,boku_wa_tomodachi_ga_sukunai,0.9996
kashuu_kiyomitsu,touken_ranbu,1.0
kasodani_kyouko,touhou,1.0
kasuga_ayumu,azumanga_daioh,1.0
kasuga_maru_(kancolle),kantai_collection,1.0
kasuga_mirai,idolmaster_million_live!,0.9981
kasugano_sakura,street_fighter,1.0
kasugano_sora,yosuga_no_sora,0.9958
kasugano_urara_(precure),precure,1.0
kasugano_urara_(yes!_precure_5),precure,1.0
kasukabe_tsumugi,voicevox,0.9869
kasumi_(blue_archive),blue_archive,1.0
kasumi_(doa),dead_or_alive,1.0
kasumi_(kancolle),kantai_collection,0.9994
kasumi_(princess_connect!),princess_connect!,1.0
kasumi_kai_ni_(kancolle),kantai_collection,0.9996
kasumi_kai_ni_(swimsuit)_(kancolle),kantai_collection,1.0
kasumigaoka_utaha,saenai_heroine_no_sodatekata,1.0
katagiri_sanae,idolmaster_cinderella_girls,1.0
katalina_(granblue_fantasy),granblue_fantasy,1.0
katana_man_(chainsaw_man),chainsaw_man,1.0
katano_sukune,len'en,1.0
kataoka_yuuki,saki_(manga),1.0
katara,avatar_legends,0.9972
katarina_(league_of_legends),league_of_legends,1.0
katarina_claes,otome_game_no_hametsu_flag_shika_nai_akuyaku_reijou_ni_tensei_shite_shimatta,0.9953
kate_(shadows_house),shadows_house,1.0
kathryne_keyron,ragnarok_online,1.0
katori_(kancolle),kantai_collection,1.0
katou_asuka,watashi_ga_motenai_no_wa_dou_kangaetemo_omaera_ga_warui!,0.9987
katou_danzou_(fate),fate/grand_order,0.9979
katou_hazuki,hibike!_euphonium,1.0
katou_megumi,saenai_heroine_no_sodatekata,1.0
katou_umi,summer_pockets,1.0
katsuki_yuuri,yuri!!!_on_ice,1.0
katsura_hinagiku,hayate_no_gotoku!,1.0
katsura_kotarou,gintama,1.0
katsura_kotonoha,school_days,0.9957
katsuragi_(kancolle),kantai_collection,1.0
katsuragi_(senran_kagura),senran_kagura,1.0
katsuragi_ace_(dragon_rising_to_the_top)_(umamusume),umamusume,1.0
katsuragi_ace_(umamusume),umamusume,0.999
katsuragi_izumi,link!_like!_love_live!,1.0
katsuragi_kai_(kancolle),kantai_collection,1.0
katsuragi_keima,kami_nomi_zo_shiru_sekai,1.0
katsuragi_lilja,gakuen_idolmaster,0.9989
katsuragi_marina,kouyoku_senki_exs-tia,1.0
katsuragi_misato,neon_genesis_evangelion,0.9995
katsuragi_shiori,kouyoku_senki_exs-tia,1.0
katsushika_hokusai_(fate),fate/grand_order,1.0
katsushika_hokusai_(first_ascension)_(fate),fate/grand_order,1.0
katsushika_hokusai_(second_ascension)_(fate),fate/grand_order,1.0
katsushika_hokusai_(swimsuit_saber)_(fate),fate/grand_order,1.0
katsushika_hokusai_(traveling_outfit)_(fate),fate/grand_order,1.0
katt_(breath_of_fire),breath_of_fire_ii,1.0
katy_(pokemon),pokemon,1.0
katyusha_(girls_und_panzer),girls_und_panzer,0.9997
kaveh_(genshin_impact),genshin_impact,1.0
kawajiri_kosaku,jojo_no_kimyou_na_bouken,0.9968
kawakami_gensai_(fate),fate/grand_order,1.0
kawakami_mai,musaigen_no_phantom_world,1.0
kawakami_princess_(umamusume),umamusume,0.9985
kawakami_sadayo,persona_5,1.0
kawakaze_(azur_lane),azur_lane,0.9974
kawakaze_(kancolle),kantai_collection,0.9994
kawakaze_kai_ni_(kancolle),kantai_collection,1.0
kawamura_reo,sono_hanabira_ni_kuchizuke_wo,0.9966
kawanishi_shinobu,girls_und_panzer,1.0
kawaragi_momoka,girls_band_cry,0.9994
kawashima_ami,toradora!,1.0
kawashima_mizuki,idolmaster_cinderella_girls,1.0
kawashima_momo,girls_und_panzer,1.0
kawashima_sapphire,hibike!_euphonium,1.0
kawashiro_mitori,touhou,1.0
kawashiro_nitori,touhou,0.9998
kawasumi_mai,kanon,0.9978
kawazoe_tamaki,bamboo_blade,1.0
kay_(girls_und_panzer),girls_und_panzer,1.0
kaya_(blue_archive),blue_archive,1.0
kaya_rinha,gakuen_idolmaster,1.0
kayamori_ruka,heaven_burns_red,1.0
kayn_(league_of_legends),league_of_legends,1.0
kayneth_el-melloi_archibald,fate/zero,1.0
kayoko_(blue_archive),blue_archive,0.9994
kayoko_(dress)_(blue_archive),blue_archive,0.9945
kayoko_(new_year)_(blue_archive),blue_archive,1.0
kazagumo_(kancolle),kantai_collection,0.9993
kazakami_saaya,sakura_no_sekai,1.0
kazama_asuka,tekken,0.9991
kazama_iroha,hololive,0.9985
kazama_iroha_(1st_costume),hololive,0.9983
kazama_jin,tekken,1.0
kazama_souta,senpai_ga_uzai_kouhai_no_hanashi,1.0
kazamatsuri_fuuka,disgaea,1.0
kazami_mizuho,onegai_teacher,0.9746
kazami_yuuji,grisaia_(series),1.0
kazami_yuuka,touhou,0.9998
kazami_yuuka_(pc-98),touhou,1.0
kazanari_tsubasa,senki_zesshou_symphogear,1.0
kazano_hiori,idolmaster_shiny_colors,1.0
kazari_(mainichi_kiss_shite_lolita),mainichi_kiss_shite_lolita,1.0
kazemaru_ichirouta,inazuma_eleven_(series),1.0
kazuha's_friend_(genshin_impact),genshin_impact,1.0
kazuma_asogi,ace_attorney,1.0
kazuno_leah,love_live!_sunshine!!,1.0
kazuno_sarah,love_live!_sunshine!!,1.0
kazuradrop_(fate),fate_(series),1.0
kazusa_(band)_(blue_archive),blue_archive,0.9993
kazusa_(blue_archive),blue_archive,0.9996
kazusa_(halloween)_(blue_archive),blue_archive,0.9952
kearsarge_(azur_lane),azur_lane,0.9966
kecleon,pokemon,0.992
kedama_(touhou),touhou,0.9669
kefla_(dragon_ball),dragon_ball,1.0
kei_(blue_archive),blue_archive,0.994
kei_(dirty_pair),dirty_pair,1.0
kei_(m_k),original,1.0
kei_(new_body)_(blue_archive),blue_archive,0.9921
kei_(robot)_(blue_archive),blue_archive,1.0
keith_goodman,tiger_&_bunny,1.0
kel_(faraway)_(omori),omori,1.0
kel_(headspace)_(omori),omori,1.0
kel_(omori),omori,1.0
kemomimi-chan_(naga_u),original,1.0
ken_masters,street_fighter,0.9984
kenjaku,jujutsu_kaisen,0.9893
kenjou_akira,precure,1.0
kenmochi_touya,nijisanji,0.9992
kenmochi_touya_(1st_costume),nijisanji,1.0
kenny_mccormick,south_park,0.9961
kenshiro,hokuto_no_ken,0.9925
kenzaki_makoto,dokidoki!_precure,1.0
keqing_(genshin_impact),genshin_impact,1.0
keqing_(opulent_splendor)_(genshin_impact),genshin_impact,1.0
kero_(cardcaptor_sakura),cardcaptor_sakura,0.9991
keroro,keroro_gunsou,0.9546
kevin_kaslana,honkai_(series),1.0
kfp_employee_(takanashi_kiara),hololive,1.0
khiara_(personal_ami),original,1.0
ki-sikil_(yu-gi-oh!),yu-gi-oh!,1.0
kiana_kaslana,honkai_(series),0.9974
kiana_kaslana_(ba-dum!_fiery_wishing_star),honkai_impact_3rd,1.0
kiana_kaslana_(herrscher_of_finality),honkai_(series),0.9986
kiana_kaslana_(herrscher_of_flamescion),honkai_impact_3rd,1.0
kiana_kaslana_(herrscher_of_the_void),honkai_impact_3rd,1.0
kiana_kaslana_(void_drifter),honkai_(series),0.9919
kiana_kaslana_(white_comet),honkai_impact_3rd,1.0
kiawe_(pokemon),pokemon,1.0
kibutsuji_muzan,kimetsu_no_yaiba,0.9968
kicchou_yachie,touhou,1.0
kid_(chrono_cross),chrono_cross,0.9922
kida_masaomi,durarara!!,1.0
kido_jo,digimon,1.0
kido_tsubomi,kagerou_project,0.9989
kidou_yuuto,inazuma_eleven_(series),1.0
kidouko_(zakusi),original,1.0
kieran_(pokemon),pokemon_sv,1.0
kihara_tsumugu,nagi_no_asukara,1.0
kijin_seija,touhou,0.9998
kiki_(majo_no_takkyuubin),majo_no_takkyuubin,0.9991
kikirara_vivi,hololive_dev_is,1.0
kikuchi_makoto,idolmaster_(classic),1.0
kikuri_(touhou),touhou_(pc-98),1.0
kikuzuki_(kancolle),kantai_collection,1.0
kikyou_(blue_archive),blue_archive,0.9995
kikyou_(inuyasha),inuyasha,0.9967
kikyou_(swimsuit)_(blue_archive),blue_archive,0.9989
killer_bee_cammy,street_fighter,1.0
killer_queen,jojo_no_kimyou_na_bouken,1.0
killua_zoldyck,hunter_x_hunter,0.9984
kim_dokja,omniscient_reader's_viewpoint,0.9995
kim_kitsuragi,disco_elysium,1.0
kim_pine,scott_pilgrim_(series),1.0
kimberly_jackson,street_fighter,1.0
kimeemaru,touhou,0.9972
kimidori_emiri,suzumiya_haruhi_no_yuuutsu,1.0
kimura_natsuki,idolmaster_cinderella_girls,1.0
kin'iro_ryotei_(umamusume),umamusume,1.0
kinagase_tsumugu,kill_la_kill,1.0
kinako_(40hara),original,0.998
kindred_(league_of_legends),league_of_legends,0.9989
king_(aotu_world),aotu_world,1.0
king_(one_piece),one_piece,1.0
king_(snk),ryuuko_no_ken,0.9735
king_cobra_(kemono_friends),kemono_friends,1.0
king_dedede,kirby_(series),1.0
king_halo_(king_of_emeralds)_(umamusume),umamusume,0.9977
king_halo_(umamusume),umamusume,1.0
king_hassan_(fate),fate_(series),1.0
kingdra,pokemon,1.0
kingprotea_(fate),fate_(series),1.0
kingu_(fate),fate_(series),1.0
kinich_(genshin_impact),genshin_impact,1.0
kino_(kino_no_tabi),kino_no_tabi,1.0
kino_aki,inazuma_eleven_(series),1.0
kino_himari,sasayaku_you_ni_koi_wo_utau,1.0
kino_makoto,bishoujo_senshi_sailor_moon,1.0
kinomoto_sakura,cardcaptor_sakura,1.0
kinomoto_sakura_(astral_sakura),cardcaptor_sakura,1.0
kinomoto_sakura_(clear_wings),cardcaptor_sakura,1.0
kinomoto_sakura_(magician),cardcaptor_sakura,1.0
kinon_bachika,tengen_toppa_gurren_lagann,1.0
kinoshita_hideyoshi,baka_to_test_to_shoukanjuu,1.0
kinoshita_hinata,idolmaster_million_live!,0.9975
kinshi_no_ane_(92m),original,1.0
kintoki_(sakura_miko),hololive,1.0
kintsuba_(shiranui_flare),hololive,1.0
kinu_(kancolle),kantai_collection,1.0
kinu_kai_ni_(kancolle),kantai_collection,1.0
kinugasa_(kancolle),kantai_collection,0.9996
kinugasa_kai_ni_(kancolle),kantai_collection,1.0
kinuhata_saiai,toaru_majutsu_no_index,1.0
kiperina,reverse:1999,0.9968
kira_tsubasa,love_live!_school_idol_project,1.0
kira_yamato,gundam_seed,1.0
kira_yoshikage,jojo_no_kimyou_na_bouken,0.9983
kirahoshi_ciel,kirakira_precure_a_la_mode,0.9971
kirakishou,rozen_maiden,1.0
kiran_(fire_emblem),fire_emblem,0.9993
kirara_(blue_archive),blue_archive,1.0
kirara_(genshin_impact),genshin_impact,0.9987
kirarazaka_marina,takopii_no_genzai,1.0
kirby,kirby_(series),1.0
kirifuji_nozomi,the_hundred_line_-last_defense_academy-,0.9977
kirigaya_suguha,sword_art_online,0.999
kirigiri_kyoko,danganronpa_(series),0.9993
kirijou_mitsuru,persona_3,1.0
kiriko_(overwatch),overwatch,0.9985
kirima_syaro,gochuumon_wa_usagi_desu_ka?,0.9987
kirino_(blue_archive),blue_archive,0.9983
kirino_(swimsuit)_(blue_archive),blue_archive,0.9977
kirino_ranmaru,inazuma_eleven_(series),1.0
kirisaki_chitoge,nisekoi,1.0
kirisame_marisa_(pc-98),touhou_(pc-98),0.9988
kirisawa_juuzou_(character),kantai_collection,0.9958
kirishima_(kancolle),kantai_collection,0.9998
kirishima_eijiro,boku_no_hero_academia,1.0
kirishima_kai_ni_(kancolle),kantai_collection,1.0
kirishima_romin,yu-gi-oh!,1.0
kirishima_touka,tokyo_ghoul,0.9991
kiritani_haruka,project_sekai,0.9992
kirito,sword_art_online,0.9985
kirito_(sao-alo),sword_art_online,1.0
kirito_(sao-ggo),sword_art_online,1.0
kiriya_aoi,aikatsu!_(series),0.9992
kirlia,pokemon,1.0
kiroranke,golden_kamuy,1.0
kirschtaria_wodime,fate_(series),0.9987
kiryu_coco,hololive,0.9995
kiryu_coco_(1st_costume),hololive,1.0
kiryu_coco_(loungewear),hololive,1.0
kiryu_kazuma,ryuu_ga_gotoku_(series),0.9986
kiryu_tsukasa_(idolmaster),idolmaster_cinderella_girls,1.0
kiryuin_aoi,umamusume,0.9934
kiryuu_miya,heaven_burns_red,0.9967
kiryuu_moeka,steins;gate,1.0
kiryuuin_ragyou,kill_la_kill,0.9978
kiryuuin_satsuki,kill_la_kill,0.9998
kisaki_(blue_archive),blue_archive,0.9982
kisaki_(kindergarten_uniform)_(blue_archive),blue_archive,1.0
kisaki_(school_uniform)_(blue_archive),blue_archive,1.0
kisaragi_(azur_lane),azur_lane,0.995
kisaragi_(kancolle),kantai_collection,0.9996
kisaragi_chihaya,idolmaster_(classic),1.0
kisaragi_kai_ni_(kancolle),kantai_collection,1.0
kisaragi_momo,kagerou_project,0.9971
kisaragi_nozomi,shinsou_seiki_elementia,1.0
kisaragi_ren_(vspo!),vspo!,1.0
kisaragi_shintarou,kagerou_project,1.0
kise_ryouta,kuroko_no_basuke,0.998
kise_yayoi,precure,1.0
kishibe_(chainsaw_man),chainsaw_man,0.9978
kishibe_rohan,jojo_no_kimyou_na_bouken,1.0
kishido_temma,holostars,1.0
kishimoto_ayase,chaos;head,1.0
kishin_sagume,touhou,1.0
kishinami_(kancolle),kantai_collection,1.0
kishinami_hakuno_(female),fate_(series),1.0
kishinami_hakuno_(male),fate_(series),0.9986
kiso_(kancolle),kantai_collection,1.0
kiso_kai_ni_(kancolle),kantai_collection,1.0
kiss-shot_acerola-orion_heart-under-blade,monogatari_(series),1.0
kiss-shot_acerola-orion_heart-under-blade_(young),monogatari_(series),1.0
kisume,touhou,0.9992
kita_ikuyo,bocchi_the_rock!,1.0
kitagawa_marin,sono_bisque_doll_wa_koi_wo_suru,0.9983
kitagawa_yuusuke,persona_5,1.0
kitakami_(kancolle),kantai_collection,1.0
kitakami_kai_ni_(kancolle),kantai_collection,1.0
kitakami_reika,idolmaster_million_live!,1.0
kitakoji_hisui,nijisanji,1.0
kitami_yuzu,idolmaster_cinderella_girls,1.0
kitarou,gegege_no_kitarou,0.9966
kitasan_black_(crowning_ooban)_(umamusume),umamusume,1.0
kitasan_black_(gilded_shrine_to_glory)_(umamusume),umamusume,0.9976
kitasan_black_(umamusume),umamusume,0.9987
kitashirakawa_anko,tamako_market,1.0
kitashirakawa_chiyuri,touhou_(pc-98),1.0
kitashirakawa_tamako,tamako_market,0.9981
kitazawa_hagumi,bang_dream!,1.0
kitazawa_shiho,idolmaster_million_live!,1.0
kitchen_dragonmaid,yu-gi-oh!,1.0
kitkallos_(yu-gi-oh!),yu-gi-oh!,0.9979
kitsu_chiri,sayonara_zetsubou_sensei,0.9979
kitsune_spirit_(doitsuken),original,1.0
kittan_bachika,tengen_toppa_gurren_lagann,1.0
kitten_(gravity_daze),gravity_daze,0.9987
kiyal_bachika,tengen_toppa_gurren_lagann,1.0
kiyama_hiroto,inazuma_eleven_(series),1.0
kiyohime_(fate),fate_(series),0.9997
kiyohime_(first_ascension)_(fate),fate/grand_order,1.0
kiyohime_(second_ascension)_(fate),fate_(series),1.0
kiyohime_(swimsuit_lancer)_(first_ascension)_(fate),fate_(series),0.9973
kiyohime_(swimsuit_lancer)_(third_ascension)_(fate),fate_(series),1.0
kiyohime_(third_ascension)_(fate),fate/grand_order,1.0
kiyoshimo_(kancolle),kantai_collection,0.9997
kizaki_ren,idolmaster_side-m,1.0
kizaru_(one_piece),one_piece,1.0
kizuna_ai,kizuna_ai_inc.,0.9977
kizuna_ai_(1st_costume),kizuna_ai_inc.,0.999
kizuna_akari,voiceroid,0.996
kjera_(arknights),arknights,1.0
klan_klein,macross,1.0
klara_(pokemon),pokemon,0.999
klaudia_valentz,atelier_(series),1.0
klavier_gavin,ace_attorney,1.0
klee_(blossoming_starlight)_(genshin_impact),genshin_impact,0.998
klee_(genshin_impact),genshin_impact,1.0
klein_moretti,lord_of_the_mysteries,0.999
klonoa,kaze_no_klonoa,0.979
klukai_(girls'_frontline_2),girls'_frontline_2:_exilium,1.0
kneesocks_(psg),panty_&_stocking_with_garterbelt,1.0
knight_(dungeon_and_fighter),dungeon_and_fighter,1.0
knight_(hollow_knight),hollow_knight,1.0
knight_(ragnarok_online),ragnarok_online,0.9983
knight_(yu-gi-oh!),yu-gi-oh!,0.9964
knuckles_the_echidna,sonic_(series),1.0
koakuma,touhou,0.9998
koala_(one_piece),one_piece,1.0
kobayakawa_rinko,love_plus,1.0
kobayakawa_sae,idolmaster_cinderella_girls,1.0
kobayakawa_yutaka,lucky_star,1.0
kobayashi_(maidragon),kobayashi-san_chi_no_maidragon,1.0
kobayashi_mikuru,meitantei_precure!,0.9888
kobo_kanaeru,hololive_indonesia,1.0
kobo_kanaeru_(1st_costume),hololive_indonesia,1.0
kobushi_abiru,sayonara_zetsubou_sensei,0.9952
koby_(one_piece),one_piece,1.0
kochiya_sanae,touhou,0.9997
kochou_kanae,kimetsu_no_yaiba,1.0
kochou_shinobu,kimetsu_no_yaiba,1.0
kodama_fumika,youkai_watch,1.0
koffing,pokemon,1.0
kofune_ushio,summertime_render,1.0
koga_koharu,idolmaster_cinderella_girls,0.998
koga_mitsuki,kininatteru_hito_ga_otoko_ja_nakatta,1.0
kogami_akira,lucky_star,0.9977
koganei_niko,hololive_dev_is,0.9964
kogitsunemaru,touken_ranbu,1.0
kogure_ruka,sakura_no_sekai,0.997
kohaku_(dr._stone),dr._stone,1.0
kohaku_(tsukihime),tsukihime,0.9956
kohaku_(yua),original,1.0
koharu_(blue_archive),blue_archive,0.9983
koharu_(swimsuit)_(blue_archive),blue_archive,1.0
koharu_rikka,cevio,0.9482
kohibari_kurumi,tenshi_souzou_re-boot!,1.0
kohinata_miho,idolmaster_cinderella_girls,1.0
kohinata_miku,senki_zesshou_symphogear,1.0
koishikawa_iko,shy_(series),1.0
koito_otonoshin,golden_kamuy,1.0
koito_yuu,yagate_kimi_ni_naru,0.9975
koiwai_yotsuba,yotsubato!,1.0
koizumi_hanayo,love_live!_school_idol_project,0.9998
koizumi_itsuki,suzumiya_haruhi_no_yuuutsu,1.0
koizumi_itsuki_(female),suzumiya_haruhi_no_yuuutsu,1.0
koizumi_mahiru,danganronpa_(series),1.0
kojima_emi,girls_und_panzer,1.0
kojo_anna,nanashi_inc.,1.0
kojo_anna_(1st_costume),nanashi_inc.,1.0
kokado_shido_(domo),original,0.9962
kokkoro_(princess_connect!),princess_connect!,1.0
kokkoro_(summer)_(princess_connect!),princess_connect!,1.0
koko_(kamitsubaki_studio),kamitsubaki_studio,1.0
kokomine_cocona,flip_flappers,1.0
kokona_(blue_archive),blue_archive,0.999
kokonoe_(blazblue),blazblue,0.9975
kokonoe_rin,kodomo_no_jikan,1.0
kokonose_haruka,kagerou_project,1.0
kokoro_(darling_in_the_franxx),darling_in_the_franxx,1.0
kokoro_(hakui_koyori),hololive,0.9972
kokushibou,kimetsu_no_yaiba,1.0
kokutou_mikiya,kara_no_kyoukai,1.0
koleda_belobog,zenless_zone_zero,0.9972
komachi_panko,phase_connect,1.0
komaeda_nagito,danganronpa_(series),0.9999
komaki_ikuno,to_heart_2,1.0
komaki_manaka,to_heart_(series),1.0
komakusa_sannyo,touhou,1.0
komano_aunn,touhou,1.0
komano_manato,zenless_zone_zero,0.9991
komari_chika,make_heroine_ga_oo_sugiru!,1.0
komaru_(himouto!_umaru-chan),himouto!_umaru-chan,0.9962
komasan,youkai_watch,0.9932
komazawa_noi,cho_kaguya-hime!,0.981
kome-kome,precure,1.0
komeiji_koishi,touhou,0.9998
komeiji_satori,touhou,0.9996
komekko,kono_subarashii_sekai_ni_shukufuku_wo!,1.0
komi_shouko,komi-san_wa_komyushou_desu,0.9991
komi_shuuko,komi-san_wa_komyushou_desu,1.0
komichi_aya,kin-iro_mosaic,1.0
komiya_kaho,idolmaster_shiny_colors,1.0
komori_kiri,sayonara_zetsubou_sensei,1.0
komori_met,vspo!,0.8927
kon_(bleach),bleach,1.0
kon_kanaho,assault_lily,1.0
konan_(naruto),naruto_(series),1.0
konata_(kankin_jk),mishiranu_joshikousei_ni_kankin_sareta_mangaka_no_hanashi,0.9975
kondou_taeko,girls_und_panzer,0.999
kongou_(aoki_hagane_no_arpeggio),aoki_hagane_no_arpeggio,1.0
kongou_(kancolle),kantai_collection,0.9999
kongou_kai_ni_(kancolle),kantai_collection,0.9995
konjiki_no_yami,to_love-ru,1.0
konngara_(touhou),touhou,1.0
konno_junko,zombie_land_saga,1.0
konoe_a._mercury,blazblue,1.0
konoe_kanata,love_live!_nijigasaki_high_school_idol_club,1.0
konoe_konoka,mahou_sensei_negima!,1.0
konoha_(kagerou_project),kagerou_project,1.0
konoka_(blue_archive),blue_archive,0.9548
konori_mii,toaru_majutsu_no_index,1.0
konpaku_youki,touhou,1.0
konpaku_youmu_(ghost),touhou,0.9999
kooh_(pangya),pangya,0.999
koopa_troopa,mario_(series),1.0
koraidon,pokemon,1.0
korok,the_legend_of_zelda,0.9985
koromaru_(persona),persona,0.9982
korra,avatar_legends,0.999
korrina_(pokemon),pokemon,1.0
korwa,granblue_fantasy,1.0
kos-mos,xenosaga,0.9671
kos-mos_ver._4,xenosaga,0.9869
kosaka_honoka,love_live!_school_idol_project,1.0
kosaka_yukiho,love_live!_school_idol_project,1.0
koseki_bijou,hololive_english,0.9984
koseki_bijou_(1st_costume),hololive_english,0.9992
koseki_bijou_(casual),hololive_english,1.0
koseki_reina,idolmaster_cinderella_girls,1.0
koshi_torako,shikanoko_nokonoko_koshitantan,1.0
koshigaya_komari,non_non_biyori,0.9974
koshigaya_natsumi,non_non_biyori,0.9965
koshimizu_sachiko,idolmaster,0.9997
koshimizu_toru,nijisanji,0.9954
koshirae_tsurugi_(m.m),original,1.0
kosma,honkai_impact_3rd,1.0
kotama_(blue_archive),blue_archive,0.9981
kotegawa_yui,to_love-ru,0.9979
koto_satsuki,watashi_ga_koibito_ni_nareru_wake_naijan_murimuri!,1.0
kotobuki_tsumugi,k-on!,1.0
kotohime_(touhou),touhou_(pc-98),1.0
kotoka_torahime,nijisanji,1.0
kotomine_kirei,fate_(series),0.9997
kotomine_kirei_(fate/zero),fate_(series),1.0
kotona_elegance,zoids_genesis,1.0
kotonoha_akane,voiceroid,0.9957
kotonoha_aoi,voiceroid,0.9959
kotonomiya_yuki,suigetsu,0.9886
kotori_(blue_archive),blue_archive,0.9981
kotori_(cheer_squad)_(blue_archive),blue_archive,0.9985
kotori_(takanashi_kiara),hololive,1.0
kotozume_yukari,kirakira_precure_a_la_mode,1.0
kouenji_sayuka,choukou_(alicesoft),0.9892
kouhai-chan_(douki-chan),ganbare_douki-chan,1.0
koujiro_frau,robotics;notes,1.0
kousaka_china,gundam_build_fighters,1.0
kousaka_kirino,ore_no_imouto_ga_konna_ni_kawaii_wake_ga_nai,1.0
kousaka_kyousuke,ore_no_imouto_ga_konna_ni_kawaii_wake_ga_nai,1.0
kousaka_reina,hibike!_euphonium,1.0
kousaka_tamaki,to_heart_(series),1.0
kousaka_umi,idolmaster_million_live!,1.0
kousetsu_samonji,touken_ranbu,1.0
kouya_aotsuki,morenatsu,0.9914
kouyama_rin,futsuu_no_keion-bu,1.0
kouzuki_kallen,code_geass,1.0
kouzuki_mahiru,yoru_no_kurage_wa_oyogenai,1.0
kouzuki_momonosuke,one_piece,1.0
koyama_yuzu,girls_und_panzer,1.0
koyanagi_kaho,watashi_ga_koibito_ni_nareru_wake_naijan_murimuri!,0.9921
koyanagi_rou,nijisanji,1.0
koyanskaya_(assassin)_(first_ascension)_(fate),fate/grand_order,0.9971
koyanskaya_(assassin)_(second_ascension)_(fate),fate/grand_order,1.0
koyanskaya_(chinese_lostbelt_outfit)_(fate),fate/grand_order,1.0
koyanskaya_(fate),fate/grand_order,0.9988
koyanskaya_(foreigner)_(first_ascension)_(fate),fate/grand_order,1.0
koyuki_(blue_archive),blue_archive,0.9985
koyuki_(pajamas)_(blue_archive),blue_archive,0.9969
kozakura_marry,kagerou_project,0.9977
kozume_kenma,haikyuu!!,1.0
kreide_(arknights),arknights,1.0
kriemhild_(fate),fate_(series),1.0
krile_mayer_baldesion_(ff5),final_fantasy_v,1.0
kris_(dark_world)_(deltarune),utdr_(toby_fox),1.0
kris_(deltarune),utdr_(toby_fox),1.0
kris_(pokemon),pokemon,1.0
krista_lenz,shingeki_no_kyojin,0.9995
kristen_(arknights),arknights,1.0
krolik_(girls'_frontline_2),girls'_frontline_2:_exilium,1.0
kromer_(project_moon),limbus_company,1.0
kronie_(ouro_kronii),hololive,0.9979
kroos_(arknights),arknights,0.9987
kroos_the_keen_glint_(arknights),arknights,0.9947
krul_tepes,owari_no_seraph,1.0
krystal,star_fox,1.0
kson,vshojo,0.593
ksvk_(girls'_frontline),girls'_frontline,1.0
kubiwa_(kutan),original,1.0
kuchiki_byakuya,bleach,1.0
kuchiki_rukia,bleach,1.0
kudamaki_tsukasa,touhou,1.0
kudelia_aina_bernstein,gundam_tekketsu_no_orphans,1.0
kudou_fuyuka,inazuma_eleven_(series),1.0
kudou_shin'ichi,meitantei_conan,1.0
kuga_natsuki,my-hime,0.9957
kugisaki_nobara,jujutsu_kaisen,0.9996
kuja,final_fantasy,1.0
kujaku_mai,yu-gi-oh!,1.0
kujikawa_rise,persona,1.0
kujo_holy,jojo_no_kimyou_na_bouken,1.0
kujo_jolyne,jojo_no_kimyou_na_bouken,1.0
kujo_jotaro,jojo_no_kimyou_na_bouken,0.9995
kujou_hikari,futari_wa_precure,1.0
kujou_karen,kin-iro_mosaic,1.0
kujou_miyako,9-nine-,1.0
kujou_riu,mahjong_soul,1.0
kujou_sara,genshin_impact,0.9996
kuki_shinobu,genshin_impact,0.9973
kukulkan_(fate),fate/grand_order,1.0
kukuri_(mahoujin_guruguru),mahoujin_guruguru,0.9929
kukuri_(mawaru),original,0.989
kula_diamond,the_king_of_fighters,0.9975
kuma_(human)_(persona_4),persona,1.0
kuma_(kancolle),kantai_collection,1.0
kuma_(persona_4),persona,1.0
kumacy,one_piece,0.9963
kumada_masaru,onna_ga_nigate_na_yankee_to_shoujo_no_hanashi,1.0
kumano_(kancolle),kantai_collection,0.9997
kumano_kai_ni_(kancolle),kantai_collection,1.0
kumashiro_maya,seikimatsu_occult_gakuin,1.0
kumatora,mother_(series),0.9979
kumbhira_(granblue_fantasy),granblue_fantasy,0.9982
kumoi_ichirin,touhou,0.9997
kunashiri_(kancolle),kantai_collection,1.0
kunihiro_hajime,saki_(manga),1.0
kunikida_hanamaru,love_live!,1.0
kunimi_tama,heaven_burns_red,0.9779
kunkun,rozen_maiden,0.9963
kunosato_mio,chaos;child,1.0
kunou_kodachi,ranma_1/2,1.0
kuo_shenlin,assault_lily,0.9959
kuon_(utawarerumono),utawarerumono,1.0
kuonji_alice,mahou_tsukai_no_yoru,0.9694
kuonji_ukyou,ranma_1/2,0.9909
kuradoberi_jam,guilty_gear,1.0
kurama_(yu_yu_hakusho),yu_yu_hakusho,0.9937
kuramitsu_mihoshi,tenchi_muyou!,1.0
kuramochi_meruto,nijisanji,0.9987
kuramochi_meruto_(1st_costume),nijisanji,0.9966
kuramoto_china,gakuen_idolmaster,1.0
kurapika,hunter_x_hunter,0.9988
kurari-chan_(iyowa),kyu-kurarin_(cevio),0.976
kurata_mashiro,bang_dream!,1.0
kurata_sayuri,kanon,1.0
kuraue_hinata,yama_no_susume,1.0
kure_kirika,mahou_shoujo_madoka_magica,1.0
kureiji_ollie,hololive_indonesia,1.0
kureiji_ollie_(1st_costume),hololive_indonesia,1.0
kuriboh,yu-gi-oh!,1.0
kurikoma_komaru,aogiri_koukou,1.0
kuririn,dragon_ball,0.9989
kuriyama_mirai,kyoukai_no_kanata,1.0
kuro_(megateru),uchi_no_kuroneko_onnanoko,1.0
kuro_(uchi_no_kuroneko_onnanoko),uchino_kuroneko_onnanoko,1.0
kuroba_kaito,magic_kaito,0.963
kurobe_nanoka,mahou_shoujo_no_majo_saiban,0.9942
kurobe_natsumi,senpai_ga_uzai_kouhai_no_hanashi,1.0
kuroda_kunika,world_witches_series,1.0
kurodani_yamame,touhou,1.0
kuroe_shizuku,sono_bisque_doll_wa_koi_wo_suru,1.0
kurohebi,len'en,0.997
kuroi_mato,black_rock_shooter,1.0
kuroka_(high_school_dxd),high_school_dxd,1.0
kurokami_fubuki,hololive,1.0
kurokawa_akane,oshi_no_ko,0.9982
kurokawa_chiaki,idolmaster_cinderella_girls,1.0
kurokawa_eren,precure,0.999
kuroki_tomoki,watashi_ga_motenai_no_wa_dou_kangaetemo_omaera_ga_warui!,1.0
kuroki_tomoko,watashi_ga_motenai_no_wa_dou_kangaetemo_omaera_ga_warui!,1.0
kuroko_tetsuya,kuroko_no_basuke,0.9964
kurokoma_saki,touhou,1.0
kuromi,sanrio,1.0
kuromine_chiharu,sakura_no_sekai,1.0
kuromiya_raika_(kuromiya),original,1.0
kuronami_(lvi),original,1.0
kuroo_tetsurou,haikyuu!!,1.0
kurosaki_chitose,idolmaster_cinderella_girls,1.0
kurosaki_ichigo,bleach,0.9973
kurosaki_mea,to_love-ru,1.0
kurosawa_dia,love_live!_sunshine!!,1.0
kurosawa_ruby,love_live!,1.0
kuroshio_(kancolle),kantai_collection,1.0
kuroshio_kai_ni_(kancolle),kantai_collection,0.9966
kurosu_aroma,pripara,1.0
kurotsuchi_nemu,bleach,1.0
kuroyukihime,accel_world,1.0
kurugaya_yuiko,little_busters!,1.0
kurumi_(blue_archive),blue_archive,1.0
kurumi_(kantoku),original,0.9964
kurumi_(lycoris_recoil),lycoris_recoil,0.998
kurumi_(touhou),touhou_(pc-98),1.0
kurumi_erika,heartcatch_precure!,1.0
kurumi_noah,vspo!,0.9989
kururugi_suzaku,code_geass,1.0
kururun_(precure),precure,0.9924
kurusu_kimihito,monster_musume_no_iru_nichijou,1.0
kurusugawa_ayaka,to_heart_(series),1.0
kurusugawa_himeko,kannazuki_no_miko,1.0
kusakabe_misao,lucky_star,0.9983
kusanagi_kyou,the_king_of_fighters,1.0
kusanagi_motoko,ghost_in_the_shell,0.9983
kusanagi_nene,project_sekai,1.0
kushieda_minori,toradora!,0.9983
kushima_kamome,summer_pockets,0.997
kusugawa_sasara,to_heart_(series),1.0
kusunoki_yua,chaos;head,1.0
kusuriuri_(mononoke),mononoke,0.9936
kuwata_leon,danganronpa_(series),0.9968
kuwayama_chiyuki,idolmaster_shiny_colors,1.0
kuya_(nu_carnival),nu_carnival,1.0
kuze_masachika,tokidoki_bosotto_roshia-go_de_dereru_tonari_no_alya-san,1.0
kuze_shizuka,takopii_no_genzai,1.0
kuzu_suzumi,len'en,0.9975
kuzuha_(1st_costume)_(nijisanji),nijisanji,1.0
kuzuha_(nijisanji),nijisanji,1.0
kuzuki_souichirou,fate_(series),0.9961
kuzunoha_raidou,devil_summoner_(series),0.9846
kuzuryu_fuyuhiko,danganronpa_(series),1.0
ky_kiske,guilty_gear,0.999
kyan_reki,sk8_the_infinity,1.0
kylar_(degrees_of_lewdity),degrees_of_lewdity,1.0
kyle_broflovski,south_park,0.9954
kyogre,pokemon,0.9987
kyoka_(halloween)_(princess_connect!),princess_connect!,1.0
kyoka_(princess_connect!),princess_connect!,0.9993
kyon,suzumiya_haruhi_no_yuuutsu,1.0
kyon's_sister,suzumiya_haruhi_no_yuuutsu,1.0
kyonko,suzumiya_haruhi_no_yuuutsu,1.0
kyoumachi_seika,voiceroid,0.9972
kyouno_madoka,rinne_no_lagrange,1.0
kyubey,mahou_shoujo_madoka_magica,0.9984
kyurem,pokemon,0.9931
kyururu_(kemono_friends),kemono_friends,1.0
l_(death_note),death_note,0.9981
la+_darknesss,hololive,0.9991
la+_darknesss_(1st_costume),hololive,1.0
la_manchaland's_don_quixote_(project_moon),limbus_company,1.0
la_pluma_(arknights),arknights,1.0
la_pluma_(summer_flowers)_(arknights),arknights,1.0
label_(nikke),goddess_of_victory:_nikke,0.995
label_girl_(dipp),touhou,1.0
laby_(elsword),elsword,1.0
lace_(hollow_knight),hollow_knight,1.0
lacey_(pokemon),pokemon,0.9993
lacus_clyne,gundam_seed,0.9981
lady_(devil_may_cry),devil_may_cry_(series),1.0
lady_avalon_(fate),fate_(series),0.9953
lady_avalon_(second_ascension)_(fate),fate/grand_order,0.9906
lady_maria_of_the_astral_clocktower,bloodborne,1.0
lady_nagant,boku_no_hero_academia,1.0
ladydevimon,digimon,1.0
lae'zel,baldur's_gate_3,1.0
laegjarn_(fire_emblem),fire_emblem,1.0
laevatain_(arknights),arknights,0.987
laevatein_(arknights),arknights,1.0
laevatein_(nanoha),lyrical_nanoha,0.9976
laffey_(azur_lane),azur_lane,1.0
lagann,tengen_toppa_gurren_lagann,1.0
laguna_loire,final_fantasy_viii,1.0
laharl,disgaea,1.0
laimu_(vtuber),vinesauce,0.9782
lain_paterson,nijisanji,1.0
lain_paterson_(1st_costume),nijisanji,1.0
laios_touden,dungeon_meshi,0.9994
lakshmibai_(fate),fate/grand_order,1.0
lala_(monster_musume),monster_musume_no_iru_nichijou,1.0
lala_satalin_deviluke,to_love-ru,1.0
lala_tramont,143_ocean_boulevard,1.0
lalah_sune,gundam,0.9976
lamb_(league_of_legends),league_of_legends,0.9989
lambda-11,blazblue,1.0
lambdadelta,umineko_no_naku_koro_ni,1.0
lamia_(pgr),punishing:_gray_raven,1.0
lampent,pokemon,1.0
lan_hikari_(mega_man),mega_man_battle_network_(series),0.9978
lan_wangji,modao_zushi,1.0
lana's_mother_(pokemon),pokemon,1.0
lana_(pokemon),pokemon,0.9994
lance_(pokemon),pokemon,1.0
lancelot_(fate/grand_order),fate_(series),1.0
lancelot_(fate/zero),fate_(series),1.0
lancelot_(granblue_fantasy),granblue_fantasy,1.0
land_(sousou_no_frieren),sousou_no_frieren,0.998
langley_(kancolle),kantai_collection,1.0
lantern_(honkai_impact),honkai_impact_3rd,1.0
lanturn,pokemon,1.0
lao_jiu,blazblue,1.0
lapis_(fire_emblem),fire_emblem_engage,0.9981
lapis_lazuli_(houseki_no_kuni),houseki_no_kuni,0.998
lapis_lazuli_(steven_universe),steven_universe,0.9962
laplace_(nikke),goddess_of_victory:_nikke,1.0
lappland_(arknights),arknights,0.9997
lappland_(refined_horrormare)_(arknights),arknights,1.0
lappland_the_decadenza_(arknights),arknights,0.9969
lapras,pokemon,0.996
lara_croft,tomb_raider,0.9942
larcei_(fire_emblem),fire_emblem,1.0
large-spotted_genet_(kemono_friends),kemono_friends,1.0
larry_(pokemon),pokemon,1.0
lars_rorschach,lovebrush_chronicles,1.0
larva_tiamat_(fate),fate/grand_order,1.0
larvesta,pokemon,1.0
larvitar,pokemon,1.0
lass_(pokemon),pokemon,1.0
last_order_(toaru_majutsu_no_index),toaru_majutsu_no_index,0.9937
latias,pokemon,0.9994
latifa_fleuranza,amagi_brilliant_park,1.0
latios,pokemon,0.9991
lauma_(genshin_impact),genshin_impact,1.0
laundry_dragonmaid,yu-gi-oh!,0.999
laura_bodewig,infinite_stratos,1.0
laura_kinney,marvel,1.0
laura_la_mer,precure,0.9989
laura_matsuda,street_fighter,1.0
laura_s._arseid,eiyuu_densetsu,1.0
lauren_iroas,nijisanji,0.9982
lava_(arknights),arknights,1.0
lavi,d.gray-man,1.0
lavinia_whateley_(fate),fate/grand_order,1.0
law-chan,one_piece,1.0
lawine_(sousou_no_frieren),sousou_no_frieren,0.9965
layla_(genshin_impact),genshin_impact,1.0
layla_(idolmaster),idolmaster_cinderella_girls,1.0
le_malin_(azur_lane),azur_lane,0.9995
le_malin_(listless_lapin)_(azur_lane),azur_lane,1.0
leaf_(pokemon),pokemon,0.9993
leafa_(sao),sword_art_online,1.0
leafeon,pokemon,0.9991
leavanny,pokemon,0.9964
lebanne_(pokemon),pokemon_legends:_z-a,0.9954
leblanc_(league_of_legends),league_of_legends,1.0
lecia_(granblue_fantasy),granblue_fantasy,1.0
lee-enfield_(girls'_frontline),girls'_frontline,1.0
lee_(arknights),arknights,0.9982
lee_(pgr),punishing:_gray_raven,1.0
lei_fang,dead_or_alive,0.9974
leia_rolando,tales_of_xillia,1.0
leina_(queen's_blade),queen's_blade,1.0
leizi_(arknights),arknights,0.9966
lelouch_vi_britannia,code_geass,1.0
lemuen_(arknights),arknights,0.999
len_(tsukihime),tsukihime,1.0
lenalee_lee,d.gray-man,0.9976
lenna_(girls'_frontline_2),girls'_frontline_2:_exilium,1.0
lenna_charlotte_tycoon,final_fantasy,1.0
lenneth_valkyrie,valkyrie_profile_(series),0.9911
leo/need_miku,vocaloid,1.0
leo_(fire_emblem_fates),fire_emblem,0.9916
leo_(senran_kagura),senran_kagura,1.0
leon_(pokemon),pokemon,1.0
leon_s._kennedy,resident_evil,0.9902
leona_(league_of_legends),league_of_legends,1.0
leona_heidern,the_king_of_fighters,1.0
leona_kingscholar,twisted_wonderland,1.0
leonardo_da_vinci_(caster)_(fate),fate/grand_order,1.0
leonardo_da_vinci_(fate),fate_(series),1.0
leonardo_da_vinci_(rider)_(fate),fate_(series),1.0
leonardo_da_vinci_(rider)_(first_ascension)_(fate),fate/grand_order,1.0
leone_abbacchio,jojo_no_kimyou_na_bouken,1.0
leonie_pinelli,fire_emblem,1.0
leopard_(yatterman),yoru_no_yatterman,1.0
leoparde_(mahou_shoujo_ni_akogarete),mahou_shoujo_ni_akogarete,0.9975
leorio_paladiknight,hunter_x_hunter,1.0
leos_vincent,nijisanji,0.9976
lethe_(fire_emblem),fire_emblem,1.0
letty_whiterock,touhou,0.9998
leva_(girls'_frontline_2),girls'_frontline_2:_exilium,0.9982
levi_(fear_&_hunger),fear_&_hunger_2:_termina,1.0
levi_(shingeki_no_kyojin),shingeki_no_kyojin,0.9992
levi_elipha,nijisanji,1.0
levi_the_slasher,lyrical_nanoha,1.0
levia_(closers),closers,1.0
leviathan_(nikke),goddess_of_victory:_nikke,0.9947
leviathan_(skullgirls),skullgirls,1.0
leviathan_(umineko),umineko_no_naku_koro_ni,1.0
levy_mcgarden,fairy_tail,0.9965
lewis_smith,yuuki_bakuhatsu_bang_bravern,1.0
lexington_(warship_girls_r),warship_girls_r,1.0
li_huowang,dao_gui_yi_xian,1.0
li_meiling,cardcaptor_sakura,1.0
li_shuwen_(fate),fate_(series),1.0
li_shuwen_(young)_(fate),fate_(series),1.0
li_sui_(tentacles),dao_gui_yi_xian,1.0
li_sushang,honkai_(series),1.0
li_syaoran,cardcaptor_sakura,1.0
li_yuting_(female),touqi_guaitan,1.0
li_yuting_(male),touqi_guaitan,1.0
liang_yue_(reverse:1999),reverse:1999,1.0
libeccio_(kancolle),kantai_collection,1.0
lida_(pokemon),pokemon,1.0
liechtenstein_(hetalia),axis_powers_hetalia,1.0
liepard,pokemon,0.9937
lieza_(arc_the_lad),arc_the_lad,1.0
lifeline_(apex_legends),apex_legends,1.0
light_cruiser_oni,kantai_collection,1.0
light_cruiser_princess,kantai_collection,1.0
light_dragon_(zelda),the_legend_of_zelda,0.9975
light_hello_(umamusume),umamusume,1.0
lighter_(zenless_zone_zero),zenless_zone_zero,1.0
lightning_farron,final_fantasy,1.0
liko_(pokemon),pokemon_(anime),1.0
lil-la_(yu-gi-oh!),yu-gi-oh!,0.9989
lila_decyrus,atelier_ryza,1.0
lili_(tekken),tekken,0.9951
lilia_vanrouge,twisted_wonderland,0.9975
lilimon,digimon,1.0
lilina_(fire_emblem),fire_emblem,1.0
liliruca_arde,dungeon_ni_deai_wo_motomeru_no_wa_machigatteiru_darou_ka,1.0
lilith_(darkstalkers),darkstalkers,0.9987
lilith_(fate),fate/grand_order,0.9994
lilith_(first_ascension)_(fate),fate/grand_order,0.9963
lilith_(hazbin_hotel),hellaverse,1.0
lilith_(machikado_mazoku),machikado_mazoku,1.0
lilith_(saikin_yatotta_maid_ga_ayashii),saikin_yatotta_maid_ga_ayashii,1.0
lilith_(second_ascension)_(fate),fate/grand_order,1.0
lilith_(statue)_(machikado_mazoku),machikado_mazoku,1.0
lilithmon,digimon,1.0
liliweiss_(nikke),goddess_of_victory:_nikke,1.0
liliya_olenyeva,honkai_impact_3rd,0.9984
lilka_eleniak,wild_arms,1.0
lillie_(pokemon),pokemon,0.9998
lilligant,pokemon,0.9974
lilpa,waktaverse,0.9964
lily_(ender_lilies),ender_lilies_quietus_of_the_knights,1.0
lily_(vocaloid),vocaloid,1.0
lily_black,touhou,1.0
lily_white,touhou,0.9992
lilya_(reverse:1999),reverse:1999,0.9968
limealicious,vinesauce,0.9938
lin_(arknights),arknights,0.9989
lina_(michihasu),original,0.9965
lina_inverse,slayers,1.0
lina_kontiola,orc_wa_nozomanai,1.0
lindy_harlaown,lyrical_nanoha,1.0
ling_(arknights),arknights,0.9989
ling_xiaoyu,tekken,0.9937
lingsha_(honkai:_star_rail),honkai:_star_rail,0.9987
linhardt_von_hevring,fire_emblem,1.0
link,the_legend_of_zelda,1.0
linne_(under_night_in-birth),under_night_in-birth,1.0
lio_fotia,promare,0.9992
lion_(kemono_friends),kemono_friends,1.0
lion_king_(lancer)_(fate),fate_(series),1.0
liru,renkin_san-kyuu_magical_pokaan,1.0
lisa_(genshin_impact),genshin_impact,1.0
lisa_(ponyo),gake_no_ue_no_ponyo,0.996
lisa_lisa,jojo_no_kimyou_na_bouken,1.0
lisbeth_(sao),sword_art_online,0.995
lisia_(pokemon),pokemon,1.0
liskarm_(arknights),arknights,0.9989
lissa_(fire_emblem),fire_emblem,1.0
listener_(inugami_korone),hololive,1.0
litchi_faye_ling,blazblue,1.0
litten,pokemon,1.0
little_bel_(azur_lane),azur_lane,1.0
little_blue_whale_(kancolle),kantai_collection,1.0
little_boy_admiral_(kancolle),kantai_collection,1.0
little_girl_admiral_(kancolle),kantai_collection,1.0
little_ica_(honkai:_star_rail),honkai:_star_rail,0.9986
little_mac,punch-out!!,0.9935
little_mermaid_(nikke),goddess_of_victory:_nikke,0.9984
little_red_riding_hood_(fairy_tale_character),little_red_riding_hood_(fairy_tale),0.9966
littorio_(kancolle),kantai_collection,0.9992
litwick,pokemon,1.0
liu_qingcheng,touqi_guaitan,1.0
liv_(pgr),punishing:_gray_raven,1.0
live_twin_ki-sikil,yu-gi-oh!,1.0
live_twin_lil-la,yu-gi-oh!,1.0
lize_helesta,nijisanji,0.9979
lize_helesta_(1st_costume),nijisanji,1.0
lize_helesta_(4th_costume),nijisanji,1.0
llenn_(sao),sword_art_online_alternative:_gun_gale_online,1.0
lloyd_bannings,eiyuu_densetsu,1.0
lloyd_irving,tales_of_(series),0.996
loba_(apex_legends),apex_legends,1.0
locke_cole,final_fantasy,1.0
lockon_stratos,gundam_00,1.0
logos_(arknights),arknights,0.9983
lois_lane,dc_comics,1.0
loki_(fire_emblem),fire_emblem,1.0
loki_(marvel),marvel,0.9937
lokulo-chan_(lokulo_no_mawashimono),original,0.9957
long_island_(azur_lane),azur_lane,1.0
loona_(helluva_boss),hellaverse,1.0
lopunny,pokemon,0.9995
lora_(xenoblade),xenoblade_chronicles_2,1.0
loran_cehack,gundam,1.0
lord_el-melloi_ii,fate_(series),0.9982
lord_knight_(ragnarok_online),ragnarok_online,1.0
lorelei_(pokemon),pokemon,1.0
loremaster_(helltaker),helltaker,1.0
lorenz_hellman_gloucester,fire_emblem,1.0
lotad,pokemon,1.0
lotte_jansson,little_witch_academia,0.9981
louhi_(fate),fate/grand_order,1.0
louie_(pikmin),pikmin_(series),1.0
louise_(touhou),touhou_(pc-98),1.0
louise_francoise_le_blanc_de_la_valliere,zero_no_tsukaima,1.0
lovely_labrynth_of_the_silver_castle,yu-gi-oh!,0.9995
loves_only_you_(umamusume),umamusume,1.0
lu_guang,shiguang_dailiren,1.0
lu_xueqi_(zhu_xian),zhu_xian,1.0
luca_balsa,identity_v,0.9971
luca_kaneshiro,nijisanji,0.993
lucario,pokemon,0.9994
lucas_(mother_3),mother_3,0.9979
lucas_(pokemon),pokemon,0.9993
lucas_lee,scott_pilgrim_(series),1.0
lucca_ashtear,chrono_trigger,0.9985
luce_(jubilee_2025),jubilee_2025,1.0
lucia:_plume_(pgr),punishing:_gray_raven,1.0
lucia_(pgr),punishing:_gray_raven,0.9992
lucia_(scott_malin),original,0.9851
lucia_elowen,zenless_zone_zero,0.989
luciana_de_montefio,zenless_zone_zero,0.9995
lucie_(millie_parfait),nijisanji_en,0.9962
luciela_r._sourcream,elsword,1.0
lucifer_(helltaker),helltaker,0.9985
lucifer_(shingeki_no_bahamut),granblue_fantasy,0.9642
lucifer_(umineko),umineko_no_naku_koro_ni,1.0
lucifer_morningstar_(hazbin_hotel),hellaverse,1.0
lucifero_(guilty_gear),guilty_gear,1.0
lucina_(fire_emblem),fire_emblem_awakening,1.0
lucky_beast_(kemono_friends),kemono_friends,0.9986
lucky_lilac_(umamusume),umamusume,0.9977
lucoa_(maidragon),kobayashi-san_chi_no_maidragon,0.9994
lucy's_crew_(zenless_zone_zero),zenless_zone_zero,0.9971
lucy_(cyberpunk),cyberpunk_(series),0.9982
lucy_(elfen_lied),elfen_lied,1.0
lucy_(reverse:1999),reverse:1999,1.0
lucy_heartfilia,fairy_tail,0.9993
lucy_maria_misora,to_heart_2,1.0
ludger_will_kresnik,tales_of_xillia,1.0
lugia,pokemon,0.9951
luigi,mario_(series),1.0
luigi_di_savoia_duca_degli_abruzzi_(kancolle),kantai_collection,1.0
luigi_torelli_(kancolle),kantai_collection,1.0
luka_(alien_stage),alien_stage,1.0
luka_(mon-musu_quest!),mon-musu_quest!,1.0
luke_fon_fabre,tales_of_the_abyss,0.9989
luke_pearce_(tears_of_themis),tears_of_themis,1.0
luke_skywalker,star_wars,1.0
luke_sullivan,street_fighter,1.0
lulu_(ff10),final_fantasy,1.0
lulu_(league_of_legends),league_of_legends,0.999
lum,urusei_yatsura,0.994
luma_(mario),mario_(series),0.9986
lumen_(arknights),arknights,1.0
lumen_(gunvolt),azure_striker_gunvolt,0.9969
lumine_(genshin_impact),genshin_impact,0.9994
luna-p,bishoujo_senshi_sailor_moon,1.0
luna_(honkai_impact),honkai_impact_3rd,0.9984
luna_(pgr),punishing:_gray_raven,1.0
luna_(sailor_moon),bishoujo_senshi_sailor_moon,1.0
luna_child,touhou,0.9994
luna_platz_(mega_man),mega_man_star_force_(series),1.0
luna_snow,marvel,1.0
lunafreya_nox_fleuret,final_fantasy,1.0
lunala,pokemon,1.0
lunamaria_hawke,gundam_seed,1.0
lunasa_prismriver,touhou,1.0
lunatone,pokemon,0.997
lunch_(bad)_(dragon_ball),dragon_ball,1.0
lunch_(dragon_ball),dragon_ball,1.0
luo_binghe,renzha_fanpai_zijiu_xitong,0.9975
luo_shun_yao,original,1.0
luo_tianyi,vocaloid,1.0
luo_xiaohei,the_legend_of_luo_xiaohei,0.9903
luo_xiaohei_(cat),the_legend_of_luo_xiaohei,0.9828
luo_xiaohei_(human),the_legend_of_luo_xiaohei,0.9986
luocha_(honkai:_star_rail),honkai:_star_rail,0.9976
luonnotar_(genshin_impact),genshin_impact,1.0
lupa_(wuthering_waves),wuthering_waves,0.9972
lurantis,pokemon,0.9979
lusamine_(pokemon),pokemon,0.9988
lust_(fma),fullmetal_alchemist,0.9964
lute_(fire_emblem),fire_emblem:_the_sacred_stones,1.0
luthar_(fate),fate/grand_order,1.0
luther_von_ivory,randal's_friends,1.0
luuk_herssen_(wuthering_waves),wuthering_waves,1.0
luvdisc,pokemon,1.0
luviagelita_edelfelt,fate_(series),1.0
lux_(league_of_legends),league_of_legends,0.9993
luxray,pokemon,1.0
luz_noceda,the_owl_house,1.0
lycanroc,pokemon,0.9965
lycanroc_(dusk),pokemon,1.0
lycanroc_(midday),pokemon,0.9914
lycanroc_(midnight),pokemon,1.0
lycion,dungeon_meshi,1.0
lyn_(blade_&_soul),blade_&_soul,0.9941
lyn_(fire_emblem),fire_emblem,0.9996
lynae_(wuthering_waves),wuthering_waves,0.9908
lynette_(genshin_impact),genshin_impact,1.0
lynette_bishop,world_witches_series,1.0
lyney_(genshin_impact),genshin_impact,1.0
lynn_minmay,macross,1.0
lyra_(pokemon),pokemon,0.9996
lyre_(fire_emblem),fire_emblem:_radiant_dawn,0.9859
lyria_(granblue_fantasy),granblue_fantasy,1.0
lyrica_prismriver,touhou,1.0
lysandre_(pokemon),pokemon,1.0
lysithea_von_ordelia,fire_emblem,1.0
lysithea_von_ordelia_(timeskip),fire_emblem,1.0
m._bison,street_fighter,1.0
m14_(girls'_frontline),girls'_frontline,0.9977
m16a1_(boss)_(girls'_frontline),girls'_frontline,1.0
m16a1_(girls'_frontline),girls'_frontline,1.0
m200_(girls'_frontline),girls'_frontline,1.0
m4_sopmod_ii_(girls'_frontline),girls'_frontline,1.0
m4a1_(girls'_frontline),girls'_frontline,1.0
m4a1_(mod3)_(girls'_frontline),girls'_frontline,1.0
m950a_(girls'_frontline),girls'_frontline,1.0
maaryan_(to_heart),to_heart_2,1.0
mabel_pines,gravity_falls,1.0
mabosstiff,pokemon,1.0
machamp,pokemon,1.0
machina_x_flayon,holostars_english,1.0
machita_chima,nijisanji,1.0
machoke,pokemon,0.9972
mad_hatter_(alice_in_wonderland),alice's_adventures_in_wonderland,0.9093
mademoiselle_crabaletta,genshin_impact,1.0
madoka_aguri,dokidoki!_precure,1.0
madotsuki,yume_nikki,0.9996
maebara_keiichi,higurashi_no_naku_koro_ni,1.0
maeda_toushirou,touken_ranbu,1.0
maehara_shinobu,love_hina,1.0
maekawa_miku,idolmaster_cinderella_girls,1.0
maestrale_(kancolle),kantai_collection,1.0
mafia_kajita,goho_mafia!_kajita-kun,0.934
maga-g,danganronpa_(series),1.0
magallan_(arknights),arknights,1.0
magatsuchi_shouta,kobayashi-san_chi_no_maidragon,1.0
mage_(dq3),dragon_quest_iii,1.0
mage_(ragnarok_online),ragnarok_online,1.0
magia_azure,mahou_shoujo_ni_akogarete,1.0
magia_baiser,mahou_shoujo_ni_akogarete,1.0
magical_mirai_miku,vocaloid,0.9996
magical_mirai_miku_(2016),magical_mirai_(vocaloid),1.0
magical_mirai_miku_(2018),magical_mirai_(vocaloid),1.0
magical_mirai_miku_(2019),magical_mirai_(vocaloid),1.0
magical_mirai_miku_(2021),magical_mirai_(vocaloid),1.0
magical_mirai_miku_(2024),magical_mirai_(vocaloid),1.0
magical_mirai_miku_(2025),magical_mirai_(vocaloid),1.0
magical_ruby,fate_(series),0.9985
magical_sapphire,fate_(series),1.0
magik_(x-men),marvel,0.9985
magikarp,pokemon,0.9952
magilou_(tales),tales_of_berseria,1.0
magisa_(granblue_fantasy),granblue_fantasy,1.0
magnemite,pokemon,1.0
magneton,pokemon,1.0
magni_dezmond,holostars,1.0
magolor,kirby_(series),1.0
magus_(zenless_zone_zero),zenless_zone_zero,0.9983
mahira_(granblue_fantasy),granblue_fantasy,1.0
mahito_(jujutsu_kaisen),jujutsu_kaisen,0.9987
mai_(touhou),touhou_(pc-98),1.0
mai_natsume,blazblue,0.9985
maid-chan_(ramchi),original,1.0
maiden_(nikke),goddess_of_victory:_nikke,1.0
maihama_ayumu,idolmaster_million_live!,1.0
maikaze_(kancolle),kantai_collection,1.0
maizono_sayaka,danganronpa_(series),1.0
majikina_mina,samurai_spirits,0.9977
majima_goro,ryuu_ga_gotoku_(series),0.9921
majin_android_21,dragon_ball_fighterz,1.0
majin_buu,dragon_ball,0.9972
majora_(zelda),the_legend_of_zelda,0.9973
maka_albarn,soul_eater,0.9994
makabe_mizuki,idolmaster_million_live!,1.0
makaino_ririmu,nijisanji,1.0
makaino_ririmu_(4th_costume),nijisanji,1.0
makaino_ririmu_(5th_costume),nijisanji,1.0
maki_(blue_archive),blue_archive,0.9994
maki_(camp)_(blue_archive),blue_archive,1.0
maki_oze,en'en_no_shouboutai,1.0
makiatto_(girls'_frontline_2),girls'_frontline_2:_exilium,0.9946
makigumo_(kancolle),kantai_collection,1.0
makima_(chainsaw_man),chainsaw_man,1.0
makina_nakajima,macross,1.0
makinami_(kancolle),kantai_collection,1.0
makinami_mari_illustrious,neon_genesis_evangelion,1.0
makino_ruki,digimon,1.0
makise_kurisu,steins;gate,1.0
makishima_saori,ore_no_imouto_ga_konna_ni_kawaii_wake_ga_nai,1.0
makkachin,yuri!!!_on_ice,1.0
makoto_(blue_archive),blue_archive,0.997
makoto_(genshin_impact),genshin_impact,1.0
makoto_(princess_connect!),princess_connect!,1.0
makoto_(street_fighter),street_fighter,1.0
makoto_nanaya,blazblue,1.0
malamar,pokemon,0.9966
male_alear_(fire_emblem),fire_emblem_engage,0.999
male_byleth_(awakened)_(fire_emblem),fire_emblem,1.0
male_byleth_(fire_emblem),fire_emblem:_three_houses,1.0
male_corrin_(fire_emblem),fire_emblem_fates,1.0
male_doctor_(arknights),arknights,0.9989
male_endministrator_(arknights),arknights,0.9905
male_kiran_(fire_emblem),fire_emblem,1.0
male_morgan_(fire_emblem),fire_emblem_awakening,1.0
male_priest_(dungeon_and_fighter),dungeon_and_fighter,1.0
male_robin_(fire_emblem),fire_emblem,0.9995
male_robin_(grima)_(fire_emblem),fire_emblem,1.0
male_rover_(wuthering_waves),wuthering_waves,1.0
male_shez_(fire_emblem),fire_emblem,1.0
malenia_blade_of_miquella,elden_ring,1.0
malenia_goddess_of_rot,elden_ring,1.0
malina_(helltaker),helltaker,1.0
malkuth_(blue_archive),blue_archive,0.994
malkuth_(project_moon),project_moon,1.0
malleus_draconia,twisted_wonderland,1.0
mallow_(pokemon),pokemon,1.0
malon,the_legend_of_zelda,1.0
mameneko_(leos_vincent),nijisanji,1.0
mamiya_(kancolle),kantai_collection,1.0
mammon_(umineko),umineko_no_naku_koro_ni,1.0
manabe_nodoka,k-on!,1.0
manaka_laala,pretty_series,1.0
manaka_laala_(normal),pripara,1.0
manaka_non,pripara,1.0
manaka_non_(normal),pretty_series,1.0
manaphy,pokemon,0.9953
mandricardo_(fate),fate/grand_order,1.0
manectric,pokemon,1.0
manhattan_cafe_(creeping_shadow)_(umamusume),umamusume,0.9982
manhattan_cafe_(umamusume),umamusume,0.9992
manjoume_jun,yu-gi-oh!_gx,1.0
manjuu_(azur_lane),azur_lane,1.0
mankanshoku_mako,kill_la_kill,1.0
mano_aloe,hololive,0.9938
manon_legrand,street_fighter,1.0
manticore_(arknights),arknights,1.0
mantine,pokemon,1.0
mantis_(marvel),marvel,0.9961
manya_(dq4),dragon_quest_iv,1.0
maomao_(kusuriya_no_hitorigoto),kusuriya_no_hitorigoto,0.9988
maou_(maoyuu),maoyuu_maou_yuusha,0.9988
maou_beluzel,yuusha_to_maou,0.9934
maou_sadao,hataraku_maou-sama!,1.0
marceline_abadeer,adventure_time,0.9933
march_7th_(honkai:_star_rail),honkai:_star_rail,0.9997
march_7th_(hunt)_(honkai:_star_rail),honkai:_star_rail,1.0
march_7th_(nascent_spring)_(honkai:_star_rail),honkai:_star_rail,1.0
march_7th_(preservation)_(honkai:_star_rail),honkai:_star_rail,0.9995
marciana_(nikke),goddess_of_victory:_nikke,0.9973
marcille_donato,dungeon_meshi,1.0
marcille_donato_(lord),dungeon_meshi,1.0
marco_(one_piece),one_piece,1.0
marcus_(reverse:1999),reverse:1999,1.0
marcy_wu,amphibia,1.0
mareanie,pokemon,0.9974
mareep,pokemon,0.9983
margaretha_sorin,ragnarok_online,1.0
margay_(kemono_friends),kemono_friends,1.0
mari_(blue_archive),blue_archive,0.9995
mari_(faraway)_(omori),omori,0.9989
mari_(headspace)_(omori),omori,0.9994
mari_(idol)_(blue_archive),blue_archive,0.9984
mari_(omori),omori,0.9992
mari_(spirit)_(omori),omori,1.0
mari_(track)_(blue_archive),blue_archive,0.9996
maria_(hayate_no_gotoku!),hayate_no_gotoku!,1.0
maria_cadenzavna_eve,senki_zesshou_symphogear,1.0
maria_marionette,nijisanji_en,1.0
maria_robotnik,sonic_(series),1.0
maria_traydor,star_ocean:_till_the_end_of_time,1.0
marianne_von_edmund,fire_emblem:_three_houses,1.0
marianne_von_edmund_(timeskip),fire_emblem:_three_houses,1.0
maribel_(dq7),dragon_quest,1.0
maribel_hearn,touhou,0.9965
marichka,original,1.0
marida_cruz,gundam,1.0
marie_(girls_und_panzer),girls_und_panzer,1.0
marie_(persona_4),persona_4,0.9963
marie_(splatoon),splatoon_(series),1.0
marie_(squid_sisters_outfit)_(splatoon),splatoon_(series),0.998
marie_antoinette_(fate),fate_(series),0.9991
marie_antoinette_(rider)_(fate),fate_(series),1.0
marie_antoinette_alter_(fate),fate/grand_order,0.9959
marie_rose,dead_or_alive,0.9991
marie_rose_(devilish_servant_against_the_splashing_waves),dead_or_alive,0.9977
marill,pokemon,0.999
marina_(blue_archive),blue_archive,1.0
marina_(fear_&_hunger),fear_&_hunger_2:_termina,1.0
marina_(off_the_hook_outfit)_(splatoon),splatoon_(series),1.0
marina_(splatoon),splatoon_(series),1.0
marina_ismail,gundam_00,1.0
marine_nemo_(fate),fate/grand_order,1.0
marinette_dupain-cheng,miraculous_ladybug,1.0
mario,mario_(series),1.0
marisa_(street_fighter),street_fighter,1.0
marius_von_hagen_(tears_of_themis),tears_of_themis,1.0
mariya_mikhailovna_kujou,tokidoki_bosotto_roshia-go_de_dereru_tonari_no_alya-san,1.0
marle_(chrono_trigger),chrono_trigger,0.9975
marnie_(pokemon),pokemon,0.9991
mars_(cookie),cookie_(touhou),1.0
marshtomp,pokemon,1.0
marta_lualdi,tales_of_symphonia,1.0
marth_(fire_emblem),fire_emblem,1.0
martha_(fate),fate_(series),1.0
martha_(rider)_(fate),fate_(series),1.0
martha_(swimsuit_ruler)_(fate),fate_(series),1.0
martha_(swimsuit_ruler)_(third_ascension)_(fate),fate/grand_order,1.0
martial_artist_(dq3),dragon_quest,0.9943
martina_(dq11),dragon_quest,1.0
maru-yu_(kancolle),kantai_collection,1.0
marufuji_ryo,yu-gi-oh!,1.0
marui_hitoha,mitsudomoe_(manga),1.0
marui_mitsuba,mitsudomoe_(manga),1.0
maruko_gaku,the_hundred_line_-last_defense_academy-,1.0
maruruk,made_in_abyss,1.0
maruyama_aya,bang_dream!,1.0
maruyama_saki,girls_und_panzer,0.9979
maruzensky_(formula_r)_(umamusume),umamusume,1.0
maruzensky_(hot_summer_night)_(umamusume),umamusume,1.0
maruzensky_(umamusume),umamusume,1.0
marvelous_sunday_(umamusume),umamusume,0.9966
marx_(kirby),kirby_(series),1.0
marx_(true_form)_(kirby),kirby_(series),1.0
mary_(ib),ib_(kouri),0.999
mary_(medical_rabbit)_(nikke),goddess_of_victory:_nikke,0.996
mary_(nikke),goddess_of_victory:_nikke,0.9977
mary_cochran,idolmaster_cinderella_girls,1.0
mary_jane_watson,marvel,1.0
mary_read_(fate),fate_(series),0.997
mary_stuart,kyoukaisenjou_no_horizon,1.0
maryland_(kancolle),kantai_collection,1.0
masaki_aeka_jurai,tenchi_muyou!,1.0
masaki_gaillard,amairo_islenauts,1.0
masaki_sasami_jurai,tenchi_muyou!,0.9248
mash_kyrielight,fate_(series),0.9977
mash_kyrielight_(dangerous_beast),fate_(series),0.9934
mash_kyrielight_(demi-servant),fate_(series),0.9989
mash_kyrielight_(ortenaus),fate/grand_order,1.0
mash_kyrielight_(senpai_killer_outfit),fate_(series),1.0
mash_kyrielight_(swimsuit_of_perpetual_summer),fate/grand_order,0.9988
mash_kyrielight_(swimsuit_of_perpetual_summer_ver.02),fate/grand_order,1.0
mashiro_(blue_archive),blue_archive,0.9961
mashiro_meme,nijisanji,0.993
mashiro_meme_(1st_costume),nijisanji,0.9964
mashiro_tomoya,ensemble_stars!,1.0
mass_production_eva,neon_genesis_evangelion,1.0
massachusetts_(azur_lane),azur_lane,0.9986
mast_(nikke),goddess_of_victory:_nikke,0.9983
mast_(romantic_maid)_(nikke),goddess_of_victory:_nikke,1.0
master_(vocaloid),vocaloid,0.8919
master_chief,halo_(series),0.9906
masurao_(sekaiju),sekaiju_no_meikyuu,1.0
masurao_2_(sekaiju),sekaiju_no_meikyuu,1.0
mata_hari_(fate),fate/grand_order,0.997
matangomu-chan,original,1.0
matara_kan,vshojo,0.7963
matara_okina,touhou,0.9991
matikanefukukitaru_(rising_fortune)_(umamusume),umamusume,0.9984
matikanefukukitaru_(umamusume),umamusume,0.9976
matikanetannhauser_(clippety-tippety-clop)_(umamusume),umamusume,0.9986
matikanetannhauser_(panpaka_tiltott)_(umamusume),umamusume,1.0
matikanetannhauser_(umamusume),umamusume,0.9989
matilda_bouanich,reverse:1999,1.0
matoba_risa,idolmaster_cinderella_girls,0.9994
matoi_(pso2),phantasy_star,1.0
matoi_ryuuko,kill_la_kill,1.0
matou_kariya,fate/zero,1.0
matou_sakura,fate_(series),1.0
matou_sakura_(fate/zero),fate/zero,1.0
matou_shinji,fate_(series),1.0
matsubara_kanon,bang_dream!,0.9931
matsubara_kaoru,powerpuff_girls_z,1.0
matsuda_arisa,idolmaster_million_live!,0.9975
matsuda_chiyohiko,kantai_collection,1.0
matsudaira_touko,maria-sama_ga_miteru,1.0
matsukai_mao,nijisanji,1.0
matsukai_mao_(1st_costume),nijisanji,1.0
matsukaze_(kancolle),kantai_collection,1.0
matsukaze_tenma,inazuma_eleven_(series),1.0
matsumae_ohana,hanasaku_iroha,1.0
matsumi_kuro,saki_(manga),1.0
matsumi_yuu,saki_(manga),1.0
matsumoto_rangiku,bleach,0.9972
matsumura_fuuka,assault_lily,1.0
matsunaga_ryo,idolmaster_cinderella_girls,1.0
matsuno_chifuyu,tokyo_revengers,0.9964
matsuno_choromatsu,osomatsu_(series),1.0
matsuno_ichimatsu,osomatsu_(series),1.0
matsuno_jyushimatsu,osomatsu_(series),1.0
matsuno_karamatsu,osomatsu_(series),1.0
matsuno_osomatsu,osomatsu_(series),1.0
matsuno_todomatsu,osomatsu_(series),1.0
matsuo_chizuru,idolmaster_cinderella_girls,1.0
matsuoka_gou,free!,1.0
matsuoka_miu,ichigo_mashimaro,1.0
matsuoka_rin,free!,1.0
matsushima_michiru,grisaia_(series),0.9971
matsuura_kanan,love_live!_sunshine!!,1.0
matsuwa_(kancolle),kantai_collection,1.0
matterhorn_(arknights),arknights,1.0
mavuika_(genshin_impact),genshin_impact,0.9991
mawile,pokemon,1.0
maxie_(pokemon),pokemon,1.0
maxwell_(nikke),goddess_of_victory:_nikke,1.0
may_(guilty_gear),guilty_gear,0.9974
may_(gundam_build_divers_re:rise),gundam_build_divers_re:rise,1.0
may_(pokemon),pokemon,0.9996
may_of_doom,last_origin,1.0
maya_(kancolle),kantai_collection,1.0
maya_fey,ace_attorney,1.0
maya_kai_ni_(kancolle),kantai_collection,1.0
mayano_top_gun_(scramble_zone)_(umamusume),umamusume,1.0
mayano_top_gun_(umamusume),umamusume,0.9984
mayer_(arknights),arknights,1.0
mayl_sakurai_(mega_man),mega_man_battle_network_(series),1.0
maylene_(pokemon),pokemon,0.9971
mayu_(vocaloid),vocaloid,1.0
mayuzumi_fuyuko,idolmaster_shiny_colors,1.0
mayuzumi_kai,nijisanji,1.0
mazaki_anzu,yu-gi-oh!,1.0
mazinger_z_(mecha),mazinger_(series),0.9967
mdr_(girls'_frontline),girls'_frontline,1.0
me-tan,os-tan,1.0
mechanic_(ragnarok_online),ragnarok_online,1.0
mechty_(girls'_frontline_2),girls'_frontline_2:_exilium,1.0
medama_oyaji,gegege_no_kitarou,1.0
medb_(fate),fate_(series),1.0
medea_(caster)_(fate),fate_(series),0.9993
medea_(fate),fate_(series),0.9989
medea_lily_(fate),fate_(series),1.0
medic_(tf2),team_fortress_2,0.9961
medicine_melancholy,touhou,1.0
medicine_pocket,reverse:1999,1.0
medjed_(fate),fate_(series),0.997
medusa_(casual_wear)_(fate),fate_(series),1.0
medusa_(fate),fate_(series),0.9995
medusa_(fate/stay_night),fate_(series),0.9994
medusa_(lancer)_(fate),fate_(series),1.0
medusa_(rider)_(fate),fate_(series),0.9993
medusa_(shingeki_no_bahamut),granblue_fantasy,0.8849
meer_campbell,gundam_seed,0.9968
meerkat_(kemono_friends),kemono_friends,1.0
mega_absol,pokemon,0.9968
mega_charizard_x,pokemon,1.0
mega_dragonite,pokemon,1.0
mega_gallade,pokemon,1.0
mega_gardevoir,pokemon,1.0
mega_lopunny,pokemon,0.9973
mega_lucario,pokemon,0.997
mega_man_(character),mega_man_(series),1.0
mega_man_volnutt,mega_man_legends_(series),1.0
megaman.exe,mega_man_battle_network_(series),0.9968
meganium,pokemon,1.0
megara_(disney),hercules_(1997_movie),0.9927
megatron,transformers,1.0
megu_(blue_archive),blue_archive,1.0
megumi_(girls_und_panzer),girls_und_panzer,1.0
megumin,kono_subarashii_sekai_ni_shukufuku_wo!,1.0
megurine_luka,vocaloid,1.0
meguriya_ayumu,toshi_densetsu_kaitai_center,1.0
meguru_(cookie),cookie_(touhou),1.0
mei_(overwatch),overwatch,1.0
mei_mei_(jujutsu_kaisen),jujutsu_kaisen,0.9975
meika_hime,vocaloid,0.9978
meika_mikoto,vocaloid,0.9768
meiko_(inuarashi),original,1.0
meiko_(vocaloid),vocaloid,0.9998
meiko_(vocaloid3),vocaloid,1.0
meiou_setsuna,bishoujo_senshi_sailor_moon,1.0
meira_(touhou),touhou,1.0
meisho_doto_(turbulent_blue)_(umamusume),umamusume,1.0
meisho_doto_(umamusume),umamusume,0.9996
mejiro_ardan_(clinochlore_line)_(umamusume),umamusume,1.0
mejiro_ardan_(crystalline)_(umamusume),umamusume,1.0
mejiro_ardan_(umamusume),umamusume,0.9995
mejiro_bright_(umamusume),umamusume,0.998
mejiro_dober_(off_the_line)_(umamusume),umamusume,1.0
mejiro_dober_(umamusume),umamusume,1.0
mejiro_mcqueen_(frontline_elegance)_(umamusume),umamusume,1.0
mejiro_mcqueen_(ripple_fairlady)_(umamusume),umamusume,0.9949
mejiro_mcqueen_(umamusume),umamusume,0.9992
mejiro_palmer_(line_breakthrough)_(umamusume),umamusume,0.9938
mejiro_palmer_(umamusume),umamusume,0.9976
mejiro_ramonu_(onyx_line)_(umamusume),umamusume,1.0
mejiro_ramonu_(umamusume),umamusume,1.0
mejiro_ryan_(umamusume),umamusume,0.9963
mela_(pokemon),pokemon,1.0
melantha_(arknights),arknights,0.9963
melia_antiqua,xenoblade_chronicles_(series),1.0
melina_(elden_ring),elden_ring,1.0
melinoe_(hades),hades_(series),1.0
meliodas,nanatsu_no_taizai,1.0
meloco_kyoran,nijisanji,1.0
melody_(projektmelody),vshojo,0.8025
meloetta,pokemon,1.0
meloetta_(aria),pokemon,1.0
melon-chan,melonbooks,0.996
melona_(queen's_blade),queen's_blade,1.0
melone,jojo_no_kimyou_na_bouken,0.9889
melony_(pokemon),pokemon,1.0
meltryllis_(fate),fate_(series),0.9994
meltryllis_(swimsuit_lancer)_(fate),fate_(series),0.9992
meltryllis_(swimsuit_lancer)_(first_ascension)_(fate),fate_(series),0.9984
meltryllis_(swimsuit_lancer)_(second_ascension)_(fate),fate_(series),0.999
meltryllis_(third_ascension)_(fate),fate_(series),1.0
melusine_(fate),fate/grand_order,0.9997
melusine_(first_ascension)_(fate),fate/grand_order,1.0
melusine_(second_ascension)_(fate),fate/grand_order,0.9985
melusine_(swimsuit_ruler)_(fate),fate/grand_order,1.0
melusine_(swimsuit_ruler)_(first_ascension)_(fate),fate/grand_order,1.0
mem_(honkai:_star_rail),honkai:_star_rail,0.9989
memcho,oshi_no_ko,1.0
menace_(queen's_blade),queen's_blade,0.9975
menat,street_fighter,1.0
menou_kaname_(taishi),original,0.9964
meowfficer_(azur_lane),azur_lane,1.0
meowscarada,pokemon,0.997
meowstic,pokemon,1.0
meowstic_(female),pokemon,1.0
meowstic_(male),pokemon,0.9968
meowth,pokemon,0.9995
meowy_(chainsaw_man),chainsaw_man,1.0
mephisto_(arknights),arknights,1.0
mercedes_(odin_sphere),odin_sphere,1.0
mercedes_von_martritz,fire_emblem,1.0
merchant_(ragnarok_online),ragnarok_online,1.0
mercy_(overwatch),overwatch,1.0
merlin_(fate),fate_(series),0.9994
merlin_(fate/prototype),fate_(series),0.9972
merlin_(second_ascension)_(fate/prototype),fate_(series),1.0
merlin_prismriver,touhou,1.0
meroron_(precure),kimi_to_idol_precure,0.9965
merry_(ado),ado_(utaite),1.0
merry_nightmare,yumekui_merry,1.0
meruccubus_(merunyaa),original,0.9941
meryl_stryfe,trigun,0.9922
mesprit,pokemon,1.0
messmer_the_impaler,elden_ring:_shadow_of_the_erdtree,1.0
meta_knight,kirby_(series),1.0
metagross,pokemon,1.0
metal_sonic,sonic_(series),0.9983
metapod,pokemon,1.0
metatron_jeanne_(fate),fate/grand_order,0.9963
meteion,final_fantasy_xiv,0.9985
meteor_(arknights),arknights,1.0
metera_(granblue_fantasy),granblue_fantasy,1.0
methode_(sousou_no_frieren),sousou_no_frieren,0.952
metroid_(creature),metroid,1.0
metroid_larva,metroid,1.0
mettaton,utdr_(toby_fox),1.0
mettaton_ex,utdr_(toby_fox),1.0
meursault_(project_moon),project_moon,0.9993
mew_(pokemon),pokemon,1.0
mew_ichigo,tokyo_mew_mew,1.0
mewo,omori,1.0
mewtwo,pokemon,0.9992
meyrin_hawke,gundam_seed,1.0
mg5_(girls'_frontline),girls'_frontline,1.0
mia_(fire_emblem),fire_emblem,1.0
mia_fey,ace_attorney,1.0
mia_taylor,love_live!_nijigasaki_high_school_idol_club,1.0
micaiah_(fire_emblem),fire_emblem,1.0
michael_kaiser,blue_lock,1.0
michael_roa_valdamjong,tsukihime,0.9205
michelle_(bang_dream!),bang_dream!,1.0
michigami_nareko,touhou,1.0
michinoku_komaro,seitokai_ni_mo_ana_wa_aru!,0.9829
michiru_(blue_archive),blue_archive,0.9989
michishio_(kancolle),kantai_collection,0.9996
michishio_kai_ni_(kancolle),kantai_collection,0.9975
mickey_krog,143_ocean_boulevard,1.0
mickey_mouse,mickey_mouse_&_friends,0.9988
midare_toushirou,touken_ranbu,1.0
midna,the_legend_of_zelda,0.9991
midna_(true),the_legend_of_zelda,1.0
midnight_(boku_no_hero_academia),boku_no_hero_academia,1.0
midori_(blue_archive),blue_archive,0.9995
midori_(maid)_(blue_archive),blue_archive,1.0
midorikawa_nao,precure,0.9997
midoriya_izuku,boku_no_hero_academia,1.0
midway_princess,kantai_collection,1.0
mienshao,pokemon,0.9974
mieu_(tales),tales_of_(series),1.0
mifune_fumiko,chainsaw_man,1.0
mifune_miyu,idolmaster_cinderella_girls,1.0
mifune_shioriko,love_live!_nijigasaki_high_school_idol_club,1.0
mightyena,pokemon,1.0
miguel_o'hara,spider-man_(series),0.9984
mihama_chiyo,azumanga_daioh,1.0
mihama_chiyo's_father,azumanga_daioh,0.997
mihara_(nikke),goddess_of_victory:_nikke,0.9965
mihato_(mainichi_kiss_shite_lolita),mainichi_kiss_shite_lolita,1.0
mihono_bourbon_(mb-19890425)_(umamusume),umamusume,0.9989
mihono_bourbon_(umamusume),umamusume,0.9997
mii_(nintendo),super_smash_bros.,0.6218
mii_gunner,super_smash_bros.,0.9242
miia_(monster_musume),monster_musume_no_iru_nichijou,0.9992
mika_(blue_archive),blue_archive,0.9987
mika_(genshin_impact),genshin_impact,1.0
mika_(girls_und_panzer),girls_und_panzer,1.0
mika_(swimsuit)_(blue_archive),blue_archive,1.0
mika_(track)_(blue_archive),blue_archive,0.9968
mikado_shiina,katawa_shoujo,1.0
mikage_reo,blue_lock,1.0
mikasa_(azur_lane),azur_lane,1.0
mikasa_ackerman,shingeki_no_kyojin,0.9989
mikazuki_(kancolle),kantai_collection,1.0
mikazuki_augus,gundam,1.0
mikazuki_munechika,touken_ranbu,1.0
mikazuki_yozora,boku_wa_tomodachi_ga_sukunai,0.9985
mikejima_madara,ensemble_stars!,1.0
miki_sayaka,mahou_shoujo_madoka_magica,1.0
miki_sayaka_(magical_girl),mahou_shoujo_madoka_magica,0.9993
mikisugi_aikurou,kill_la_kill,1.0
mikko_(girls_und_panzer),girls_und_panzer,1.0
mikleo_(tales),tales_of_(series),1.0
mikoko_(kemomimi_oukoku_kokuei_housou),kemomimi_oukoku_kokuei_housou,1.0
mikuma_(kancolle),kantai_collection,1.0
mikumo_guynemer,macross,1.0
mikuni_oriko,mahou_shoujo_madoka_magica,1.0
mikura_(kancolle),kantai_collection,1.0
milcery,pokemon,0.9968
miles_edgeworth,ace_attorney,1.0
miles_morales,marvel,1.0
milfeulle_sakuraba,galaxy_angel,1.0
milim_nava,tensei_shitara_slime_datta_ken,0.9953
milk_(cookie),cookie_(touhou),1.0
milk_(precure),yes!_precure_5,1.0
milk_(yes!_precure_5),yes!_precure_5,1.0
milky_rose,precure,1.0
milla_maxwell,tales_of_xillia,1.0
millhiore_f._biscotti,dog_days,1.0
millia_rage,guilty_gear,0.9992
millie_parfait,nijisanji_en,1.0
millions_knives,trigun,1.0
milly_ashford,code_geass,0.9977
milo_(pokemon),pokemon,1.0
milotic,pokemon,0.9992
miltank,pokemon,1.0
mima_(touhou),touhou_(pc-98),1.0
mime_jr.,pokemon,0.9965
mimi_(princess_connect!),princess_connect!,0.9982
mimikyu,pokemon,0.9992
mimino_kurumi,yes!_precure_5,1.0
mimori_(blue_archive),blue_archive,0.9983
mimura_kanako,idolmaster_cinderella_girls,1.0
min_min_(arms),arms_(game),1.0
mina_(blue_archive),blue_archive,1.0
mina_(pokemon),pokemon,1.0
minakami_mai,nichijou,1.0
minakami_sayo,mahou_shoujo_ni_akogarete,1.0
minakami_yuki,subarashiki_hibi,1.0
minami_chiaki,minami-ke,1.0
minami_haruka,minami-ke,1.0
minami_kana,minami-ke,1.0
minami_koharu,watashi_ga_motenai_no_wa_dou_kangaetemo_omaera_ga_warui!,1.0
minami_kotori,love_live!_school_idol_project,1.0
minami_kotori_(bird),love_live!,1.0
minami_mirei,pripara,1.0
minami_rena,mahou_shoujo_madoka_magica,1.0
minami_yume,gridman_universe,1.0
minamino_kanade,precure,0.9988
minamoto_no_raikou_(fate),fate_(series),0.9995
minamoto_no_raikou_(first_ascension)_(fate),fate/grand_order,1.0
minamoto_no_raikou_(second_ascension)_(fate),fate_(series),1.0
minamoto_no_raikou_(swimsuit_lancer)_(fate),fate/grand_order,0.9993
minamoto_no_raikou_(swimsuit_lancer)_(second_ascension)_(fate),fate/grand_order,1.0
minamoto_no_raikou_(swimsuit_lancer)_(third_ascension)_(fate),fate/grand_order,1.0
minamoto_sakura,zombie_land_saga,1.0
minamoto_shizuka,doraemon,1.0
minase_akiko,kanon,0.9969
minase_ichigo,heaven_burns_red,0.9923
minase_iori,idolmaster,1.0
minase_nayuki,kanon,0.9987
minase_rio,holostars,1.0
minato_aqua,hololive,0.9999
minato_aqua_(1st_costume),hololive,1.0
minato_aqua_(hololive_summer_2019),hololive,1.0
minato_aqua_(sailor),hololive,1.0
minato_aqua_(school_uniform),hololive,1.0
minato_tomoka,rou-kyuu-bu!,1.0
minato_yukina,bang_dream!,0.9974
minazuki_(kancolle),kantai_collection,1.0
minazuki_karen,precure,0.9975
minccino,pokemon,0.997
mine_(blue_archive),blue_archive,0.997
mine_(idol)_(blue_archive),blue_archive,1.0
mine_fujiko,lupin_iii,1.0
minea_(dq4),dragon_quest_iv,1.0
minegumo_(kancolle),kantai_collection,1.0
minerva_(fire_emblem),fire_emblem,1.0
mineta_minoru,boku_no_hero_academia,1.0
mineva_lao_zabi,gundam,1.0
mini_durin_(genshin_impact),genshin_impact,0.9982
mini_nobu_(fate),fate_(series),1.0
minior,pokemon,1.0
minior_(core),pokemon,1.0
minna-dietlinde_wilcke,strike_witches,1.0
minneapolis_(azur_lane),azur_lane,1.0
minnie_mouse,mickey_mouse_&_friends,1.0
minori_(senran_kagura),senran_kagura,1.0
minoto,monster_hunter_(series),1.0
minowa_gin,yuusha_de_aru,1.0
minstrel_(ragnarok_online),ragnarok_online,1.0
mint_(arknights),arknights,1.0
mint_blancmanche,galaxy_angel,0.9982
mint_fantome,indie_virtual_youtuber,0.8448
mint_fantome_(minto_2.0),indie_virtual_youtuber,0.8755
minthara,baldur's_gate_3,1.0
minun,pokemon,1.0
mio_(xenoblade),xenoblade_chronicles_(series),1.0
mioda_ibuki,danganronpa_(series),1.0
miofa_(ookami_mio),hololive,1.0
miorine_rembran,gundam,1.0
mipha,the_legend_of_zelda:_breath_of_the_wild,1.0
miquella_(elden_ring),elden_ring,1.0
mira_(kpop_demon_hunters),kpop_demon_hunters,1.0
mirae_(closers),closers,1.0
mirage_(apex_legends),apex_legends,1.0
mirage_farina_jenius,macross,1.0
mirai_(kemono_friends),kemono_friends,1.0
mirai_(senran_kagura),senran_kagura,0.998
mirai_akari,mirai_akari_project,1.0
miraidon,pokemon,1.0
miramikaru_riran,cookie_(touhou),1.0
miriam_(pokemon),pokemon_sv,0.9981
mirko,boku_no_hero_academia,0.9988
misaka_imouto,toaru_majutsu_no_index,1.0
misaka_mikoto,toaru_majutsu_no_index,0.9991
misaka_shiori,kanon,0.9968
misaka_worst,toaru_majutsu_no_index,1.0
misaki_(blue_archive),blue_archive,1.0
misaki_(swimsuit)_(blue_archive),blue_archive,1.0
misaki_akeno,high_school_fleet,1.0
misaki_mei,another,1.0
misdreavus,pokemon,0.9987
mishaguji,touhou,0.9807
mishima_kazuya,tekken,1.0
mishou_mai,futari_wa_precure_splash_star,1.0
mismagius,pokemon,1.0
misogi_(princess_connect!),princess_connect!,0.9948
misono_karin,mahou_shoujo_madoka_magica,0.9988
misora_(princess_connect!),princess_connect!,0.9973
miss_christine_(arknights),arknights,0.996
miss_cloud,kantai_collection,0.999
miss_fortune_(league_of_legends),league_of_legends,1.0
mist_(fire_emblem),fire_emblem,1.0
misty_(pokemon),pokemon,1.0
misumi_nagisa,precure,0.9995
misumi_uika,bang_dream!_it's_mygo!!!!!,1.0
mita_(miside),miside,0.9992
mitachurl_(genshin_impact),genshin_impact,1.0
mitaka_asa,chainsaw_man,0.9988
mitake_ran,bang_dream!,0.9993
mitarai_shouta,idolmaster,1.0
mitarashi_anko,naruto_(series),1.0
miteiru_(shirakami_fubuki),hololive,1.0
mithrun,dungeon_meshi,1.0
mithrun_(young),dungeon_meshi,1.0
mitsugashira_enoko,touhou,1.0
mitsui_hisashi,slam_dunk_(series),1.0
mitsukai_dokuro,bokusatsu_tenshi_dokuro-chan,0.9968
mitsukasa_ayase,riddle_joker,1.0
mitsuki_felicia,mahou_shoujo_madoka_magica,1.0
mitsumine_mashiro,mikakunin_de_shinkoukei,1.0
mitsumine_yuika,idolmaster_shiny_colors,1.0
mitsurugi_meiya,muv-luv,1.0
mitty_(made_in_abyss),made_in_abyss,1.0
miura_azusa,idolmaster_(classic),1.0
miya_atsumu,haikyuu!!,0.9968
miyabi_(senran_kagura),senran_kagura,1.0
miyadeguchi_mizuchi,touhou,1.0
miyafuji_yoshika,world_witches_series,1.0
miyagawa_takane,assault_lily,1.0
miyagi_ryouta,slam_dunk_(series),1.0
miyagi_shiori,shuuniichido_classmate_wo_kau_hanashi,0.9987
miyako_(blue_archive),blue_archive,0.9991
miyako_(hidamari_sketch),hidamari_sketch,1.0
miyako_(princess_connect!),princess_connect!,0.9928
miyako_(swimsuit)_(blue_archive),blue_archive,0.9995
miyako_yoshika,touhou,0.9979
miyamae_shiho_(jack_dempa),original,0.9968
miyamizu_mitsuha,kimi_no_na_wa.,1.0
miyamori_aoi,shirobako,1.0
miyamoto_frederica,idolmaster_cinderella_girls,1.0
miyamoto_iori_(fate),fate_(series),1.0
miyamoto_musashi_(fate),fate_(series),0.999
miyamoto_musashi_(first_ascension)_(fate),fate/grand_order,1.0
miyamoto_musashi_(second_ascension)_(fate),fate/grand_order,1.0
miyamoto_musashi_(swimsuit_berserker)_(fate),fate/grand_order,0.9994
miyamoto_musashi_(swimsuit_berserker)_(second_ascension)_(fate),fate/grand_order,0.9992
miyamoto_musashi_(third_ascension)_(fate),fate/grand_order,1.0
miyanaga_saki,saki_(manga),1.0
miyanaga_teru,saki_(manga),1.0
miyano_shiho,meitantei_conan,1.0
miyao_miya,idolmaster_million_live!,1.0
miyasaka_ryou,inazuma_eleven_(series),1.0
miyashiro_takuru,chaos;child,1.0
miyashita_ai,love_live!_nijigasaki_high_school_idol_club,1.0
miyauchi_renge,non_non_biyori,0.9925
miyaura_sanshio,original,1.0
miyazaki_nodoka,mahou_sensei_negima!,0.9978
miyazawa_kengo,little_busters!,0.996
miyazono_kawori,shigatsu_wa_kimi_no_uso,1.0
miyo_(blue_archive),blue_archive,0.9977
miyoshi_karin,yuuki_yuuna_wa_yuusha_de_aru,1.0
miyoshi_sana,idolmaster_cinderella_girls,0.9967
miyu_(blue_archive),blue_archive,1.0
miyu_(swimsuit)_(blue_archive),blue_archive,1.0
miyu_edelfelt,fate_(series),0.9994
miyu_edelfelt_(beast_style),fate_(series),0.9973
miyu_edelfelt_(magical_girl),fate/kaleid_liner_prisma_illya,1.0
miyuki_(kancolle),kantai_collection,0.9996
miyuki_kazuya,ace_of_diamond,1.0
mizi_(alien_stage),alien_stage,0.9986
mizuhara_chizuru,kanojo_okarishimasu,1.0
mizuhara_koyomi,azumanga_daioh,1.0
mizuhashi_parsee,touhou,0.9995
mizuho_(kancolle),kantai_collection,1.0
mizuki_(arknights),arknights,0.9963
mizuki_kotori_(yu-gi-oh!),yu-gi-oh!,1.0
mizuki_seira,idolmaster_cinderella_girls,0.9968
mizuki_yukikaze,taimanin_(series),0.9986
mizumiya_su,hololive,0.9982
mizumoto_yukari,idolmaster_cinderella_girls,1.0
mizunashi_akari,aria_(manga),1.0
mizuno_ai,zombie_land_saga,0.9992
mizuno_ami,bishoujo_senshi_sailor_moon,1.0
mizuno_youko,maria-sama_ga_miteru,1.0
mizusaki_tsubame,eizouken_ni_wa_te_wo_dasu_na!,1.0
mizusawa_mao,kimi_kiss,0.9948
mizushima_saki,idolmaster_side-m,1.0
mizutani_eri,idolmaster_dearly_stars,1.0
mlynar_(arknights),arknights,1.0
mo_chengwei,touqi_guaitan,1.0
mo_ran,erha_he_ta_de_bai_mao_shizun,1.0
mobius_(honkai_impact),honkai_(series),0.9988
mochizuki_(kancolle),kantai_collection,0.9992
mochizuki_anna,idolmaster,1.0
mochizuki_chiyome_(fate),fate/grand_order,1.0
mochizuki_hijiri,idolmaster_cinderella_girls,1.0
mochizuki_honami,project_sekai,1.0
mochizuki_ryouji,persona_3,1.0
moco_(fushigi_na_neko_no_machi_meltier),fushigi_na_neko_no_machi_meltier,1.0
mococo_abyssgard,hololive,0.9952
mococo_abyssgard_(1st_costume),hololive,1.0
mococo_abyssgard_(casual),hololive_english,0.9923
model_w_(mega_man),mega_man_zx,0.9972
modernia_(nikke),goddess_of_victory:_nikke,1.0
modeus_(helltaker),helltaker,1.0
moe_(blue_archive),blue_archive,1.0
moe_(swimsuit)_(blue_archive),blue_archive,0.9986
mofurun_(mahou_girls_precure!),mahou_girls_precure!,1.0
mofurun_(precure),mahou_girls_precure!,1.0
mogador_(azur_lane),azur_lane,1.0
mogador_(kancolle),kantai_collection,1.0
mogami_(kancolle),kantai_collection,1.0
mogami_shizuka,idolmaster,0.9992
mohammed_avdol,jojo_no_kimyou_na_bouken,1.0
moltres,pokemon,0.9973
momiji_(blue_archive),blue_archive,1.0
momijiyama_teru,shy_(series),1.0
momo_(nikki),nikki_(series),0.9986
momo_mizrahi,xenosaga,0.9936
momo_velia_deviluke,to_love-ru,0.9983
momoe_nagisa,mahou_shoujo_madoka_magica,1.0
momoe_nagisa_(magical_girl),mahou_shoujo_madoka_magica,1.0
momohime,oboro_muramasa,1.0
momoi_(blue_archive),blue_archive,0.9999
momoi_(maid)_(blue_archive),blue_archive,1.0
momoi_airi,project_sekai,0.9966
momoka_(blue_archive),blue_archive,1.0
momomiya_ichigo,tokyo_mew_mew,1.0
momone_momo,utau,0.9964
momose_ginko,link!_like!_love_live!,1.0
momose_ginko_(summer_loungewear),link!_like!_love_live!,1.0
momose_rio,idolmaster,1.0
momosuzu_nene,hololive,0.9985
momosuzu_nene_(1st_costume),hololive,1.0
momosuzu_nene_(casual),hololive,1.0
momosuzu_nene_(old_design),hololive,1.0
momota_kaito,danganronpa_(series),1.0
momoyama_mirai,kiratto_pri_chan,1.0
momozono_love,precure,0.9993
mon3tr_(arknights),arknights,0.9994
mon3tr_(summon)_(arknights),arknights,0.9976
mona_(genshin_impact),genshin_impact,0.9999
mona_(pact_of_stars_and_moon)_(genshin_impact),genshin_impact,1.0
mona_(warioware),warioware,1.0
monarch_(azur_lane),azur_lane,1.0
monika_(doki_doki_literature_club),doki_doki_literature_club,1.0
monika_weisswind,granblue_fantasy,0.791
monk_(final_fantasy),final_fantasy,0.9932
monk_(ragnarok_online),ragnarok_online,1.0
monkey_d._luffy,one_piece,1.0
monoe,yume_nikki,1.0
monoko,yume_nikki,1.0
monokuma,danganronpa_(series),0.9971
monomi_(danganronpa),danganronpa_(series),0.9983
mononobe_alice,nijisanji,1.0
mononobe_no_futo,touhou,0.9998
monster_hunter_(character),monster_hunter_(series),1.0
moogle,final_fantasy,0.9867
moomintroll,moomin,0.9885
moona_hoshinova,hololive_indonesia,0.999
moona_hoshinova_(1st_costume),hololive_indonesia,1.0
moonlight_flower,ragnarok_online,1.0
moose_(kemono_friends),kemono_friends,1.0
morag_ladair_(xenoblade),xenoblade_chronicles_2,1.0
mordred_(fate),fate_(series),0.9997
mordred_(fate/apocrypha),fate_(series),1.0
mordred_(memories_at_trifas)_(fate),fate_(series),1.0
mordred_(second_ascension)_(fate),fate_(series),1.0
mordred_(swimsuit_rider)_(fate),fate_(series),0.9975
mordred_(swimsuit_rider)_(first_ascension)_(fate),fate_(series),0.9985
mordred_(third_ascension)_(fate),fate_(series),1.0
more_more_jump!_miku,vocaloid,1.0
morelull,pokemon,0.9961
morgan_le_fay_(fate),fate_(series),0.9986
morgan_le_fay_(first_ascension)_(fate),fate_(series),1.0
morgan_le_fay_(queen_of_winter)_(fate),fate_(series),1.0
morgan_le_fay_(second_ascension)_(fate),fate/grand_order,1.0
morgan_le_fay_(third_ascension)_(fate),fate/grand_order,0.9983
morgan_le_fay_(water_princess)_(fate),fate/grand_order,1.0
morgana_(cat)_(persona_5),persona,0.9969
morgana_(league_of_legends),league_of_legends,1.0
morgana_(persona_5),persona_5,1.0
morgiana,magi_the_labyrinth_of_magic,1.0
mori_calliope,hololive_english,0.9997
mori_calliope_(1st_costume),hololive_english,1.0
mori_calliope_(sleepwear),hololive_english,1.0
mori_calliope_(streetwear),hololive_english,1.0
mori_nagayoshi_(fate),fate_(series),1.0
mori_yuki,uchuu_senkan_yamato,1.0
moria_luluka,meitantei_precure!,0.9905
morichika_rinnosuke,touhou,0.9998
morikubo_nono,idolmaster_cinderella_girls,1.0
morinaka_kazaki,nijisanji,1.0
morino_korisu,mahou_shoujo_ni_akogarete,1.0
morino_rinze,idolmaster,1.0
morisawa_chiaki,ensemble_stars!,1.0
morishima_haruka,amagami,1.0
moritaka_(housamo),tokyo_afterschool_summoners,0.9971
moriya_suwako,touhou,0.9998
mornye_(wuthering_waves),wuthering_waves,0.9847
moroboshi_ataru,urusei_yatsura,1.0
moroboshi_kirari,idolmaster_cinderella_girls,0.9995
morpeko,pokemon,0.9989
morpeko_(full),pokemon,1.0
morpeko_(hangry),pokemon,1.0
morpho_knight,kirby_(series),1.0
morrigan_aensland,darkstalkers,0.9979
morte_(arknights),arknights,0.9943
mortis_(bang_dream!),bang_dream!_it's_mygo!!!!!,1.0
mortis_(costume)_(bang_dream!),bang_dream!_it's_mygo!!!!!,0.999
mortis_(persona)_(bang_dream!),bang_dream!,1.0
morty_(pokemon),pokemon,0.9984
mosin-nagant_(girls'_frontline),girls'_frontline,1.0
mostima_(arknights),arknights,0.9988
mother_(yoru_mac),yoru_mac,1.0
motoori_kosuzu,touhou,0.9995
motoori_shiro,tokyo_afterschool_summoners,1.0
mount_lady,boku_no_hero_academia,1.0
mountain_(arknights),arknights,1.0
mouri_motonari_(sengoku_basara),sengoku_basara,1.0
mouri_ran,meitantei_conan,0.9986
mousse_(arknights),arknights,0.9963
mousse_(ranma_1/2),ranma_1/2,0.9855
moze_(honkai:_star_rail),honkai:_star_rail,1.0
mp40_(girls'_frontline),girls'_frontline,0.9986
mp5_(girls'_frontline),girls'_frontline,1.0
mp7_(girls'_frontline),girls'_frontline,1.0
mr._c.b._(clear_bliss)_(umamusume),umamusume,1.0
mr._c.b._(umamusume),umamusume,0.9996
mr._crawling,homicipher,1.0
mr._mime,pokemon,1.0
mr._plantegg_(omori),omori,0.9986
mr._scarletella,homicipher,1.0
mr._squeaks_(hakos_baelz),hololive,0.9982
mrs._snake_(fate),fate_(series),1.0
ms._fortune_(skullgirls),skullgirls,0.9969
mu-12,blazblue,1.0
mualani_(genshin_impact),genshin_impact,0.9994
mudkip,pokemon,0.9994
mudrock_(arknights),arknights,0.9992
mudrock_(elite_ii)_(arknights),arknights,0.9991
mudrock_(obsidian)_(arknights),arknights,1.0
mudrock_(silent_night)_(arknights),arknights,0.9985
muelsyse_(arknights),arknights,0.9995
muffet,undertale,1.0
mugetsu_(touhou),touhou,1.0
mugino_shizuri,toaru_majutsu_no_index,1.0
mujina,gridman_universe,1.0
mukai_takumi,idolmaster,0.9991
mukaido_manaka,nagi_no_asukara,1.0
mulberry_(arknights),arknights,1.0
multi_(to_heart),to_heart_(series),0.9739
mumei_(kabaneri),koutetsujou_no_kabaneri,1.0
munakata_atsumi,idolmaster_cinderella_girls,0.9978
munchlax,pokemon,0.9985
munna,pokemon,1.0
muppo,kantai_collection,0.9968
murakami_(girls_und_panzer),girls_und_panzer,1.0
murakami_tomoe,idolmaster_cinderella_girls,0.997
murakumo_(kancolle),kantai_collection,0.9997
murakumo_(senran_kagura),senran_kagura,0.9968
murakumo_kagetsu,nijisanji,1.0
murakumo_kai_ni_(kancolle),kantai_collection,1.0
murano_sayaka,link!_like!_love_live!,1.0
murasa_minamitsu,touhou,0.9999
murasaki_(senran_kagura),senran_kagura,1.0
murasaki_shikibu_(fate),fate_(series),1.0
murasaki_shikibu_(first_ascension)_(fate),fate/grand_order,1.0
murasaki_shikibu_(swimsuit_rider)_(first_ascension)_(fate),fate/grand_order,1.0
murasaki_shion,hololive,0.9998
murasaki_shion_(1st_costume),hololive,1.0
murasaki_shion_(gothic_lolita),hololive,1.0
murasame_(kancolle),kantai_collection,1.0
murasame_(senren),senren_banka,1.0
murasame_kai_ni_(kancolle),kantai_collection,1.0
murata_himeko,honkai_(series),0.9992
murata_ugetsu,given,1.0
murkrow,pokemon,0.9963
murosaki_miyo,onii-chan_wa_oshimai!,1.0
musashi_(azur_lane),azur_lane,1.0
musashi_(kancolle),kantai_collection,1.0
musashi_kai_(kancolle),kantai_collection,1.0
musashi_kai_ni_(kancolle),kantai_collection,1.0
musha_miko_tomoe,queen's_blade,1.0
musharna,pokemon,1.0
musujime_awaki,toaru_majutsu_no_index,1.0
muten_roushi,dragon_ball,0.9953
muto_yugi,yu-gi-oh!,1.0
mutsu-no-kami_yoshiyuki,touken_ranbu,1.0
mutsu_(kancolle),kantai_collection,0.9954
mutsu_kai_ni_(kancolle),kantai_collection,1.0
mutsuki_(azur_lane),azur_lane,1.0
mutsuki_(blue_archive),blue_archive,0.9989
mutsuki_(dress)_(blue_archive),blue_archive,1.0
mutsuki_(kancolle),kantai_collection,1.0
mutsuki_(new_year)_(blue_archive),blue_archive,0.9981
mutsuki_kai_ni_(kancolle),kantai_collection,1.0
my_melody,sanrio,1.0
myaku-myaku,expo2025,0.9536
mydei_(fig_stew)_(honkai:_star_rail),honkai:_star_rail,1.0
mydei_(honkai:_star_rail),honkai_(series),0.9998
mylene_jenius,macross,1.0
myne_(honzuki_no_gekokujou),honzuki_no_gekokujou,1.0
myoudouin_itsuki,precure,1.0
myoukou_(kancolle),kantai_collection,0.9989
myoukou_kai_ni_(kancolle),kantai_collection,1.0
myrrh_(fire_emblem),fire_emblem,1.0
myrtle_(arknights),arknights,0.9991
myrtle_(summer_flowers)_(arknights),arknights,1.0
mysta_rias,nijisanji_en,1.0
mysterious_heroine_x_(fate),fate_(series),1.0
mysterious_heroine_x_alter_(fate),fate_(series),0.9995
mysterious_heroine_x_alter_(first_ascension)_(fate),fate/grand_order,1.0
mysterious_heroine_x_alter_(second_ascension)_(fate),fate_(series),1.0
mysterious_heroine_xx_(fate),fate/grand_order,1.0
mystery_(kpop_demon_hunters),kpop_demon_hunters,1.0
mystia_lorelei,touhou,0.9999
mystia_lorelei_(bird),touhou,1.0
mythra_(massive_melee)_(xenoblade),xenoblade_chronicles_2,1.0
mythra_(radiant_beach)_(xenoblade),xenoblade_chronicles_2,1.0
mythra_(xenoblade),xenoblade_chronicles_(series),1.0
n_(pokemon),pokemon,0.9965
nachi_(kancolle),kantai_collection,0.999
nachi_kai_ni_(kancolle),kantai_collection,0.9948
nachoneko,indie_virtual_youtuber,0.8144
nadia_la_arwall,fushigi_no_umi_no_nadia,0.9982
naegi_komaru,danganronpa_(series),1.0
naegi_makoto,danganronpa_(series),0.9996
naga_(nikke),goddess_of_victory:_nikke,0.9977
naga_the_serpent,slayers,1.0
nagae_iku,touhou,0.9997
nagakura_shinpachi_(fate),fate/grand_order,0.9972
naganami_(kancolle),kantai_collection,0.9998
naganami_kai_ni_(kancolle),kantai_collection,0.9992
naganohara_mio,nichijou,0.9988
nagant_revolver_(girls'_frontline),girls'_frontline,1.0
nagao_kagetora_(fate),fate_(series),1.0
nagara_(kancolle),kantai_collection,1.0
nagasaki_soyo,bang_dream!_it's_mygo!!!!!,0.9991
nagasone_kotetsu,touken_ranbu,1.0
nagato_(azur_lane),azur_lane,1.0
nagato_(great_fox's_respite)_(azur_lane),azur_lane,1.0
nagato_(kancolle),kantai_collection,1.0
nagato_kai_ni_(kancolle),kantai_collection,1.0
nagato_yuki,suzumiya_haruhi_no_yuuutsu,1.0
nagatoro_hayase,ijiranaide_nagatoro-san,1.0
nagatsuki_(kancolle),kantai_collection,1.0
nagayoshi_subaru,idolmaster_million_live!,1.0
nagi_(kannagi),kannagi,1.0
nagi_seishirou,blue_lock,1.0
nagisa_(blue_archive),blue_archive,0.9997
nagisa_(swimsuit)_(blue_archive),blue_archive,1.0
nagisa_kaworu,neon_genesis_evangelion,1.0
nago,blazblue,1.0
nagomi_yui,precure,0.9987
nagumo_haruya,inazuma_eleven_(series),1.0
nagusa_(blue_archive),blue_archive,0.9988
nah_(fire_emblem),fire_emblem,1.0
nahida_(genshin_impact),genshin_impact,0.9998
naihe_(female)_(touqi_guaitan),touqi_guaitan,1.0
naima_(ado),ado_(utaite),1.0
naka_(kancolle),kantai_collection,1.0
naka_kai_ni_(kancolle),kantai_collection,1.0
nakabeni_yua,miru_tights,0.9967
nakagawa_nana,love_live!_nijigasaki_high_school_idol_club,1.0
nakagawa_natsuki,hibike!_euphonium,0.999
nakahara_chuuya_(bungou_stray_dogs),bungou_stray_dogs,1.0
nakahara_komugi,nurse_witch_komugi-chan,0.9732
nakahara_misaki,nhk_ni_youkoso!,0.9966
nakajima_(girls_und_panzer),girls_und_panzer,1.0
nakamori_aoko,magic_kaito,0.9846
nakamura_yuri,angel_beats!,1.0
nakano_azusa,k-on!,1.0
nakano_ichika,go-toubun_no_hanayome,1.0
nakano_itsuki,go-toubun_no_hanayome,1.0
nakano_miku,go-toubun_no_hanayome,0.9997
nakano_nino,go-toubun_no_hanayome,1.0
nakano_yotsuba,go-toubun_no_hanayome,0.9989
nakano_yuka,idolmaster_cinderella_girls,1.0
nakaseko_kaori,hibike!_euphonium,1.0
nakasu_kasumi,love_live!_nijigasaki_high_school_idol_club,0.9996
nakata_sae,amagami,1.0
nakatani_iku,idolmaster_million_live!,1.0
nakatsu_shizuru,rewrite,0.9979
nakayama_festa_(umamusume),umamusume,0.985
naked_snake,metal_gear_(series),0.9961
nakigitsune,touken_ranbu,1.0
nakigitsune's_fox,touken_ranbu,1.0
nakiri_alice,shokugeki_no_souma,1.0
nakiri_ayame,hololive,0.9984
nakiri_ayame_(1st_costume),hololive,1.0
nakiri_ayame_(girly),hololive,1.0
nakiri_ayame_(streetwear),hololive,1.0
nakiri_erina,shokugeki_no_souma,1.0
nakoruru,samurai_spirits,0.9988
namazuo_toushirou,touken_ranbu,1.0
nami_(league_of_legends),league_of_legends,1.0
nami_(one_piece),one_piece,0.999
namikaze_minato,naruto_(series),0.9973
namine,kingdom_hearts,0.9984
namine_ritsu,utau,0.9966
namipon_(wuthering_waves),wuthering_waves,0.9933
nana_(ice_climber),ice_climber,1.0
nana_asta_deviluke,to_love-ru,1.0
nanachi_(made_in_abyss),made_in_abyss,0.9988
nanakusa_hazuki,idolmaster_shiny_colors,1.0
nanakusa_nazuna_(yofukashi_no_uta),yofukashi_no_uta,0.9963
nanakusa_nichika,idolmaster_shiny_colors,0.9991
nanami_(pgr),punishing:_gray_raven,1.0
nanami_chiaki,danganronpa_(series),0.9986
nanami_haruka,uta_no_prince-sama,1.0
nanami_kento,jujutsu_kaisen,0.9989
nanami_lucia,mermaid_melody_pichi_pichi_pitch,0.9972
nanami_mami,kanojo_okarishimasu,1.0
nanami_touko,yagate_kimi_ni_naru,0.9961
nanami_yachiyo,magia_record:_mahou_shoujo_madoka_magica_gaiden,1.0
nanao_yuriko,idolmaster_million_live!,0.9978
nanasaki_ai,amagami,1.0
nanase_haruka_(free!),free!,1.0
nanase_riku,idolish7,1.0
nanashi_mumei,hololive_english,1.0
nanashi_mumei_(1st_costume),hololive_english,1.0
nanashi_mumei_(casual),hololive_english,1.0
nanashi_mumei_(emo),hololive_english,1.0
nanashi_mumei_(new_year),hololive_english,1.0
nanaya_shiki,tsukihime,0.9966
nandaba_naota,flcl,1.0
nangong_yu,zenless_zone_zero,0.9766
nanjo_hikaru,idolmaster_cinderella_girls,1.0
nanobana_kinako,inazuma_eleven_(series),1.0
nanu_(pokemon),pokemon,1.0
nao_(mabinogi),mabinogi,0.997
naoe_riki,little_busters!,0.9966
naoi_ayato,angel_beats!,1.0
naoki_miki,gakkou_gurashi!,1.0
naoko_(lynus),original,0.9946
naomi_(girls_und_panzer),girls_und_panzer,0.9988
naplings_(nimi_nightmare),indie_virtual_youtuber,1.0
napoleon_bonaparte_(fate),fate/grand_order,1.0
napstablook,utdr_(toby_fox),1.0
nara_shikamaru,naruto_(series),1.0
narancia_ghirga,jojo_no_kimyou_na_bouken,1.0
narciso_anasui,jojo_no_kimyou_na_bouken,1.0
narita_brian_(maverick)_(umamusume),umamusume,0.9956
narita_brian_(umamusume),umamusume,0.9976
narita_taishin_(nevertheless)_(umamusume),umamusume,0.9944
narita_taishin_(umamusume),umamusume,0.9991
narita_top_road_(the_proud_road)_(umamusume),umamusume,1.0
narita_top_road_(umamusume),umamusume,0.9995
narmaya_(granblue_fantasy),granblue_fantasy,0.9989
narmaya_(summer)_(granblue_fantasy),granblue_fantasy,1.0
narukami_arashi,ensemble_stars!,1.0
narukami_yu,persona,0.9994
naruko_(naruto),naruto_(series),0.9983
narumiya_yume,idolmaster_cinderella_girls,1.0
narusawa_ryouka,occultic;nine,0.9983
naruse_mio,shinmai_maou_no_testament,1.0
naruse_shiroha,summer_pockets,0.999
narusegawa_naru,love_hina,1.0
narwhal_(kemono_friends),kemono_friends,1.0
natalia_(idolmaster),idolmaster_cinderella_girls,1.0
natalia_luzu_kimlasca_lanvaldear,tales_of_the_abyss,1.0
natasha_romanoff,marvel,1.0
nate_(pokemon),pokemon,0.9987
nathan_seymour,tiger_&_bunny,1.0
natori_(kancolle),kantai_collection,1.0
natori_sana,sana_channel,0.9988
natori_sana_(nurse),sana_channel,1.0
natori_sana_(school_uniform),sana_channel,1.0
natsu_(band)_(blue_archive),blue_archive,1.0
natsu_(blue_archive),blue_archive,0.9987
natsu_dragneel,fairy_tail,1.0
natsu_megumi,gochuumon_wa_usagi_desu_ka?,0.999
natsuiro_matsuri,hololive,0.9998
natsuiro_matsuri_(1st_costume),hololive,1.0
natsuiro_matsuri_(casual),hololive,1.0
natsuiro_matsuri_(matsuri's_day_off),hololive,1.0
natsuki_(doki_doki_literature_club),doki_doki_literature_club,0.9988
natsuki_karin,cevio,0.8372
natsuki_rin,precure,0.9984
natsuki_subaru,re:zero_kara_hajimeru_isekai_seikatsu,0.9987
natsume_an-an,mahou_shoujo_no_majo_saiban,1.0
natsume_kyousuke,little_busters!,1.0
natsume_rin,little_busters!,0.9977
natsuumi_manatsu,precure,0.9987
natu,pokemon,0.9982
nausicaa,kaze_no_tani_no_nausicaa,0.9964
nautika_(reverse:1999),reverse:1999,1.0
naveen_(pokemon),pokemon_legends:_z-a,0.9962
navi,the_legend_of_zelda,1.0
navia_(genshin_impact),genshin_impact,0.9992
nayuta_(chainsaw_man),chainsaw_man,1.0
nayuta_(nikke),goddess_of_victory:_nikke,1.0
nazrin,touhou,0.9996
nazuna_(hidamari_sketch),hidamari_sketch,1.0
ne-class_heavy_cruiser,kantai_collection,1.0
nea_(chihuri),original,1.0
nearl_(arknights),arknights,0.9992
nearl_the_radiant_knight_(arknights),arknights,1.0
neco-arc,tsukihime,0.9153
necrass_(arknights),arknights,0.9967
necro_(guilty_gear),guilty_gear,0.998
neeko_(league_of_legends),league_of_legends,1.0
nefer_(genshin_impact),genshin_impact,1.0
neferpitou,hunter_x_hunter,1.0
nefertari_vivi,one_piece,0.9976
negev_(girls'_frontline),girls'_frontline,1.0
negi_springfield,mahou_sensei_negima!,0.9965
nekki_basara,macross,1.0
nekko_(momosuzu_nene),hololive,1.0
neko_(minato_aqua),hololive,1.0
nekomata_okayu,hololive,0.9994
nekomata_okayu_(1st_costume),hololive,0.9997
nekomata_okayu_(gyaru),hololive,0.9966
nekomata_okayu_(membership),hololive,1.0
nekomata_okayu_(oversized_shirt),hololive,0.9992
nekomata_okayu_(school_uniform),hololive,1.0
nekomata_okayu_(wonderland),hololive,1.0
nekomiya_hinata,hinata_channel,0.9972
nekomiya_mana,zenless_zone_zero,1.0
nekomura_iroha,vocaloid,0.9964
nekomusume,gegege_no_kitarou,1.0
nekomusume_(gegege_no_kitarou_5),gegege_no_kitarou,1.0
nekomusume_(gegege_no_kitarou_6),gegege_no_kitarou,1.0
nekonyaa_(girls_und_panzer),girls_und_panzer,1.0
nekota_tsuna,vspo!,0.9989
nekoyashiki_mayu,wonderful_precure!,0.9979
nekoyashiki_yuki,precure,1.0
nekoyashiki_yuki_(cat),wonderful_precure!,1.0
nel_zelpher,star_ocean,1.0
nelliel_tu_odelschwanck,bleach,1.0
nelson_(azur_lane),azur_lane,1.0
nelson_(kancolle),kantai_collection,1.0
nemesis_(girls'_frontline_2),girls'_frontline_2:_exilium,1.0
nemo_(fate),fate_(series),1.0
nemona_(pokemon),pokemon,0.9995
nemoto_hina,watashi_ga_motenai_no_wa_dou_kangaetemo_omaera_ga_warui!,1.0
nena_trinity,gundam_00,1.0
neneka_(princess_connect!),princess_connect!,1.0
neneko_mashiro,stellive,0.9961
nenohi_(kancolle),kantai_collection,1.0
neo_asari,gakuen_idolmaster,1.0
neo_universe_(umamusume),umamusume,0.9974
neo_universe_(universe-naut)_(umamusume),umamusume,1.0
neon_(nikke),goddess_of_victory:_nikke,0.9949
neopolitan_(rwby),rwby,1.0
nepgear,neptune_(series),1.0
nephenee_(fire_emblem),fire_emblem,1.0
nephis_(shadow_slave),shadow_slave,1.0
neptune_(azur_lane),azur_lane,1.0
neptune_(neptunia),neptune_(series),1.0
nerine,shuffle!,1.0
nerissa_ravencroft,hololive_english,0.9997
nerissa_ravencroft_(1st_costume),hololive_english,0.9995
nerissa_ravencroft_(casual),hololive_english,1.0
nero_(devil_may_cry),devil_may_cry_(series),0.9986
nero_claudius_(bride)_(fate),fate_(series),1.0
nero_claudius_(bride)_(second_ascension)_(fate),fate_(series),1.0
nero_claudius_(bride)_(third_ascension)_(fate),fate_(series),1.0
nero_claudius_(fate),fate_(series),0.9992
nero_claudius_(fate/extra),fate_(series),0.9996
nero_claudius_(imperium_pride)_(fate),fate_(series),1.0
nero_claudius_(olympian_bloomers)_(fate),fate_(series),1.0
nero_claudius_(swimsuit_caster)_(fate),fate_(series),0.9987
nero_claudius_(swimsuit_caster)_(third_ascension)_(fate),fate_(series),1.0
neru_(blue_archive),blue_archive,0.999
neru_(bunny)_(blue_archive),blue_archive,1.0
neru_(school_uniform)_(blue_archive),blue_archive,1.0
ness_(mother_2),mother_(series),0.9993
nessa_(pokemon),pokemon_swsh,1.0
nessie_(respawn),apex_legends,0.9739
netzach_(project_moon),project_moon,1.0
neuro-sama,vedal_ai,0.998
neuroi,world_witches_series,1.0
neutral_chao,sonic_(series),1.0
neuvillette_(genshin_impact),genshin_impact,1.0
new_jersey_(azur_lane),azur_lane,1.0
new_jersey_(exhilarating_steps!)_(azur_lane),azur_lane,1.0
nia_(blade)_(xenoblade),xenoblade_chronicles_(series),0.9993
nia_(xenoblade),xenoblade_chronicles_(series),0.9994
nia_teppelin,tengen_toppa_gurren_lagann,1.0
nian_(arknights),arknights,0.999
nian_(unfettered_freedom)_(arknights),arknights,1.0
nibutani_shinka,chuunibyou_demo_koi_ga_shitai!,1.0
nice_nature_(poinsettia_ribbon)_(umamusume),umamusume,0.9987
nice_nature_(run&win)_(umamusume),umamusume,0.9988
nice_nature_(umamusume),umamusume,0.9981
nicholas_d._wolfwood,trigun,0.9988
nick_wilde,zootopia,0.9923
nico_robin,one_piece,0.9981
nicole_demara,zenless_zone_zero,0.9997
nidai_nekomaru,danganronpa_(series),1.0
nidalee,league_of_legends,1.0
nidoking,pokemon,1.0
nidoran,pokemon,0.9938
nidoran_(male),pokemon,1.0
nier_(brother),nier_(series),0.9957
nier_(brother)_(post_timeskip),nier_(series),1.0
nier_(granblue_fantasy),granblue_fantasy,1.0
nightingale_(arknights),arknights,0.9978
nightmare_(nanashi_mumei),hololive_english,1.0
nightwing,dc_comics,1.0
nihilego,pokemon,0.9985
niijima_makoto,persona,0.9985
niijima_sae,persona_5,1.0
niimi_sora,9-nine-,1.0
nijigaoka_mashiro,precure,0.9989
nijimura_okuyasu,jojo_no_kimyou_na_bouken,0.999
nijino_yume,aikatsu!_(series),1.0
nijou_noriko,maria-sama_ga_miteru,1.0
nijou_ryuu,saibou_shinkyoku,1.0
nika_nanaura,gundam_suisei_no_majo,1.0
nikaido_chizuru,idolmaster_million_live!,1.0
nikaido_hiro,mahou_shoujo_no_majo_saiban,0.9777
nikaidou_(dorohedoro),dorohedoro,0.9975
nikaidou_saki,zombie_land_saga,1.0
nikka_edvardine_katajainen,world_witches_series,0.9988
nikkari_aoe,touken_ranbu,1.0
nikketa_(girls'_frontline_2),girls'_frontline_2:_exilium,1.0
nikki_(nikki),nikki_(series),0.9985
niko_(blue_archive),blue_archive,0.9991
niko_(oneshot),oneshot_(game),1.0
niles_(fire_emblem),fire_emblem,0.994
nilou_(breeze_of_sabaa)_(genshin_impact),genshin_impact,1.0
nilou_(genshin_impact),genshin_impact,1.0
nimi_nightmare,indie_virtual_youtuber,0.9982
nimi_nightmare_(1st_costume),indie_virtual_youtuber,1.0
nina_(breath_of_fire_ii),breath_of_fire_ii,1.0
nina_(breath_of_fire_iii),breath_of_fire_iii,1.0
nina_(breath_of_fire_iv),breath_of_fire_iv,1.0
nina_(breath_of_fire_v),breath_of_fire_v,1.0
nina_(fire_emblem),fire_emblem,1.0
nina_(girls_und_panzer),girls_und_panzer,1.0
nina_kosaka,nijisanji_en,1.0
ninetales,pokemon,1.0
ning_hai_(azur_lane),azur_lane,1.0
ningguang_(genshin_impact),genshin_impact,0.9996
ningguang_(orchid's_evening_gown)_(genshin_impact),genshin_impact,1.0
ninian_(fire_emblem),fire_emblem:_the_blazing_blade,1.0
ninja_(final_fantasy),final_fantasy,1.0
ninja_(ragnarok_online),ragnarok_online,0.9973
nino_(fire_emblem),fire_emblem,1.0
ninomae_ina'nis,hololive,0.9993
ninomae_ina'nis_(1st_costume),hololive_english,1.0
ninomae_ina'nis_(casual),hololive_english,1.0
ninomae_ina'nis_(loungewear),hololive_english,1.0
ninomae_ina'nis_(new_year),hololive_english,1.0
ninomiya_asuka,idolmaster_cinderella_girls,0.9994
ninten,mother_1,1.0
nippaku_zanmu,touhou,0.9987
nira-chan,zutto_mayonaka_de_ii_no_ni,0.9966
nishi_kinuyo,girls_und_panzer,1.0
nishida_satono,touhou,1.0
nishijou_nanami,chaos;head,1.0
nishijou_takumi,chaos;head,1.0
nishikata,karakai_jouzu_no_takagi-san,1.0
nishikigi_chisato,lycoris_recoil,0.9995
nishikino_maki,love_live!_school_idol_project,1.0
nishikitaitei-chan,kantai_collection,1.0
nishimiya_shouko,koe_no_katachi,1.0
nishina_toriko,urasekai_picnic,1.0
nishino_flower_(umamusume),umamusume,0.9982
nishizono_chigusa,nijisanji,1.0
nishizono_mio,little_busters!,1.0
nishizumi_maho,girls_und_panzer,1.0
nishizumi_miho,girls_und_panzer,0.9998
nishizumi_shiho,girls_und_panzer,0.9987
nisshin_(kancolle),kantai_collection,1.0
nito_nazuna,ensemble_stars!,1.0
nitocris_(caster)_(fate),fate/grand_order,1.0
nitocris_(fate),fate_(series),1.0
nitocris_(swimsuit_assassin)_(fate),fate/grand_order,1.0
nitocris_(swimsuit_assassin)_(first_ascension)_(fate),fate/grand_order,1.0
nitocris_(swimsuit_assassin)_(second_ascension)_(fate),fate/grand_order,1.0
nitocris_alter_(fate),fate_(series),1.0
nitta_minami,idolmaster_cinderella_girls,1.0
niwamaru_(niwarhythm),original,1.0
niwatari_kutaka,touhou,1.0
niya_(blue_archive),blue_archive,1.0
niyon_(granblue_fantasy),granblue_fantasy,1.0
no._21_(pgr),punishing:_gray_raven,1.0
no_reason_(umamusume),umamusume,1.0
noa_(blue_archive),blue_archive,0.9993
noa_(pajamas)_(blue_archive),blue_archive,0.9986
noah_(fate),fate/grand_order,1.0
noah_(xenoblade),xenoblade_chronicles_3,1.0
nobeta,little_witch_nobeta,1.0
nobi_nobita,doraemon,0.9978
noctis_lucis_caelum,final_fantasy_xv,1.0
noda_(angel_beats!),angel_beats!,1.0
nodoka_(blue_archive),blue_archive,1.0
noel_(cookie),cookie_(touhou),1.0
noel_(tsukihime),tsukihime,0.9936
noel_vermillion,blazblue,1.0
noelle_(genshin_impact),genshin_impact,1.0
noelle_holiday,utdr_(toby_fox),0.9818
noelle_holiday_(dark_world),deltarune,0.9674
noelle_silva,black_clover,1.0
nohara_shinnosuke,crayon_shin-chan,1.0
noi_(dorohedoro),dorohedoro,1.0
noihara_himari,omamori_himari,1.0
noir_(nikke),goddess_of_victory:_nikke,0.9987
noir_(persona_5),persona_5,1.0
noir_vesper,holostars_english,1.0
noire_(neptunia),neptune_(series),1.0
noivern,pokemon,1.0
non-human_admiral_(kancolle),kantai_collection,1.0
nonna_(girls_und_panzer),girls_und_panzer,1.0
nono_(top_wo_nerae_2!),top_wo_nerae!_(series),1.0
nono_hana,precure,1.0
nonohara_akane,idolmaster_million_live!,1.0
nonohara_yuzuko,yuyushiki,1.0
nonomi_(blue_archive),blue_archive,0.9993
nonomi_(swimsuit)_(blue_archive),blue_archive,0.9994
nonowa,idolmaster,0.9224
nora_valkyrie,rwby,1.0
nori_(hidamari_sketch),hidamari_sketch,1.0
norimaki_arale,dr._slump,1.0
norman_(yakusoku_no_neverland),yakusoku_no_neverland,1.0
norn_ace_(umamusume),umamusume,1.0
north_carolina_(azur_lane),azur_lane,1.0
north_flight_(umamusume),umamusume,1.0
northern_italy_(hetalia),axis_powers_hetalia,1.0
northern_ocean_princess,kantai_collection,0.9999
northern_white-faced_owl_(kemono_friends),kemono_friends,1.0
norton_campbell,identity_v,1.0
nosh_(fate),fate/grand_order,1.0
noshiro_(azur_lane),azur_lane,0.9965
noshiro_(kancolle),kantai_collection,1.0
noss_(rariatto),noss_&_zakuro,1.0
noumi_kudryavka,little_busters!,1.0
novice_(ragnarok_online),ragnarok_online,1.0
nowaki_(kancolle),kantai_collection,1.0
nowi_(fire_emblem),fire_emblem,0.9987
nozaki_umetarou,gekkan_shoujo_nozaki-kun,1.0
nozomi_(blue_archive),blue_archive,0.9987
nozomi_(princess_connect!),princess_connect!,1.0
ntw-20_(girls'_frontline),girls'_frontline,0.9977
nu-13,blazblue,0.9991
nu_gundam,gundam,1.0
nugget_(project_moon),project_moon,0.999
nui_sociere,nijisanji,0.9991
nui_sociere_(1st_costume),nijisanji,0.9926
nuko_(shoujo_shuumatsu_ryokou),shoujo_shuumatsu_ryokou,0.9929
nukumizu_kaju,make_heroine_ga_oo_sugiru!,1.0
nukumizu_kazuhiko,make_heroine_ga_oo_sugiru!,1.0
numby_(honkai:_star_rail),honkai:_star_rail,0.9983
nun_bora,nijisanji_kr,1.0
nunnally_vi_britannia,code_geass,1.0
nurse_dragonmaid,yu-gi-oh!,0.9964
nursery_rhyme_(fate),fate_(series),1.0
nursery_rhyme_(third_ascension)_(fate),fate_(series),1.0
nyaan_(gundam_gquuuuuux),gundam_gquuuuuux,1.0
nyarla_(osiimi),crawling_dreams,0.9897
nyarlathotep_(nyaruko-san),haiyore!_nyaruko-san,1.0
nyatasha_nyanners,vshojo,0.7649
nyen_(randal's_friends),randal's_friends,1.0
nymph_(arknights),arknights,0.995
nymph_(sora_no_otoshimono),sora_no_otoshimono,0.995
nyon_(cookie),cookie_(touhou),0.9989
nyon_(randal's_friends),randal's_friends,1.0
nyopu,original,1.0
nyotengu,dead_or_alive,1.0
nyto_(girls'_frontline),girls'_frontline,1.0
nyubara_reona,bang_dream!,1.0
oatchi_(pikmin),pikmin_(series),1.0
oberon_(fate),fate_(series),1.0
oberon_(first_ascension)_(fate),fate/grand_order,1.0
oberon_(second_ascension)_(fate),fate/grand_order,1.0
oberon_(third_ascension)_(fate),fate_(series),1.0
obi-wan_kenobi,star_wars,1.0
oblivionis_(bang_dream!),bang_dream!_it's_mygo!!!!!,1.0
oboro_(fire_emblem),fire_emblem_fates,0.9969
oboro_(kancolle),kantai_collection,1.0
obstagoon,pokemon,0.997
octane_(apex_legends),apex_legends,1.0
octillery,pokemon,1.0
octoling_boy,splatoon_(series),1.0
octoling_girl,splatoon_(series),1.0
octoling_player_character,splatoon_(series),1.0
oda_nobukatsu_(fate),fate_(series),1.0
oda_nobunaga_(fate),fate_(series),0.9997
oda_nobunaga_(koha-ace),fate_(series),0.9994
oda_nobunaga_(maou_avenger)_(fate),fate/grand_order,1.0
oda_nobunaga_(swimsuit_berserker)_(fate),fate_(series),1.0
oda_nobunaga_(swimsuit_berserker)_(first_ascension)_(fate),fate_(series),1.0
oda_nobunaga_(swimsuit_berserker)_(second_ascension)_(fate),fate_(series),1.0
oddish,pokemon,1.0
ogami_sachi,link!_like!_love_live!,1.0
ogami_sakura,danganronpa_(series),1.0
ogami_tamaki,idolmaster_million_live!,1.0
ogasawara_hisame,heaven_burns_red,0.9962
ogasawara_sachiko,maria-sama_ga_miteru,1.0
ogata_chieri,idolmaster_cinderella_girls,1.0
ogata_hyakunosuke,golden_kamuy,1.0
ogerpon,pokemon,1.0
ogerpon_(teal_mask),pokemon,1.0
ogin_(girls_und_panzer),girls_und_panzer,1.0
ogino_chihiro,sen_to_chihiro_no_kamikakushi,0.9984
oginome_ringo,mawaru_penguindrum,1.0
ogiue_chika,genshiken,0.997
oguri_cap_(starlight_beat)_(umamusume),umamusume,0.9961
oguri_cap_(umamusume),umamusume,0.9969
ohara_mari,love_live!_sunshine!!,1.0
ohishi_izumi,idolmaster_cinderella_girls,0.9976
ohno_kanako,genshiken,1.0
ohr_(blue_archive),blue_archive,0.9979
ohtsuki_yui,idolmaster_cinderella_girls,0.9996
oikawa_shizuku,idolmaster_cinderella_girls,1.0
oikawa_shizuku_(moo_moo_fresh),idolmaster_cinderella_girls,1.0
oikawa_tooru_(haikyuu!!),haikyuu!!,1.0
oikura_sodachi,monogatari_(series),0.9966
oka_asahi,onii-chan_wa_oshimai!,1.0
okabe_rintarou,science_adventure,1.0
okada_akane,watashi_ga_motenai_no_wa_dou_kangaetemo_omaera_ga_warui!,1.0
okada_izou_(fate),fate_(series),1.0
okamisty,touhou,1.0
okazaki_tomoya,clannad,0.9988
okazaki_ushio,clannad,0.9984
okazaki_yumemi,touhou,1.0
okinami_(kancolle),kantai_collection,1.0
okino_tsukasa,juusan_kihei_bouei_ken,1.0
okita_j._souji_(fate),fate_(series),0.9988
okita_j._souji_(first_ascension)_(fate),fate_(series),1.0
okita_j._souji_(third_ascension)_(fate),fate_(series),0.9971
okita_sougo,gintama,1.0
okita_souji_(fate),fate_(series),0.9994
okita_souji_(first_ascension)_(fate),fate_(series),1.0
okita_souji_(koha-ace),fate_(series),0.9993
okita_souji_(second_ascension)_(fate),fate_(series),0.9976
okita_souji_(third_ascension)_(fate),fate_(series),1.0
okita_souji_alter_(fate),fate_(series),0.9986
okita_souji_alter_(first_ascension)_(fate),fate_(series),0.9955
okita_souji_alter_(second_ascension)_(fate),fate_(series),1.0
okkotsu_yuuta,jujutsu_kaisen,0.9979
okonogi_yuuko,dennou_coil,1.0
oktavia_von_seckendorff,mahou_shoujo_madoka_magica,1.0
okumura_haru,persona_5,1.0
okumura_rin,ao_no_exorcist,1.0
okumura_yukio,ao_no_exorcist,0.9972
okunoda_miyoi,touhou,1.0
okusawa_misaki,bang_dream!,1.0
ol-chan_(oouso),original,1.0
old_man_(guin_guin),arknights,0.8929
oldest_dream,omniscient_reader's_viewpoint,1.0
oleana_(pokemon),pokemon,1.0
olga_marie_animusphere,fate_(series),1.0
olga_marie_animusphere_(unbeast),fate_(series),1.0
olimar,pikmin_(series),0.9993
olive_laurentia,original,1.0
oliver_(vocaloid),vocaloid,1.0
olivia_(fire_emblem),fire_emblem,1.0
olivia_(pokemon),pokemon,0.9911
olivier_mira_armstrong,fullmetal_alchemist,1.0
oma_kokichi,danganronpa_(series),0.9996
omanyte,pokemon,1.0
omaru_polka,hololive,0.9955
omaru_polka_(1st_costume),hololive,0.9973
omegamon,digimon,1.0
omokage_yugamu,the_hundred_line_-last_defense_academy-,1.0
omori_(omori),omori,1.0
one_(cevio),cevio,0.9983
onigirya_(nekomata_okayu),hololive,1.0
onitsuka_natsumi,love_live!_superstar!!,1.0
onitsuka_tomari,love_live!,1.0
onix,pokemon,1.0
onjouji_toki,saki_(manga),1.0
onodera_kosaki,nisekoi,1.0
onoe_serika,chaos;child,1.0
ononoki_yotsugi,monogatari_(series),0.9875
onozuka_komachi,touhou,0.9995
onsoku_no_sonic,one-punch_man,1.0
ooama_no_ake_no_mitori,len'en,1.0
ooba_minori,original,0.9973
oogaki_chiaki,yurucamp,1.0
ooi_(kancolle),kantai_collection,1.0
ooi_kai_ni_(kancolle),kantai_collection,1.0
ooiwa_wataru,super_heroine_boy,1.0
ooji_mochizou,tamako_market,1.0
ookami_mio,hololive,0.9992
ookami_mio_(1st_costume),hololive,0.9985
ookami_mio_(hololive_summer_2019),hololive,1.0
ookami_mio_(hoodie),hololive,0.9992
ookami_mio_(street),hololive,0.9983
ookami_ryouko,ookami-san,1.0
ookuma_satomi,ikemen_onna_to_hakoiri_musume,1.0
ookurikara,touken_ranbu,1.0
oomiya_shinobu,kin-iro_mosaic,1.0
oomori_yuuko,precure,1.0
oomuro_hanako,yuruyuri,0.9969
oomuro_sakurako,yuruyuri,0.9994
oono_aya,girls_und_panzer,1.0
oosawa_aya,kininatteru_hito_ga_otoko_ja_nakatta,1.0
ooshio_(kancolle),kantai_collection,0.9993
ooshio_kai_ni_(kancolle),kantai_collection,1.0
oosuki_mamako,tsuujou_kougeki_ga_zentai_kougeki_de_ni-kai_kougeki_no_okaasan_wa_suki_desu_ka?,1.0
oosumi_kanon,kouyoku_senki_exs-tia_concert,1.0
oosuzuki_kurara,the_hundred_line_-last_defense_academy-,1.0
ootori_emu,project_sekai,1.0
ooyodo_(kancolle),kantai_collection,0.9998
ooyodo_kai_(kancolle),kantai_collection,1.0
oozora_subaru,hololive,0.9997
oozora_subaru_(1st_costume),hololive,1.0
oozora_subaru_(casual),hololive,1.0
oozora_subaru_(hololive_summer_2019),hololive,1.0
oozora_subaru_(loungewear),hololive,1.0
oozora_subaru_(police),hololive,1.0
oozora_subaru_(suspenders),hololive,1.0
ophelia_(fire_emblem),fire_emblem,1.0
ophelia_phamrsolone,fate/grand_order,1.0
ophilia_clement,octopath_traveler,1.0
optimus_prime,transformers,1.0
orange_(touhou),touhou_(pc-98),1.0
orange_pekoe_(girls_und_panzer),girls_und_panzer,1.0
oreki_houtarou,hyouka,0.9994
orfevre_(control)_(umamusume),umamusume,1.0
orfevre_(old_design)_(umamusume),umamusume,1.0
orfevre_(umamusume),umamusume,1.0
oribe_yasuna,kill_me_baby,1.0
oricorio,pokemon,1.0
orie_ballardiae_harada,under_night_in-birth,1.0
origami_cyclone,tiger_&_bunny,0.9965
originium_slug_(arknights),arknights,1.0
orihara_izaya,durarara!!,1.0
orihara_kozue,science_adventure,1.0
orimoto_rika,jujutsu_kaisen,0.9969
orin_the_red,baldur's_gate_3,1.0
orion_(bear)_(fate),fate_(series),1.0
orochimaru_(naruto),naruto_(series),1.0
ororon_(genshin_impact),genshin_impact,0.9986
orphie_magnusson,zenless_zone_zero,0.9987
ortlinde_(fate),fate/grand_order,1.0
oruyanke_(shirakami_fubuki),hololive,1.0
oryou_(fate),fate_(series),0.9985
oryou_(girls_und_panzer),girls_und_panzer,1.0
osage_(nukunuku_nigirimeshi),inabakumori,0.9061
osaka_shizuku,love_live!_nijigasaki_high_school_idol_club,1.0
osakabehime_(fate),fate_(series),0.9994
osakabehime_(swimsuit_archer)_(fate),fate/grand_order,1.0
osaki_amana,idolmaster,1.0
osaki_tenka,idolmaster_shiny_colors,1.0
osawa_rurino,link!_like!_love_live!,0.9996
oscar_francois_de_jarjayes,versailles_no_bara,0.9968
oshawott,pokemon,0.999
oshida_(girls_und_panzer),girls_und_panzer,1.0
oshimizu_nako,hanasaku_iroha,1.0
oshino_ougi,monogatari_(series),1.0
oshino_shinobu,monogatari_(series),0.9998
otegine,touken_ranbu,0.9969
othinus,toaru_majutsu_no_index,1.0
otogi_(blue_archive),blue_archive,0.9985
otogibara_era,nijisanji,1.0
otokura_yuuki,idolmaster_cinderella_girls,1.0
otomachi_una,vocaloid,0.7367
otomachi_una_(talkex),talkex,0.9344
otomo_(cecilia_immergreen),hololive_english,1.0
otomune_kozue,link!_like!_love_live!,1.0
otonashi_haruna,inazuma_eleven_(series),1.0
otonashi_kotori,idolmaster,1.0
otonashi_kyouko,maison_ikkoku,0.9926
otonashi_yuzuru,angel_beats!,1.0
otonose_kanade,hololive_dev_is,1.0
otonose_kanade_(1st_costume),hololive_dev_is,0.9936
ots-14_(girls'_frontline),girls'_frontline,0.999
otter_spirit_(touhou),touhou,1.0
otto_apocalypse,honkai_(series),0.9968
oukawa_kohaku,ensemble_stars!,1.0
oumae_kumiko,hibike!_euphonium,0.9996
oura_rukako,nanashi_inc.,1.0
ouro_kronii,hololive_english,0.9991
ouro_kronii_(1st_costume),hololive,0.9991
ouro_kronii_(4th_costume),hololive_english,1.0
ouro_kronii_(casual),hololive_english,0.999
ouro_kronii_(maid),hololive_english,1.0
ouroboros_(girls'_frontline),girls'_frontline,1.0
outis_(project_moon),project_moon,0.9995
ouzuka_mai,watashi_ga_koibito_ni_nareru_wake_naijan_murimuri!,1.0
owada_mondo,danganronpa_(series),1.0
owari_(azur_lane),azur_lane,1.0
owari_akane,danganronpa_(series),1.0
oyama_mahiro,onii-chan_wa_oshimai!,1.0
oyama_mihari,onii-chan_wa_oshimai!,1.0
oyashio_(kancolle),kantai_collection,1.0
oz_(genshin_impact),genshin_impact,1.0
ozen,made_in_abyss,1.0
ozora_akari,aikatsu!_(series),1.0
ozymandias_(fate),fate_(series),0.9986
p-chan_(ranma_1/2),ranma_1/2,0.9937
p-head_producer,idolmaster,0.9997
p90_(girls'_frontline),girls'_frontline,1.0
pa-15_(girls'_frontline),girls'_frontline,1.0
pa-san,bocchi_the_rock!,1.0
pac-man,pac-man_(game),0.8474
pachira,renkin_san-kyuu_magical_pokaan,0.9961
pachirisu,pokemon,1.0
padparadscha_(houseki_no_kuni),houseki_no_kuni,0.9965
paimon_(genshin_impact),genshin_impact,0.9997
painwheel_(skullgirls),skullgirls,0.9969
paladin_(final_fantasy),final_fantasy,0.9969
paladin_(ragnarok_online),ragnarok_online,1.0
paldean_wooper,pokemon,1.0
palkia,pokemon,1.0
palla_(fire_emblem),fire_emblem,1.0
pallas_(arknights),arknights,1.0
palmon,digimon,1.0
palmtop_tiger,toradora!,0.9895
palutena,kid_icarus,0.9992
pam-pam,delicious_party_precure,1.0
pamiat_merkuria_(azur_lane),azur_lane,1.0
pan_(dragon_ball),dragon_ball,1.0
pan_yinhu,zenless_zone_zero,0.9953
pancham,pokemon,0.9968
panda_(jujutsu_kaisen),jujutsu_kaisen,1.0
pandemonica_(helltaker),helltaker,0.9982
pandora_(mega_man),mega_man_zx,1.0
pandoria_(xenoblade),xenoblade_chronicles_(series),1.0
pandreo_(fire_emblem),fire_emblem_engage,1.0
panette_(fire_emblem),fire_emblem_engage,0.9976
pannacotta_fugo,jojo_no_kimyou_na_bouken,1.0
pansage,pokemon,0.9969
panther_(persona_5),persona,1.0
panty_(psg),panty_&_stocking_with_garterbelt,1.0
paper_mario_(character),mario_(series),1.0
papi_(monster_musume),monster_musume_no_iru_nichijou,1.0
papika_(flip_flappers),flip_flappers,1.0
papyrus_(undertale),utdr_(toby_fox),0.9987
paracelsus_(guilty_gear),guilty_gear,1.0
paras,pokemon,0.9904
parasoul_(skullgirls),skullgirls,1.0
pardofelis,honkai_impact_3rd,1.0
pardofelis_(reverist_calico),honkai_impact_3rd,0.9962
parlor_dragonmaid,yu-gi-oh!,1.0
parvati_(fate),fate_(series),1.0
pascal_(tales),tales_of_graces,1.0
passenger_(arknights),arknights,1.0
passionlip_(fate),fate_(series),0.9994
patamon,digimon,1.0
patchouli_knowledge,touhou,0.9998
pathfinder_(apex_legends),apex_legends,1.0
patricia_martin,lucky_star,1.0
pattadol,dungeon_meshi,1.0
paul_bunyan_(fate),fate/grand_order,1.0
paula_(mother_2),mother_(series),1.0
pauline_(mario),mario_(series),0.824
pavolia_reine,hololive_indonesia,1.0
pavolia_reine_(1st_costume),hololive_indonesia,1.0
pawmi,pokemon,1.0
pawmot,pokemon,0.9973
paxton_(pokemon),pokemon,0.9984
paya_(zelda),the_legend_of_zelda,1.0
peach_maki,hoozuki_no_reitetsu,1.0
peacock_(skullgirls),skullgirls,1.0
peanuts-kun,mode_aim,0.9869
pearl_(off_the_hook_outfit)_(splatoon),splatoon_(series),1.0
pearl_(splatoon),splatoon_(series),1.0
pearl_(steven_universe),steven_universe,0.9964
pearl_fey,ace_attorney,1.0
pebble_(koseki_bijou),hololive,0.997
pecharunt,pokemon,1.0
pecorine_(princess_connect!),princess_connect!,0.9988
pecorine_(summer)_(princess_connect!),princess_connect!,0.9984
peke_(to_love-ru),to_love-ru,1.0
pekomama,hololive,1.0
pekomon_(usada_pekora),hololive,0.9992
pekoyama_peko,danganronpa_(series),1.0
pela_(honkai:_star_rail),honkai:_star_rail,1.0
pelipper,pokemon,0.997
penance_(arknights),arknights,1.0
penelo,final_fantasy_xii,1.0
penguin_3-gou,mawaru_penguindrum,1.0
peni_parker,spider-man_(series),1.0
penny_(pokemon),pokemon,1.0
penny_polendina,rwby,1.0
penpen,neon_genesis_evangelion,1.0
penthesilea_(fate),fate/grand_order,0.9973
pepe_(arknights),arknights,1.0
pepperoni_(girls_und_panzer),girls_und_panzer,1.0
percival_(fate),fate/grand_order,1.0
percival_(granblue_fantasy),granblue_fantasy,1.0
perfect_cell,dragon_ball,1.0
perfect_start_(infinity_nikki),infinity_nikki,1.0
perfumer_(arknights),arknights,1.0
peridot_(steven_universe),steven_universe,0.9961
perlica_(arknights),arknights:_endfield,0.9848
perona,one_piece,0.9993
peroro_(blue_archive),blue_archive,0.9993
perrin_(pokemon),pokemon,1.0
perrine_h._clostermann,world_witches_series,0.9996
perroccino_(fuwamoco),hololive,0.9942
perseus_(azur_lane),azur_lane,1.0
perseus_(unfamiliar_duties)_(azur_lane),azur_lane,1.0
persian_(pokemon),pokemon,1.0
persicaria_(neural_cloud),girls'_frontline_neural_cloud,1.0
perth_(kancolle),kantai_collection,1.0
pesci,jojo_no_kimyou_na_bouken,1.0
peter_griffin,family_guy,0.9954
peter_parker,marvel,0.9984
petilil,pokemon,0.9973
petra_gurin,nijisanji_en,1.0
petra_gurin_(1st_costume),nijisanji_en,1.0
petra_leyte,re:zero_kara_hajimeru_isekai_seikatsu,1.0
petra_macneary,fire_emblem,1.0
petra_macneary_(timeskip),fire_emblem,1.0
petra_ral,shingeki_no_kyojin,1.0
phainon_(a_dream_scented_in_wheat)_(honkai:_star_rail),honkai:_star_rail,1.0
phainon_(fashion)_(honkai:_star_rail),honkai:_star_rail,1.0
phainon_(honkai:_star_rail),honkai:_star_rail,0.9996
phainon_(khaslana)_(honkai:_star_rail),honkai_(series),0.9974
phainon_(luckin_coffee)_(honkai:_star_rail),honkai:_star_rail,1.0
phainon_(vigethos)_(honkai:_star_rail),honkai:_star_rail,1.0
phantom_(arknights),arknights,1.0
phantom_(gavis_bettel),holostars_english,0.9966
phantump,pokemon,0.9974
pharah_(overwatch),overwatch,0.9991
pheromosa,pokemon,1.0
phichit_chulanont,yuri!!!_on_ice,1.0
phoebe_(pokemon),pokemon,1.0
phoebe_(wuthering_waves),wuthering_waves,0.9996
phoenix_wright,ace_attorney,1.0
phosphophyllite,houseki_no_kuni,0.9992
phosphophyllite_(ll),houseki_no_kuni,0.9978
phrenapates_(blue_archive),blue_archive,1.0
phrolova_(wuthering_waves),wuthering_waves,0.9994
piccolo,dragon_ball,0.9991
pichu,pokemon,1.0
pidgeot,pokemon,1.0
pidgeotto,pokemon,1.0
pidgey,pokemon,0.9984
pidove,pokemon,0.9941
pieck_finger,shingeki_no_kyojin,0.9966
pien_cat_(needy_girl_overdose),needy_girl_overdose,1.0
pierre_bichelberger,idolmaster_side-m,1.0
piers_(pokemon),pokemon,1.0
piers_nivans,resident_evil,1.0
pika_(pokemon),pokemon_adventures,1.0
pikl_(elira_pendora),nijisanji_en,1.0
pina_(blue_archive),blue_archive,1.0
pina_(sao),sword_art_online,1.0
pina_korata,idolmaster,0.9946
pine_(bombergirl),bombergirl,0.9973
pinecone_(arknights),arknights,1.0
ping_hai_(azur_lane),azur_lane,1.0
pinkie_pie,my_little_pony,1.0
pinoko,black_jack_(series),0.9964
pinsir,pokemon,1.0
piper_wheel,zenless_zone_zero,0.9991
pipimi,poptepipic,1.0
pipkin_pippa,phase_connect,1.0
piplup,pokemon,0.9991
piranha_plant,mario_(series),0.9834
pit_(kid_icarus),kid_icarus,1.0
pix_(league_of_legends),league_of_legends,1.0
pixiv-tan,pixiv,0.9192
pixiv_red,pokemon,1.0
piyoko_(uruha_rushia),hololive,1.0
piyomon,digimon,1.0
pkp_(girls'_frontline),girls'_frontline,0.9965
plain_doll,bloodborne,0.9965
plana_(blue_archive),blue_archive,0.9994
plasma-chan_(kancolle),kantai_collection,0.9982
platelet_(hataraku_saibou),hataraku_saibou,1.0
platinum_(arknights),arknights,0.9985
platinum_(shimmering_dew)_(arknights),arknights,0.996
platinum_the_trinity,blazblue,1.0
player_character_(degrees_of_lewdity),degrees_of_lewdity,1.0
player_character_(female)_(degrees_of_lewdity),degrees_of_lewdity,1.0
player_character_(mabinogi),mabinogi,1.0
player_character_(wow),warcraft,0.9942
player_palico,monster_hunter_(series),0.993
pleinair,disgaea,0.7802
plume_(arknights),arknights,1.0
plumeria_(pokemon),pokemon,1.0
plusle,pokemon,0.9974
plymouth_(azur_lane),azur_lane,1.0
pneuma_(xenoblade),xenoblade_chronicles_(series),1.0
pochacco,sanrio,1.0
pochita_(chainsaw_man),chainsaw_man,0.9969
pod_(nier:automata),nier_(series),0.9988
poipole,pokemon,1.0
poison_(final_fight),final_fight,0.7383
poison_ivy,dc_comics,0.9938
poke_kid_(pokemon),pokemon,1.0
pokobee,hololive,0.9971
pola_(azur_lane),azur_lane,1.0
pola_(kancolle),kantai_collection,1.0
pola_(seaside_coincidence)_(azur_lane),azur_lane,1.0
politoed,pokemon,1.0
poliwag,pokemon,1.0
poliwhirl,pokemon,0.993
pollux_(fate),fate/grand_order,1.0
polteageist,pokemon,1.0
pom-pom_(honkai:_star_rail),honkai:_star_rail,1.0
pombon,pokemon,0.9869
pomni_(the_amazing_digital_circus),the_amazing_digital_circus,0.9981
pompompurin,sanrio,1.0
pomu_rainpuff,nijisanji_en,1.0
pomu_rainpuff_(1st_costume),nijisanji_en,1.0
poniko,yume_nikki,1.0
ponpoko_(vtuber),mode_aim,0.9945
ponyta,pokemon,1.0
poo_(mother_2),mother_2,1.0
poochyena,pokemon,1.0
poporing,ragnarok_online,1.0
poppi_(xenoblade),xenoblade_chronicles_(series),1.0
poppi_alpha_(xenoblade),xenoblade_chronicles_(series),1.0
poppi_qtpi_(xenoblade),xenoblade_chronicles_(series),1.0
popplio,pokemon,1.0
poppy_(league_of_legends),league_of_legends,1.0
poppy_(pokemon),pokemon,1.0
popukar_(arknights),arknights,0.9933
popuko,poptepipic,1.0
porco_galliard,shingeki_no_kyojin,1.0
poring,ragnarok_online,0.9957
poro_(league_of_legends),league_of_legends,0.9941
portgas_d._ace,one_piece,0.9995
portland_(azur_lane),azur_lane,1.0
porygon,pokemon,1.0
porygon-z,pokemon,1.0
porygon2,pokemon,0.9961
potpourri_(heartcatch_precure!),heartcatch_precure!,1.0
potpourri_(precure),heartcatch_precure!,1.0
power_(chainsaw_man),chainsaw_man,1.0
power_girl,dc_comics,1.0
power_girl_(1976_costume),dc_comics,1.0
powered_ciel,tsukihime,1.0
poyoyo_(nakiri_ayame),hololive,0.9975
pozyomka_(arknights),arknights,1.0
ppk_(girls'_frontline),girls'_frontline,1.0
pramanix_(arknights),arknights,0.9992
precis_neumann,star_ocean,1.0
predator_(character),predator_(series),1.0
presea_combatir,tales_of_(series),1.0
present_mic,boku_no_hero_academia,1.0
prier,la_pucelle,0.9777
priest_(dq3),dragon_quest,0.9967
priest_(ragnarok_online),ragnarok_online,1.0
priestess_(arknights),arknights,0.9992
priestess_(goblin_slayer!),goblin_slayer!,1.0
priite_hari_(torriet),original,1.0
primarina,pokemon,1.0
primrose_azelhart,octopath_traveler,1.0
primula,shuffle!,1.0
prince_of_lan_ling_(fate),fate_(series),1.0
prince_of_lorasia,dragon_quest,1.0
prince_of_samantoria,dragon_quest_ii,1.0
prince_of_wales_(azur_lane),azur_lane,1.0
princess_(princess_principal),princess_principal,1.0
princess_bonnibel_bubblegum,adventure_time,1.0
princess_daisy,mario_(series),0.9993
princess_king_boo,mario_(series),1.0
princess_leia,star_wars,1.0
princess_of_moonbrook,dragon_quest_ii,1.0
princess_of_the_crystal,mawaru_penguindrum,1.0
princess_peach,mario_(series),1.0
princess_ruto,the_legend_of_zelda,1.0
princess_serenity,bishoujo_senshi_sailor_moon,1.0
princess_tutu_(character),princess_tutu,0.9964
princess_zelda,the_legend_of_zelda,0.9995
prinny,disgaea,1.0
prinz_eugen_(azur_lane),azur_lane,0.9998
prinz_eugen_(final_lap)_(azur_lane),azur_lane,1.0
prinz_eugen_(kancolle),kantai_collection,0.9997
prinz_eugen_(unfading_smile)_(azur_lane),azur_lane,1.0
prinz_heinrich_(azur_lane),azur_lane,1.0
priscilla_barielle,re:zero_kara_hajimeru_isekai_seikatsu,1.0
priscilla_the_crossbreed,dark_souls_(series),1.0
prishe,final_fantasy,1.0
prisma_illya,fate_(series),0.9985
privaty_(nikke),goddess_of_victory:_nikke,0.995
privaty_(unkind_maid)_(nikke),goddess_of_victory:_nikke,1.0
problem_solver_sensei_(blue_archive),blue_archive,1.0
producer_(idolmaster),idolmaster,0.9998
producer_(idolmaster_anime),idolmaster,1.0
producer_(idolmaster_cinderella_girls_anime),idolmaster_cinderella_girls,1.0
professor_(ragnarok_online),ragnarok_online,1.0
professor_kukui,pokemon,1.0
professor_niyaniya_(blue_archive),blue_archive,0.9976
professor_oak,pokemon,1.0
professor_sada,pokemon_sv,1.0
professor_shinonome,nichijou,1.0
professor_sycamore,pokemon,1.0
project_bunny,honkai_(series),1.0
projekt_red_(arknights),arknights,0.999
prompto_argentum,final_fantasy_xv,1.0
prosciutto_(jojo),vento_aureo,1.0
protagonist_(aogami_nahobino)_(smtv),shin_megami_tensei,1.0
protagonist_(crave_saga),crave_saga,1.0
protagonist_(love_and_deepspace),love_and_deepspace,1.0
protagonist_(metaphor:_refantazio),metaphor:_refantazio,1.0
protagonist_(pso2),phantasy_star,1.0
protagonist_(smtv),shin_megami_tensei,1.0
protagonist_2_(housamo),tokyo_afterschool_summoners,1.0
protagonist_3_(housamo),tokyo_afterschool_summoners,1.0
protagonist_4_(housamo),tokyo_afterschool_summoners,1.0
protean_assassin_melona,queen's_blade,1.0
proto_man,mega_man_(classic),1.0
provence_(arknights),arknights,1.0
prunechi,original,0.9571
prushka,made_in_abyss,1.0
prussia_(hetalia),axis_powers_hetalia,1.0
psychic_miku_(project_voltage),project_voltage,1.0
psyduck,pokemon,0.997
psylocke,marvel,1.0
psylocke_(vengeance),marvel_rivals,1.0
ptilopsis_(arknights),arknights,1.0
puchiko,di_gi_charat,1.0
puck_(re:zero),re:zero_kara_hajimeru_isekai_seikatsu,0.9983
pulchra_fellini,zenless_zone_zero,0.997
pumpkaboo,pokemon,1.0
puniru_(puniru_wa_kawaii_slime),puniru_wa_kawaii_slime,0.9983
punishing_bird,project_moon,0.9964
purah,the_legend_of_zelda,1.0
purirun_(precure),precure,1.0
purple_heart_(lost_purple)_(neptunia),neptune_(series),1.0
purple_heart_(neptunia),neptune_(series),0.9965
purple_pikmin,pikmin_(series),1.0
purple_sister,neptune_(series),1.0
purrloin,pokemon,1.0
puru-see_(hoshizuki_(seigetsu)),touhou,1.0
puru_two,gundam,0.9988
pururut,neptune_(series),1.0
puyo_(puyopuyo),puyopuyo,1.0
pyonta,touhou,1.0
pyotr_(madoka_magica),mahou_shoujo_madoka_magica,1.0
pyra_(pro_swimmer)_(xenoblade),xenoblade_chronicles_(series),0.9991
pyra_(xenoblade),xenoblade_chronicles_(series),1.0
pyramid_head,silent_hill_(series),1.0
pyro_(tf2),team_fortress_2,0.9981
pyrrha_nikos,rwby,0.9986
pyukumuku,pokemon,0.995
q-bee,darkstalkers,1.0
qin_liangyu_(fate),fate/grand_order,1.0
qingque_(honkai:_star_rail),honkai:_star_rail,1.0
qingyi_(zenless_zone_zero),zenless_zone_zero,1.0
qiqi_(genshin_impact),genshin_impact,0.9997
qiuyuan_(wuthering_waves),wuthering_waves,0.9907
qiyana_(league_of_legends),league_of_legends,1.0
quagsire,pokemon,1.0
quanxi_(chainsaw_man),chainsaw_man,1.0
quattro_bajeena,gundam,0.998
quaxly,pokemon,1.0
qubeley,gundam,1.0
queen_(persona_5),persona_5,1.0
queen_dizzy,guilty_gear,1.0
queen_draco_(fate),fate_(series),1.0
queen_draco_(first_ascension)_(fate),fate/grand_order,1.0
queen_draco_(second_ascension)_(fate),fate/grand_order,1.0
queen_draco_(third_ascension)_(fate),fate/grand_order,1.0
queen_elizabeth_(azur_lane),azur_lane,1.0
queen_marika_the_eternal,elden_ring,0.9966
queen_of_hatred,project_moon,1.0
queen_of_hearts_(alice_in_wonderland),alice's_adventures_in_wonderland,0.8785
queen_of_sheba_(fate),fate/grand_order,1.0
quetzalcoatl_(fate),fate/grand_order,1.0
quiet_(metal_gear),metal_gear_(series),0.9805
quilava,pokemon,1.0
quincy_(nu_carnival),nu_carnival,1.0
quistis_trepe,final_fantasy,1.0
r_dorothy_wayneright,the_big_o,1.0
rabbit_yukine,vocaloid,0.9995
raboot,pokemon,0.9955
rabu_(blue_archive),blue_archive,0.9968
rachel_alucard,blazblue,1.0
rachel_gardner,satsuriku_no_tenshi,1.0
rachnera_arachnera,monster_musume_no_iru_nichijou,1.0
racing_miku,goodsmile_racing,1.0
racing_miku_(2022),goodsmile_racing,1.0
raditz,dragon_ball,1.0
rae_taylor,watashi_no_oshi_wa_akuyaku_reijou,1.0
rafal_(chi.),chi.:_chikyuu_no_undou_ni_tsuite,0.9962
rafayel_(love_and_deepspace),love_and_deepspace,0.9962
ragatha_(the_amazing_digital_circus),the_amazing_digital_circus,0.9958
ragna_the_bloodedge,blazblue,1.0
rahu_(path_to_nowhere),path_to_nowhere,1.0
raichu,pokemon,1.0
raiden_(metal_gear),metal_gear_(series),0.998
raiden_mei,honkai_(series),0.9962
raiden_mei_(apho),honkai_impact_3rd,0.9985
raiden_mei_(herrscher_of_origin),honkai_impact_3rd,1.0
raiden_mei_(herrscher_of_thunder),honkai_(series),0.9961
raiden_shogun,genshin_impact,1.0
raiden_shogun_(magatsu_mitake_narukami_no_mikoto),genshin_impact,1.0
raidian_(arknights),arknights,0.9971
raihan_(pokemon),pokemon,1.0
raikou,pokemon,0.998
raimon_natsumi,inazuma_eleven_(series),1.0
rain_mikamura,g_gundam,1.0
rainbow_dash,my_little_pony,0.9985
rainbow_mika,street_fighter,1.0
raising_heart,lyrical_nanoha,1.0
raising_heart_(accel_mode),lyrical_nanoha,0.9974
raising_heart_(standby_mode),lyrical_nanoha,1.0
raito-kun_(uenomigi),original,1.0
rakan_(league_of_legends),league_of_legends,1.0
rakka_(haibane_renmei),haibane_renmei,1.0
ralsei,deltarune,1.0
ralsei_(hat),deltarune,0.9933
ralts,pokemon,1.0
ram_(neptunia),neptune_(series),1.0
ram_(re:zero),re:zero_kara_hajimeru_isekai_seikatsu,1.0
rama_(fate),fate_(series),1.0
ramlethal_valentine,guilty_gear,0.9981
ramona_flowers,scott_pilgrim_(series),0.9973
rampart_(apex_legends),apex_legends,1.0
ramza_beoulve,final_fantasy,1.0
ran_nagisa,ensemble_stars!,0.997
rance,rance_(series),0.9967
randal_ivory,randal's_friends,1.0
ranger_(kancolle),kantai_collection,1.0
ranger_(ragnarok_online),ragnarok_online,1.0
ranka_lee,macross,1.0
ranma-chan,ranma_1/2,0.9997
ranni_the_witch,elden_ring,1.0
ranpha_franboise,galaxy_angel,1.0
ranulf_(fire_emblem),fire_emblem,1.0
raora_panthera,hololive_english,0.9954
raora_panthera_(1st_costume),hololive_english,0.9984
raphael_kirsten,fire_emblem,1.0
raphiel_shiraha_ainsworth,gabriel_dropout,1.0
raphtalia,tate_no_yuusha_no_nariagari,0.9996
raphtalia_(young),tate_no_yuusha_no_nariagari,0.9954
rapi_(nikke),goddess_of_victory:_nikke,0.9979
rapi_(red_hood)_(nikke),goddess_of_victory:_nikke,0.9965
rapi_(red_hood)_(red_flavor)_(nikke),goddess_of_victory:_nikke,0.9958
rapidash,pokemon,1.0
rappa_(honkai:_star_rail),honkai:_star_rail,0.9963
rapunzel_(disney),tangled,0.99
rapunzel_(nikke),goddess_of_victory:_nikke,0.9974
raqio,gnosia,1.0
rarity_(my_little_pony),my_little_pony,1.0
rasis,sound_voltex,1.0
raspberyl,disgaea,1.0
rathalos,monster_hunter_(series),0.993
raticate,pokemon,0.9964
ratna_petit,nijisanji,1.0
rattata,pokemon,1.0
raven_(dc),dc_extended_universe,1.0
raven_(honkai_impact),honkai_impact_3rd,1.0
raven_(tales),tales_of_(series),1.0
raven_cronwell,elsword,1.0
ray_(aotu_world),aotu_world,0.9979
ray_(arknights),arknights,0.996
ray_(yakusoku_no_neverland),yakusoku_no_neverland,1.0
raynare,high_school_dxd,1.0
rayquaza,pokemon,0.9956
raziel_(granblue_fantasy),granblue_fantasy,1.0
razor_(genshin_impact),genshin_impact,1.0
re-class_battleship,kantai_collection,0.9996
re_mii,zoids,1.0
rean_schwarzer,eiyuu_densetsu,1.0
reaper_(overwatch),overwatch,0.9984
rebecca_(cyberpunk),cyberpunk_(series),0.9995
rebecca_(one_piece),one_piece,1.0
rebecca_bluegarden,eden's_zero,1.0
rebecca_chambers,resident_evil,0.9783
rebecca_miyamoto,pani_poni_dash!,1.0
recluse_(elden_ring),elden_ring_nightreign,1.0
recoleta_(reverse:1999),reverse:1999,1.0
red_(among_us),among_us,0.9833
red_(pokemon),pokemon,0.9993
red_arcueid,tsukihime,1.0
red_blood_cell_(hataraku_saibou),hataraku_saibou,0.9979
red_desire_(umamusume),umamusume,0.9895
red_hood_(dc),dc_comics,0.9986
red_hood_(nikke),goddess_of_victory:_nikke,0.9993
red_hood_(nonsense_red)_(nikke),goddess_of_victory:_nikke,1.0
red_mage_(final_fantasy),final_fantasy,0.9978
red_pikmin,pikmin_(series),0.9972
red_pyro_(tf2),team_fortress_2,0.9791
red_riding_hood_(sinoalice),sinoalice,1.0
red_toad_(mario),mario_(series),1.0
red_xiii,final_fantasy,1.0
reed_(arknights),arknights,0.9993
reed_richards,marvel,1.0
reed_the_flame_shadow_(arknights),arknights,1.0
reg_(made_in_abyss),made_in_abyss,1.0
regensburg_(azur_lane),azur_lane,1.0
regice,pokemon,1.0
regigigas,pokemon,1.0
regina_(dokidoki!_precure),precure,1.0
regina_(precure),precure,1.0
regis_altare,holostars_english,1.0
registeel,pokemon,1.0
regulus_(reverse:1999),reverse:1999,0.9989
rei_(cookie),cookie_(touhou),0.9986
rei_(pokemon),pokemon,1.0
rei_(princess_connect!),princess_connect!,0.9961
reigen_arataka,mob_psycho_100,1.0
reijo_(blue_archive),blue_archive,1.0
reimu_endou,nijisanji_en,1.0
rein_(futagohime),fushigiboshi_no_futago_hime,1.0
reina_(tekken),tekken,1.0
reina_prowler,macross_delta,1.0
reiner_braun,shingeki_no_kyojin,1.0
reines_el-melloi_archisorte,fate_(series),1.0
reinforce,lyrical_nanoha,1.0
reinforce_zwei,lyrical_nanoha,1.0
reinhardt_(fire_emblem),fire_emblem,1.0
reinhardt_(overwatch),overwatch,1.0
reisa_(blue_archive),blue_archive,0.9983
reisa_(magical)_(blue_archive),blue_archive,0.9972
reisalin_stout,atelier_(series),0.9998
reisen_(touhou_bougetsushou),touhou,1.0
reisen_udongein_inaba,touhou,0.9997
reiuji_utsuho,touhou,0.9999
reiuji_utsuho_(bird),touhou,1.0
reizei_mako,girls_und_panzer,1.0
relena_peacecraft,gundam_wing,1.0
relm_arrowny,final_fantasy_vi,1.0
rem_(re:zero),re:zero_kara_hajimeru_isekai_seikatsu,0.9979
remnan_(gnosia),gnosia,1.0
remoraid,pokemon,1.0
ren_kougyoku,magi_the_labyrinth_of_magic,1.0
ren_zotto,nijisanji,0.9964
rena_(blue_archive),blue_archive,0.9862
rena_erindel,elsword,1.0
rena_lanford,star_ocean,1.0
renamon,digimon,0.9988
renee_graves,the_coffin_of_andy_and_leyley,1.0
renge_(blue_archive),blue_archive,1.0
rengoku_kyoujurou,kimetsu_no_yaiba,0.9993
renne_(eiyuu_densetsu),eiyuu_densetsu,1.0
reno_(azur_lane),azur_lane,1.0
reno_(ff7),final_fantasy_vii,0.9957
rensouhou-chan,kantai_collection,0.9998
rensouhou-kun,kantai_collection,1.0
renton_thurston,eureka_seven_(series),0.9962
reona_west,pripara,1.0
repede_(tales),tales_of_vesperia,1.0
rerir_(genshin_impact),genshin_impact,1.0
rescue_officer_(pikmin),pikmin_(series),1.0
reshiram,pokemon,0.999
reticulated_giraffe_(kemono_friends),kemono_friends,1.0
retoree_(show_by_rock!!),show_by_rock!!,1.0
reu_(cookie),cookie_(touhou),1.0
reuniclus,pokemon,1.0
revali,the_legend_of_zelda,0.9969
revenant_(apex_legends),apex_legends,1.0
revenant_(elden_ring),elden_ring_nightreign,1.0
revolver_knuckle,lyrical_nanoha,1.0
revy_(black_lagoon),black_lagoon,0.9991
rex_(xenoblade),xenoblade_chronicles_(series),1.0
rex_lapis_(genshin_impact),genshin_impact,1.0
reze_(chainsaw_man),chainsaw_man,1.0
rfb_(girls'_frontline),girls'_frontline,1.0
rhea_(fire_emblem),fire_emblem,1.0
rhea_(summer)_(fire_emblem),fire_emblem,1.0
rhein_kraft_(umamusume),umamusume,0.9968
rhydon,pokemon,1.0
ri-class_heavy_cruiser,kantai_collection,1.0
rias_gremory,high_school_dxd,1.0
ribbon_(kirby),kirby_(series),1.0
ribeyrolles_(girls'_frontline),girls'_frontline,1.0
ribombee,pokemon,1.0
rice_shower_(casual)_(umamusume),umamusume,0.9978
rice_shower_(rosy_dreams)_(umamusume),umamusume,0.9977
rice_shower_(umamusume),umamusume,0.9992
rice_shower_(vampire_makeover!)_(umamusume),umamusume,1.0
richard_(tales),tales_of_graces,1.0
richard_i_(fate),fate_(series),1.0
richelieu_(azur_lane),azur_lane,1.0
richelieu_(kancolle),kantai_collection,1.0
richter_belmont,castlevania_(series),0.9976
riddle_rosehearts,twisted_wonderland,0.9975
ridley,metroid,1.0
rie_petoriyacowa,agent_aika,1.0
riesbyfe_stridberg,tsukihime,0.9971
riesz,seiken_densetsu_3,1.0
rieszverne_suzette_paladill,kouyoku_senki_exs-tia,1.0
riju,the_legend_of_zelda,1.0
rika_(m_k),original,1.0
rika_(pokemon),pokemon,0.9992
rika_(touhou),touhou_(pc-98),1.0
rikka_(holostars),holostars,1.0
rikku_(ff10),final_fantasy_x,1.0
riko_(made_in_abyss),made_in_abyss,1.0
riku_(kingdom_hearts),kingdom_hearts,1.0
riliane_lucifen_d'autriche,vocaloid,0.9986
rillaboom,pokemon,1.0
rim_(kamitsubaki_studio),kamitsubaki_studio,1.0
rimuru_tempest,tensei_shitara_slime_datta_ken,0.997
rimuru_tempest_(slime),tensei_shitara_slime_datta_ken,1.0
rin_(blue_archive),blue_archive,1.0
rin_(inuyasha),inuyasha,1.0
rin_(senran_kagura),senran_kagura,1.0
rina_atherina,original,0.9924
rindo_chihaya,hololive_dev_is,1.0
rindou_mikoto,nijisanji,1.0
rindou_mikoto_(1st_costume),nijisanji,1.0
ringo-chan_(otokuyou),original,0.9986
ringo_(touhou),touhou,1.0
rinoa_heartilly,final_fantasy,1.0
rio_(armed)_(blue_archive),blue_archive,1.0
rio_(blue_archive),blue_archive,0.9994
rio_rollins,super_blackjack,1.0
riolu,pokemon,0.998
ripple_star_queen,kirby_(series),1.0
rir-chan,original,1.0
risotto_nero,vento_aureo,1.0
risu_(dorohedoro),dorohedoro,1.0
rita_mordio,tales_of_vesperia,1.0
rita_rossweisse,honkai_(series),0.9949
rita_rossweisse_(umbral_rose),honkai_(series),1.0
riven_(league_of_legends),league_of_legends,1.0
rixia_mao,eiyuu_densetsu,0.9976
riza_hawkeye,fullmetal_alchemist,1.0
rizu-kyun,sono_bisque_doll_wa_koi_wo_suru,0.9976
ro-500_(kancolle),kantai_collection,0.9996
ro-500_(swimsuit)_(kancolle),kantai_collection,1.0
ro-class_destroyer,kantai_collection,1.0
ro635_(girls'_frontline),girls'_frontline,1.0
rob_lucci,one_piece,1.0
robert_e._o._speedwagon,jojo_no_kimyou_na_bouken,1.0
roberta_(black_lagoon),black_lagoon,0.9886
robin_(arknights),arknights,1.0
robin_(batrobin_k),dc_comics,0.9158
robin_(dc),dc_comics,1.0
robin_(honkai:_star_rail),honkai:_star_rail,0.9989
robin_hood_(fate),fate_(series),1.0
robo_(chrono_trigger),chrono_trigger,1.0
roboco-san,hololive,0.9963
roboco-san_(hoodie),hololive,0.9923
roccia_(wuthering_waves),wuthering_waves,0.9981
rock_lee,naruto_(series),0.9952
rock_pikmin,pikmin_(series),1.0
rocket_raccoon,marvel,1.0
rockhopper_penguin_(kemono_friends),kemono_friends,1.0
rockruff,pokemon,1.0
rodion_(project_moon),project_moon,0.9994
rodney_(azur_lane),azur_lane,1.0
roger_(guilty_gear),guilty_gear,0.9978
rogue_(ragnarok_online),ragnarok_online,1.0
rogue_(x-men),x-men,1.0
rogue_titan,shingeki_no_kyojin,1.0
rokudou_mukuro,katekyo_hitman_reborn!,1.0
rokudu_sariel,zenless_zone_zero,1.0
roland_(project_moon),project_moon,1.0
roll.exe_(mega_man),mega_man_battle_network_(series),0.9977
roll_(mega_man),mega_man_(series),1.0
roll_caskett_(mega_man),mega_man_legends_(series),1.0
rolo_lamperouge,code_geass,1.0
rom_(neptunia),neptune_(series),1.0
roma_(kancolle),kantai_collection,1.0
romani_archaman,fate/grand_order,1.0
ronald_mcdonald,mcdonald's,0.973
ronova_(genshin_impact),genshin_impact,1.0
ronove_(umineko),umineko_no_naku_koro_ni,1.0
roon_(azur_lane),azur_lane,1.0
rope_(arknights),arknights,0.9966
roro_(gunvolt),azure_striker_gunvolt,1.0
rorolina_frixell,atelier_(series),0.9983
roromiya_karuta,inu_x_boku_ss,0.9968
roronoa_zoro,one_piece,1.0
rory_mercury,gate_-_jieitai_ka_no_chi_nite_kaku_tatakaeri,1.0
rosa_(arknights),arknights,0.9976
rosa_(pokemon),pokemon,0.9999
rosa_(tears_of_themis),tears_of_themis,1.0
rosa_farrell,final_fantasy_iv,1.0
rosado_(fire_emblem),fire_emblem,1.0
rosalina,mario_(series),0.997
rosanna_(chic_ocean)_(nikke),goddess_of_victory:_nikke,0.996
rosanna_(nikke),goddess_of_victory:_nikke,0.9975
rosaria_(genshin_impact),genshin_impact,1.0
rose_(liz_to_rose_no_koubou),liz_to_rose_no_koubou_~shakkin_shimai_no_koubou_nisshi~,1.0
rose_(pokemon),pokemon,1.0
rose_(street_fighter),street_fighter,1.0
rosehip_(girls_und_panzer),girls_und_panzer,1.0
roselia_(pokemon),pokemon,0.9972
rosemi_lovelock,nijisanji_en,1.0
rosemi_lovelock_(1st_costume),nijisanji_en,1.0
roserade,pokemon,0.998
rosetta_(granblue_fantasy),granblue_fantasy,0.9886
rosmontis_(arknights),arknights,0.999
rossi_(arknights),arknights:_endfield,0.9699
rossiu_adai,tengen_toppa_gurren_lagann,1.0
rossweisse,high_school_dxd,0.9984
roto_(dq3),dragon_quest,0.9991
roto_(kanae),nijisanji,1.0
rotom,pokemon,0.9994
rotom_(normal),pokemon,1.0
rotom_dex,pokemon,1.0
rotom_phone,pokemon,0.9997
rottytops,shantae_(series),1.0
rouge_(nikke),goddess_of_victory:_nikke,1.0
rouge_(unlucky_rabbit)_(nikke),goddess_of_victory:_nikke,1.0
rouge_the_bat,sonic_(series),1.0
roux_louka,gundam,1.0
rover_(wuthering_waves),wuthering_waves,0.9987
rowlet,pokemon,0.9994
roxanne_(pokemon),pokemon,1.0
roxas,kingdom_hearts,1.0
roxie_(pokemon),pokemon,1.0
roxy_migurdia,mushoku_tensei,1.0
roy_(fire_emblem),fire_emblem,1.0
roy_(pokemon),pokemon_horizons,1.0
roy_mustang,fullmetal_alchemist,1.0
royal_guard_(ragnarok_online),ragnarok_online,0.997
royal_penguin_(kemono_friends),kemono_friends,1.0
rozalin,disgaea,1.0
rozaliya_olenyeva,honkai_impact_3rd,1.0
rpk-16_(girls'_frontline),girls'_frontline,1.0
rpk-16_(renate)_(girls'_frontline),girls'_frontline,1.0
ru-class_battleship,kantai_collection,1.0
ruan_mei_(honkai:_star_rail),honkai:_star_rail,0.9996
rubuska,reverse:1999,1.0
ruby_rose,rwby,0.9992
rudeus_greyrat,mushoku_tensei,1.0
rufus_shinra,final_fantasy_vii,1.0
ruggie_bucchi,twisted_wonderland,1.0
rukawa_kaede,slam_dunk_(series),1.0
rukkhadevata_(genshin_impact),genshin_impact,0.9981
rukuriri_(girls_und_panzer),girls_und_panzer,1.0
rulue_(puyopuyo),puyopuyo,1.0
rum_(girls_und_panzer),girls_und_panzer,1.0
rumi_(blue_archive),blue_archive,1.0
rumi_(girls_und_panzer),girls_und_panzer,1.0
rumi_(kpop_demon_hunters),kpop_demon_hunters,1.0
rumi_(small)_(blue_archive),blue_archive,1.0
rumia,touhou,0.9997
runami_yachiyo,cho_kaguya-hime!,0.9861
rune_knight_(ragnarok_online),ragnarok_online,1.0
rupa_(girls_band_cry),girls_band_cry,1.0
rupee_(nikke),goddess_of_victory:_nikke,0.9966
rurima_(cookie),cookie_(touhou),1.0
ruru_amour,precure,0.9981
rurudo_lion,indie_virtual_youtuber,1.0
russia_(hetalia),axis_powers_hetalia,1.0
ruukoto,touhou_(pc-98),1.0
rx-78-2_gundam,gundam,0.9993
rydia_(adult)_(ff4),final_fantasy,1.0
rydia_(ff4),final_fantasy,1.0
ryne_waters,final_fantasy_xiv,1.0
ryoma_(fire_emblem),fire_emblem,0.9908
ryomou_shimei,ikkitousen,1.0
ryoshu_(project_moon),project_moon,1.0
ryou_sakazaki,ryuuko_no_ken,0.9848
ryoubi_(senran_kagura),senran_kagura,1.0
ryougi_shiki,kara_no_kyoukai,0.9223
ryouko_(tenchi_muyou!),tenchi_muyou!,1.0
ryoumen_sukuna_(jujutsu_kaisen),jujutsu_kaisen,1.0
ryouna_(senran_kagura),senran_kagura,1.0
ryu_(street_fighter),street_fighter,0.9983
ryu_lion,dungeon_ni_deai_wo_motomeru_no_wa_machigatteiru_darou_ka,1.0
ryugasaki_rene,nanashi_inc.,1.0
ryuk,death_note,1.0
ryunosuke_naruhodo,ace_attorney,1.0
ryuugamine_mikado,durarara!!,1.0
ryuuguu_rena,higurashi_no_naku_koro_ni,1.0
ryuuhou_(kancolle),kantai_collection,1.0
ryuujou_(kancolle),kantai_collection,0.9995
ryuujou_kai_ni_(kancolle),kantai_collection,0.997
ryuushen,nijisanji,1.0
ryuuzaki_umi,magic_knight_rayearth,0.9978
ryuzaki_kaoru,idolmaster_cinderella_girls,0.9993
s-force_rappa_chiyomaru,yu-gi-oh!,0.9932
s-snake,one_piece,1.0
s.a.t.8_(girls'_frontline),girls'_frontline,1.0
saber_(fate),fate/stay_night,0.7347
saber_(honkai:_star_rail)_(fate),honkai:_star_rail,0.9935
saber_alter,fate_(series),0.9999
saber_alter_(fate/stay_night),fate_(series),1.0
saber_alter_(final_ascension),fate_(series),1.0
saber_alter_(first_ascension),fate_(series),1.0
saber_alter_(gothic_lolita),fate_(series),1.0
saber_alter_(second_ascension),fate_(series),1.0
saber_alter_(swimsuit_rider)_(first_ascension),fate_(series),1.0
saber_alter_(swimsuit_rider)_(second_ascension),fate_(series),0.9993
saber_alter_(third_ascension),fate_(series),1.0
saber_alter_(ver._shinjuku_1999),fate_(series),1.0
saber_lily,fate_(series),1.0
saber_lily_(third_ascension),fate_(series),1.0
sabin_rene_figaro,final_fantasy,1.0
sabitsuki,.flow,0.9975
sableye,pokemon,0.9957
sabo_(one_piece),one_piece,0.9991
sabotender,final_fantasy,0.9505
sabrina_(pokemon),pokemon,0.9994
sachiel_(evangelion),neon_genesis_evangelion,1.0
sacred_heart,lyrical_nanoha,1.0
sadamori_himeka,assault_lily,1.0
sado_(kancolle),kantai_collection,1.0
sae_(hidamari_sketch),hidamari_sketch,1.0
saegusa_akina,nijisanji,1.0
saegusa_ibara,ensemble_stars!,1.0
saeki_miria,mahou_shoujo_no_majo_saiban,1.0
saemonza_(girls_und_panzer),girls_und_panzer,1.0
saga_(arknights),arknights,1.0
sagat,street_fighter,1.0
sage_(dq3),dragon_quest,0.9898
sage_(ragnarok_online),ragnarok_online,1.0
sage_(sonic),sonic_(series),0.9971
sage_(valorant),valorant,1.0
sage_harpuia_(mega_man),mega_man_zero_(series),1.0
sagiri_(kancolle),kantai_collection,1.0
sagiri_(swimsuit)_(kancolle),kantai_collection,1.0
sagisawa_fumika,idolmaster_cinderella_girls,0.9996
sai_(naruto),naruto_(series),1.0
saiga-12_(girls'_frontline),girls'_frontline,1.0
saigusa_haruka,little_busters!,1.0
saigyou_ayakashi,touhou,1.0
saigyouji_yuyuko,touhou,0.9998
saigyouji_yuyuko_(living),touhou,1.0
saihara_shuichi,danganronpa_(series),1.0
saijo_claudine,shoujo_kageki_revue_starlight,1.0
saijo_juri,idolmaster_shiny_colors,1.0
saijou_claudine,shoujo_kageki_revue_starlight,1.0
saikawa_riko,kobayashi-san_chi_no_maidragon,1.0
saileach_(arknights),arknights,1.0
sailor_chibi_moon,bishoujo_senshi_sailor_moon,1.0
sailor_jupiter,bishoujo_senshi_sailor_moon,1.0
sailor_mars,bishoujo_senshi_sailor_moon,1.0
sailor_mercury,bishoujo_senshi_sailor_moon,1.0
sailor_moon,bishoujo_senshi_sailor_moon,1.0
sailor_neptune,bishoujo_senshi_sailor_moon,1.0
sailor_pluto,bishoujo_senshi_sailor_moon,1.0
sailor_saturn,bishoujo_senshi_sailor_moon,1.0
sailor_uranus,bishoujo_senshi_sailor_moon,1.0
sailor_venus,bishoujo_senshi_sailor_moon,1.0
saint-louis_(azur_lane),azur_lane,1.0
saionji_hiyoko,danganronpa_(series),0.9991
saionji_kotoka,idolmaster_cinderella_girls,1.0
saionji_mary,nanashi_inc.,0.9977
sairenji_haruna,to_love-ru,1.0
saitama_(one-punch_man),one-punch_man,1.0
saitou_ena,yurucamp,1.0
saitou_hajime_(fate),fate/grand_order,0.9989
saitou_hajime_(first_ascension)_(fate),fate/grand_order,1.0
sajo_yukimi,idolmaster_cinderella_girls,0.9987
sakagami_tomoyo,clannad,1.0
sakaguchi_karina,girls_und_panzer,1.0
sakaki_(azumanga_daioh),azumanga_daioh,0.9983
sakaki_yumiko,grisaia_(series),1.0
sakaki_yuya,yu-gi-oh!_arc-v,0.9983
sakakura_juzo,danganronpa_(series),1.0
sakamata_chloe,hololive,0.9994
sakamata_chloe_(1st_costume),hololive,1.0
sakamata_chloe_(gyarumata),hololive,0.9972
sakamata_chloe_(jirai_kei),hololive,1.0
sakamoto_(nichijou),nichijou,1.0
sakamoto_mio,world_witches_series,1.0
sakamoto_ryouma_(fate),fate_(series),1.0
sakamoto_ryuuji,persona_5,1.0
sakasaki_natsume,ensemble_stars!,1.0
sakata_gintoki,gintama,0.9992
sakata_kintoki_(fate),fate_(series),1.0
sakata_nemuno,touhou,1.0
sakawa_(kancolle),kantai_collection,1.0
sakayori_iroha,cho_kaguya-hime!,0.9703
sakenomi_(cookie),cookie_(touhou),1.0
saki_(blue_archive),blue_archive,1.0
saki_(swimsuit)_(blue_archive),blue_archive,1.0
saki_(the_atko),original,0.9966
sakihata_rimi,chaos;head,1.0
sakimiya_iruka,dolphin_wave,0.998
sakimori_toji,tokyo_afterschool_summoners,1.0
sakuma_jirou,inazuma_eleven_(series),1.0
sakuma_mayu,idolmaster_cinderella_girls,1.0
sakuma_rei_(ensemble_stars!),ensemble_stars!,0.9935
sakuma_ritsu,ensemble_stars!,1.0
sakuna-hime,tensui_no_sakuna-hime,1.0
sakura_(fire_emblem),fire_emblem,0.9955
sakura_(nikke),goddess_of_victory:_nikke,1.0
sakura_bakushin_o_(blossom_in_learning)_(umamusume),umamusume,0.9982
sakura_bakushin_o_(umamusume),umamusume,0.9954
sakura_chiyo,gekkan_shoujo_nozaki-kun,1.0
sakura_chiyono_o_(hinoshita_kaisan_hana_akari)_(umamusume),umamusume,1.0
sakura_chiyono_o_(strength_in_full_bloom)_(umamusume),umamusume,1.0
sakura_chiyono_o_(umamusume),umamusume,1.0
sakura_futaba,persona,0.9988
sakura_haruka_(wind_breaker),wind_breaker_(nii_satoru),1.0
sakura_hibiki,dumbbell_nan_kilo_moteru?,1.0
sakura_kyoko,mahou_shoujo_madoka_magica,1.0
sakura_kyoko_(magical_girl),mahou_shoujo_madoka_magica,1.0
sakura_laurel_(umamusume),umamusume,0.9978
sakura_megumi,gakkou_gurashi!,1.0
sakura_miko,hololive,0.999
sakura_miko_(1st_costume),hololive,0.9995
sakura_miko_(casual),hololive,1.0
sakura_miko_(old_design),hololive,1.0
sakura_miko_(school_uniform),hololive,1.0
sakura_miko_(street),hololive,1.0
sakura_miko_(work),hololive,1.0
sakura_miku,vocaloid,0.9997
sakura_uta_(precure),precure,0.9986
sakuraba_ema,mahou_shoujo_no_majo_saiban,0.9676
sakuraba_rola,aikatsu!_(series),1.0
sakurada_jun,rozen_maiden,0.9962
sakurada_shiro_(hy_plus),original,1.0
sakurada_yuuta,onii-chan_wa_oshimai!,1.0
sakuragi_hanamichi,slam_dunk_(series),1.0
sakuragi_mano,idolmaster,1.0
sakuragi_matsuri,ichigo_mashimaro,1.0
sakurai_ayaka_(lonely_girl_ni_sakaraenai),lonely_girl_ni_sakaraenai,1.0
sakurai_masahiro,real_life,0.9458
sakurai_momoka,idolmaster_cinderella_girls,0.9997
sakurai_rihoko,amagami,1.0
sakurai_touko,senpai_ga_uzai_kouhai_no_hanashi,1.0
sakurajima_mai,seishun_buta_yarou,1.0
sakurako_(blue_archive),blue_archive,1.0
sakurako_(idol)_(blue_archive),blue_archive,1.0
sakurako_(justina_uniform)_(blue_archive),blue_archive,1.0
sakurakoji_kinako,love_live!_superstar!!,1.0
sakuramori_kaori,idolmaster_million_live!,1.0
sakuranomiya_maika,blend_s,1.0
sakurasawa_sumi,kanojo_okarishimasu,1.0
sakurauchi_riko,love_live!_sunshine!!,1.0
sakurazaki_setsuna,mahou_sensei_negima!,1.0
sakutarou_(umineko),umineko_no_naku_koro_ni,0.9956
sakuyamon,digimon,1.0
salamence,pokemon,1.0
sally_sinclair,original,0.8532
salome_(one_piece),one_piece,0.9953
sam_(honkai:_star_rail),honkai:_star_rail,1.0
samejima_mamimi,flcl,1.0
sameko_saba,indie_virtual_youtuber,0.9995
sameko_saba_(1st_costume),indie_virtual_youtuber,0.9981
samidare_(kancolle),kantai_collection,0.9998
sampo_koski,honkai:_star_rail,1.0
samson_(skullgirls),skullgirls,1.0
samsung_sam,samsung,1.0
samuel_b._roberts_(kancolle),kantai_collection,1.0
samurai_(7th_dragon_series),7th_dragon_(series),1.0
samurott,pokemon,0.9969
samus_aran,metroid,0.9997
san_(mononoke_hime),mononoke_hime,0.9933
san_diego_(azur_lane),azur_lane,0.9916
sanada_akihiko,persona_3,1.0
sanada_yukimura_(sengoku_basara),sengoku_basara,1.0
sanageyama_uzu,kill_la_kill,1.0
sanaki_kirsch_altina,fire_emblem,1.0
sananana_(cookie),cookie_(touhou),1.0
sancho_(project_moon),project_moon,0.998
sand_cat_(kemono_friends),kemono_friends,1.0
sandalphon_(granblue_fantasy),granblue_fantasy,1.0
sandrone_(genshin_impact),genshin_impact,0.9863
sandshrew,pokemon,0.9965
sangonomiya_kokomi,genshin_impact,0.9998
sanhua_(wuthering_waves),wuthering_waves,0.9974
saniwa_(touken_ranbu),touken_ranbu,1.0
sanji_(one_piece),one_piece,1.0
sano_manjirou,tokyo_revengers,1.0
sans_(undertale),utdr_(toby_fox),0.9956
sansei_muramasa,soukou_akki_muramasa,0.9977
santa_alter,fate_(series),1.0
santa_claus,original,0.5561
sanya_(nijisanji),nijisanji,0.997
sanya_v._litvyak,world_witches_series,1.0
sanzen'in_nagi,hayate_no_gotoku!,1.0
sanzu_haruchiyo,tokyo_revengers,0.9963
saori_(blue_archive),blue_archive,0.9996
saori_(dress)_(blue_archive),blue_archive,1.0
saori_(swimsuit)_(blue_archive),blue_archive,1.0
saotome_alto,macross,1.0
saotome_genma_(panda),ranma_1/2,1.0
saotome_noa,noa-senpai_wa_tomodachi.,0.9923
saotome_ranma,ranma_1/2,0.9943
saotome_shino_(shino_to_ren),shino_to_ren,1.0
sapling_(ceres_fauna),hololive_english,0.9922
sapphira_nyx,final_fantasy_xiv,1.0
sara_(granblue_fantasy),granblue_fantasy,1.0
sara_(touhou),touhou_(pc-98),1.0
sara_valestein,eiyuu_densetsu,1.0
sarashina_ruka,kanojo_okarishimasu,1.0
saratoga_(azur_lane),azur_lane,1.0
saratoga_(kancolle),kantai_collection,0.9993
saratoga_(warship_girls_r),warship_girls_r,1.0
saratoga_mk_ii_(kancolle),kantai_collection,1.0
saren_(princess_connect!),princess_connect!,0.9985
saren_(summer)_(princess_connect!),princess_connect!,0.9987
saria_(arknights),arknights,0.9995
saria_(the_law)_(arknights),arknights,1.0
saria_(zelda),the_legend_of_zelda,1.0
sariel_(touhou),touhou,1.0
saruei_(vtuber),indie_virtual_youtuber,0.9926
sasaki_akebi,girls_und_panzer,0.9984
sasaki_chie,idolmaster_cinderella_girls,1.0
sasaki_chiho,hataraku_maou-sama!,1.0
sasaki_kanna,gaki_kyonyuu,1.0
sasaki_kojirou_(fate),fate_(series),1.0
sasaki_ran,assault_lily,1.0
sasaki_saku,nijisanji,0.9994
sasaki_saku_(1st_costume),nijisanji,0.9976
sasamori_karin,to_heart_2,1.0
sasasegawa_sasami,little_busters!,1.0
sasha_(haguhagu),original,0.6462
sasha_blouse,shingeki_no_kyojin,1.0
sasha_waybright,amphibia,1.0
sasori_(naruto),naruto_(series),1.0
satake_minako,idolmaster_million_live!,1.0
satan_(puyopuyo),puyopuyo,1.0
satan_(umineko),umineko_no_naku_koro_ni,1.0
satanichia_kurumizawa_mcdowell,gabriel_dropout,1.0
saten_ruiko,toaru_majutsu_no_index,1.0
sato_shin,idolmaster_cinderella_girls,1.0
satomi_touka,mahou_shoujo_madoka_magica,1.0
satonaka_chie,persona_4,1.0
satono_crown_(emerald_journey)_(umamusume),umamusume,0.9922
satono_crown_(umamusume),umamusume,0.9971
satono_diamond_(natural_brilliance)_(umamusume),umamusume,0.9973
satono_diamond_(umamusume),umamusume,0.9986
satou_jun,working!!,1.0
satou_kazuma,kono_subarashii_sekai_ni_shukufuku_wo!,0.9969
satou_lilly,katawa_shoujo,1.0
satou_sasara,cevio,0.9874
satou_sei,maria-sama_ga_miteru,1.0
satsuki_(blue_archive),blue_archive,0.9952
satsuki_(kancolle),kantai_collection,1.0
satsuki_kai_ni_(kancolle),kantai_collection,1.0
satsuki_mari,heaven_burns_red,1.0
satsuki_rin,touhou,1.0
satsuki_yomi,toji_no_miko,1.0
savage_(arknights),arknights,1.0
sawa_azusa,girls_und_panzer,1.0
sawachika_eri,school_rumble,1.0
sawada_tsunayoshi,katekyo_hitman_reborn!,1.0
sawaguchi_mai,sono_hanabira_ni_kuchizuke_wo,1.0
sawaizumi_chiyu,healin'_good_precure,1.0
sawamura_daichi,haikyuu!!,0.9963
sawamura_eijun,ace_of_diamond,0.9971
sawamura_spencer_eriri,saenai_heroine_no_sodatekata,1.0
sawatari_makoto,kanon,0.9331
sawsbuck,pokemon,1.0
saya_(blue_archive),blue_archive,1.0
saya_(saya_no_uta),saya_no_uta,0.9979
sayaka_(saru_getchu),saru_getchu,1.0
sayama_saho,ochame_na_okusan_to_no_nichijou_chabangoto,0.9967
sayama_youtarou,ochame_na_okusan_to_no_nichijou_chabangoto,0.9967
sayla_mass,gundam,1.0
sayo_samonji,touken_ranbu,1.0
sayori_(doki_doki_literature_club),doki_doki_literature_club,0.9993
sayu_(genshin_impact),genshin_impact,1.0
sazabi,gundam,1.0
sazaki_kaoruko,gundam_build_fighters,1.0
sazanami_(kancolle),kantai_collection,0.9998
sazanami_jun,ensemble_stars!,1.0
sazanami_kai_(kancolle),kantai_collection,1.0
scamp_(kancolle),kantai_collection,1.0
scanty_(psg),panty_&_stocking_with_garterbelt,1.0
scar_(wuthering_waves),wuthering_waves,1.0
scaramouche_(cat)_(genshin_impact),genshin_impact,0.9972
scaramouche_(genshin_impact),genshin_impact,1.0
scaramouche_(kabukimono)_(genshin_impact),genshin_impact,1.0
scarle_yonaguni,nijisanji_en,1.0
scarlet_(black_shadow)_(nikke),goddess_of_victory:_nikke,1.0
scarlet_(nikke),goddess_of_victory:_nikke,1.0
scarlet_ibis_(kemono_friends),kemono_friends,1.0
scarlet_witch,marvel,1.0
scary_monsters_(stand),steel_ball_run,1.0
scathach-skadi_(fate),fate/grand_order,1.0
scathach-skadi_(first_ascension)_(fate),fate/grand_order,1.0
scathach-skadi_(third_ascension)_(fate),fate/grand_order,1.0
scathach_(fate),fate_(series),0.9999
scathach_(lancer)_(fate),fate_(series),1.0
scathach_(loungewear_mode)_(fate),fate_(series),1.0
scathach_(piercing_bunny)_(fate),fate_(series),1.0
scathach_(swimsuit_assassin)_(fate),fate/grand_order,0.9992
scathach_(third_ascension)_(fate),fate_(series),1.0
scathacha_(granblue_fantasy),granblue_fantasy,1.0
scene_(arknights),arknights,1.0
sceptile,pokemon,1.0
scheherazade_(fate),fate_(series),1.0
schezo_wegey,puyopuyo,1.0
schneider_(reverse:1999),reverse:1999,1.0
scholar_(final_fantasy),final_fantasy,1.0
schwarz_(arknights),arknights,0.9994
schwertkreuz,lyrical_nanoha,1.0
scirocco_(kancolle),kantai_collection,1.0
scizor,pokemon,1.0
scolipede,pokemon,0.9988
scorbunny,pokemon,1.0
scott_pilgrim,scott_pilgrim_(series),0.9976
scout_(tf2),team_fortress_2,0.9964
scrafty,pokemon,1.0
scraggy,pokemon,1.0
scream_tail,pokemon,1.0
scylla_(azur_lane),azur_lane,1.0
scyther,pokemon,1.0
seaport_princess,kantai_collection,1.0
sebastian_de_tomato_smith_chicken_legs,randal's_friends,1.0
sebastian_michaelis,kuroshitsuji,1.0
sebastian_piyodore,nijisanji,1.0
secelia_dote,gundam_suisei_no_majo,1.0
secretive_plotter,omniscient_reader's_viewpoint,1.0
seed_(zenless_zone_zero),zenless_zone_zero,0.9974
seele_(alter_ego),honkai_(series),0.9992
seele_(honkai:_star_rail),honkai_(series),0.9991
seele_vollerei,honkai_(series),0.9982
seele_vollerei_(herrscher_of_rebirth),honkai_(series),0.9972
seele_vollerei_(starchasm_nyx),honkai_impact_3rd,1.0
seele_vollerei_(stygian_nymph),honkai_(series),1.0
seele_vollerei_(swallowtail_phantasm),honkai_(series),1.0
seelie_(genshin_impact),genshin_impact,1.0
seeu,vocaloid,0.9986
segawa_onpu,ojamajo_doremi,1.0
sei_shounagon_(fate),fate/grand_order,1.0
sei_shounagon_(first_ascension)_(fate),fate/grand_order,1.0
sei_shounagon_(swimsuit_berserker)_(first_ascension)_(fate),fate/grand_order,1.0
seia_(blue_archive),blue_archive,0.9991
seia_(swimsuit)_(blue_archive),blue_archive,0.9988
seina_(kyata_ti666),kyatapi_land,1.0
seira_orgel,blood_tune,1.0
seiran_(touhou),touhou,0.9996
seiren_(precure),precure,1.0
seiren_(suite_precure),precure,1.0
seiryuu_(kemono_friends),kemono_friends,1.0
seiun_sky_(reeling_in_the_big_one)_(umamusume),umamusume,1.0
seiun_sky_(umamusume),umamusume,0.9993
seiya_kou,bishoujo_senshi_sailor_moon_stars,1.0
seiyouryuu-san,original,0.9981
sekai_(cevio),cevio,0.9926
seki_hiromi,idolmaster_cinderella_girls,1.0
sekibanki,touhou,1.0
sekine_shiori,angel_beats!,1.0
sekiro,sekiro:_shadows_die_twice,1.0
sekishiro_mico,nanashi_inc.,0.9976
sekomumasada_sensei,yume_nikki,1.0
sela_(23),original,0.9951
selen_tatsuki,nijisanji_en,1.0
selen_tatsuki_(1st_costume),nijisanji_en,1.0
selena_(pgr),punishing:_gray_raven,1.0
selene_(pokemon),pokemon,0.9998
selina_kyle,dc_comics,1.0
seliph_(fire_emblem),fire_emblem,1.0
selkie_(fire_emblem),fire_emblem,1.0
selphie_tilmitt,final_fantasy_viii,0.9958
selvaria_bles,senjou_no_valkyria_(series),1.0
semiramis_(fate),fate_(series),1.0
semmelweis_(reverse:1999),reverse:1999,1.0
sen_(granblue_fantasy),granblue_fantasy,1.0
sen_no_rikyu_(fate),fate/grand_order,1.0
sena_(blue_archive),blue_archive,1.0
sena_(xenoblade),xenoblade_chronicles_(series),1.0
sena_ajisai,watashi_ga_koibito_ni_nareru_wake_naijan_murimuri!,1.0
sena_izumi_(ensemble_stars!),ensemble_stars!,0.9974
senadina,honkai_impact_3rd,1.0
sendai_(kancolle),kantai_collection,1.0
sendai_hakurei_no_miko,touhou,0.9907
sendai_hakurei_no_miko_(m.u.g.e.n),m.u.g.e.n,0.9992
sendai_hazuki,shuuniichido_classmate_wo_kau_hanashi,1.0
sendai_kai_ni_(kancolle),kantai_collection,1.0
sendou_aichi,cardfight!!_vanguard,1.0
sengoku_nadeko,monogatari_(series),0.9989
sengoku_shinobu,ensemble_stars!,1.0
senji_muramasa_(fate),fate_(series),1.0
senjougahara_hitagi,monogatari_(series),1.0
senju_muramasa,eromanga_sensei,1.0
senkawa_chihiro,idolmaster_cinderella_girls,1.0
senkawa_minato,onii-chan_wa_oshimai!,1.0
senketsu,kill_la_kill,1.0
senko_(sewayaki_kitsune_no_senko-san),sewayaki_kitsune_no_senko-san,1.0
senomiya_akiho,robotics;notes,1.0
senri_akane,rewrite,1.0
senri_tsurubami,len'en,1.0
sensei_(blue_archive),blue_archive,0.998
sensei_(blue_archive_the_animation),blue_archive,0.9991
senshi_(dungeon_meshi),dungeon_meshi,1.0
sento_isuzu,amagi_brilliant_park,0.9992
sentret,pokemon,0.9971
senya_(dq11),dragon_quest,1.0
seolla_schweizer,super_robot_wars,1.0
sephiroth,final_fantasy_vii,1.0
sephiroth_(ever_crisis),final_fantasy,0.9992
serafall_leviathan,high_school_dxd,1.0
seragaki_aoba,dramatical_murder,0.9966
seraphine_(league_of_legends),league_of_legends,1.0
seras_victoria,hellsing,0.9936
serena_(pokemon),pokemon,0.9991
serena_(yu-gi-oh!),yu-gi-oh!,1.0
serge_(chrono_cross),chrono_cross,0.9963
serie_(sousou_no_frieren),sousou_no_frieren,0.9981
serika_(blue_archive),blue_archive,0.9986
serika_(swimsuit)_(blue_archive),blue_archive,0.9983
serina_(blue_archive),blue_archive,0.9993
serina_(christmas)_(blue_archive),blue_archive,1.0
serina_(nurse)_(blue_archive),blue_archive,1.0
serizawa_asahi,idolmaster_shiny_colors,1.0
serizawa_chikaru,assault_lily,1.0
serperior,pokemon,0.9989
serra_(fire_emblem),fire_emblem,1.0
serval_(kemono_friends),kemono_friends,1.0
serval_landau,honkai:_star_rail,1.0
servant_(danganronpa),danganronpa_(series),1.0
servbot_(mega_man),mega_man_legends_(series),1.0
servine,pokemon,1.0
sesshoumaru,inuyasha,1.0
sessyoin_kiara,fate_(series),0.9989
sessyoin_kiara_(heaven's_hole),fate_(series),1.0
sessyoin_kiara_(lily),fate/grand_order,1.0
sessyoin_kiara_(swimsuit_mooncancer)_(first_ascension),fate_(series),1.0
sessyoin_kiara_(swimsuit_mooncancer)_(second_ascension),fate_(series),1.0
sessyoin_kiara_(third_ascension),fate_(series),1.0
seta_kaoru,bang_dream!,1.0
setanta_(fate),fate_(series),1.0
seth_lowell,zenless_zone_zero,0.9991
sethos_(genshin_impact),genshin_impact,1.0
seto_kousuke,kagerou_project,1.0
setsu_(gnosia),gnosia,1.0
setsuna_(fire_emblem),fire_emblem,0.9961
setsuna_f._seiei,gundam_00,1.0
sett_(league_of_legends),league_of_legends,1.0
seulbi_lee,closers,1.0
severa_(fire_emblem),fire_emblem,1.0
seviper,pokemon,0.9915
sewaddle,pokemon,0.9928
seyren_windsor,ragnarok_online,1.0
sf-a2_miki,vocaloid,0.9988
shadow_chaser_(ragnarok_online),ragnarok_online,1.0
shadow_milk_cookie,cookie_run,1.0
shadow_the_hedgehog,sonic_(series),0.9997
shadowheart_(baldur's_gate),dungeons_&_dragons,1.0
shalltear_bloodfallen,overlord_(maruyama),0.9976
shalom_(path_to_nowhere),path_to_nowhere,1.0
shalon,quiz_magic_academy,1.0
shamal,lyrical_nanoha,1.0
shamare_(arknights),arknights,0.9987
shameimaru_aya_(newsboy),touhou,0.9985
shamir_nevrand,fire_emblem:_three_houses,1.0
shampoo_(cat),ranma_1/2,1.0
shampoo_(ranma_1/2),ranma_1/2,0.9822
shamu_meruruusa,kaiten_muten-maru,0.9963
shana,shakugan_no_shana,0.9996
shanghai_doll,touhou,1.0
shanks_(one_piece),one_piece,1.0
shannon_(umineko),umineko_no_naku_koro_ni,1.0
shantae,shantae_(series),0.999
sharena_(fire_emblem),fire_emblem_heroes,1.0
sharkboo_(zenless_zone_zero),zenless_zone_zero,0.9981
sharkry_(girls'_frontline_2),girls'_frontline_2:_exilium,1.0
sharpedo,pokemon,0.9978
shauna_(pokemon),pokemon,1.0
shauntal_(pokemon),pokemon,0.9967
shaw_(arknights),arknights,0.9951
shaymin,pokemon,0.9972
shaymin_(land),pokemon,0.9965
shaymin_(sky),pokemon,1.0
she-hulk,marvel,0.9974
shedinja,pokemon,1.0
sheep_nun_(diva),little_nuns_(diva),0.998
sheffield_(azur_lane),azur_lane,0.9987
sheffield_(kancolle),kantai_collection,1.0
shego,kim_possible_(series),0.9904
sheik,the_legend_of_zelda,1.0
shellder,pokemon,0.9975
shelly_(pokemon),pokemon,1.0
shen_qingqiu,renzha_fanpai_zijiu_xitong,1.0
shenhe_(frostflower_dew)_(genshin_impact),genshin_impact,1.0
shenhe_(genshin_impact),genshin_impact,1.0
shennong_(housamo),tokyo_afterschool_summoners,0.9978
sherlock_holmes_(fate),fate/grand_order,1.0
sherlock_shellingford,tantei_opera_milky_holmes,0.9977
shermie_(kof),the_king_of_fighters,0.9926
sherry_birkin,resident_evil,0.9899
sheryl_nome,macross,1.0
shi_huang_di_(fate),fate/grand_order,1.0
shiba_miyuki,mahouka_koukou_no_rettousei,0.9972
shiba_tomoshibi,assault_lily,1.0
shibuki_ran,aikatsu!_(series),1.0
shibuya_kanon,love_live!_superstar!!,1.0
shibuya_rin,idolmaster,0.9999
shidare_hotaru,dagashi_kashi,0.9977
shidou_hikaru,magic_knight_rayearth,1.0
shidou_irina,high_school_dxd,1.0
shigaraki_tomura,boku_no_hero_academia,1.0
shigure_(azur_lane),azur_lane,1.0
shigure_(blue_archive),blue_archive,1.0
shigure_(hot_spring)_(blue_archive),blue_archive,1.0
shigure_(kancolle),kantai_collection,0.9999
shigure_asa,shuffle!,1.0
shigure_kai_ni_(kancolle),kantai_collection,0.9999
shigure_kai_san_(kancolle),kantai_collection,0.9994
shigure_kai_san_(swimsuit)_(kancolle),kantai_collection,1.0
shigure_kokoro,precure,0.9961
shigure_ui_(1st_costume)_(vtuber),indie_virtual_youtuber,1.0
shigure_ui_(vtuber),indie_virtual_youtuber,0.9802
shigure_ui_(young)_(vtuber),indie_virtual_youtuber,0.9358
shihouin_yoruichi,bleach,0.9984
shiiba_tsumugi,sanoba_witch,1.0
shiiko_sugai,gundam,1.0
shiina_(angel_beats!),angel_beats!,1.0
shiina_mahiru_(otonari_no_tenshi-sama),otonari_no_tenshi-sama_ni_itsu_no_mani_ka_dame_ningen_ni_sarete_ita_ken,1.0
shiina_mashiro,sakura-sou_no_pet_na_kanojo,1.0
shiina_mayuri,science_adventure,1.0
shiina_niki,ensemble_stars!,1.0
shiina_noriko,idolmaster_cinderella_girls,1.0
shiina_taki,bang_dream!_it's_mygo!!!!!,0.9991
shiina_yuika,nijisanji,1.0
shiina_yuika_(1st_costume),nijisanji,1.0
shijou_takane,idolmaster_(classic),1.0
shikanoin_heizou,genshin_impact,1.0
shikanoko_noko,shikanoko_nokonoko_koshitantan,1.0
shiki_(senran_kagura),senran_kagura,0.9957
shiki_eiki,touhou,0.9986
shiki_natsume,cafe_stella_to_shinigami_no_chou,1.0
shikibe_mayu,riddle_joker,0.9936
shikinami_(kancolle),kantai_collection,1.0
shikinami_kai_ni_(kancolle),kantai_collection,1.0
shikyoin_hibiki,pripara,1.0
shima_rin,yurucamp,1.0
shimabara_elena,idolmaster_million_live!,1.0
shimada_arisu,girls_und_panzer,1.0
shimada_chiyo,girls_und_panzer,1.0
shimakaze-kun,kantai_collection,1.0
shimakaze_(azur_lane),azur_lane,1.0
shimakaze_(kancolle),kantai_collection,1.0
shimamura_charlotte,nanashi_inc.,0.9968
shimamura_hougetsu,adachi_to_shimamura,0.9964
shimamura_uzuki,idolmaster_cinderella_girls,0.9996
shimazu_yoshino,maria-sama_ga_miteru,0.9976
shimiko_(blue_archive),blue_archive,0.9962
shimiko_(magical)_(blue_archive),blue_archive,1.0
shimizu_hinako,silent_hill_f,0.9982
shimizu_kiyoko,haikyuu!!,1.0
shimizudani_ryuuka,saki_(manga),1.0
shimohara_sadako,world_witches_series,0.997
shimotsuki_potofu,original,1.0
shimura_shinpachi,gintama,0.9983
shimushu_(kancolle),kantai_collection,1.0
shin'you_(kancolle),kantai_collection,1.0
shin_(dorohedoro),dorohedoro,1.0
shinano_(azur_lane),azur_lane,1.0
shinano_eiji,saibou_shinkyoku,1.0
shinazugawa_sanemi,kimetsu_no_yaiba,1.0
shindou_takuto,inazuma_eleven_(series),1.0
shinei_nouzen,86_-eightysix-,0.9961
shingen_seiji,idolmaster,1.0
shinguji_korekiyo,danganronpa_(series),1.0
shinguuji_sakura,sakura_taisen,0.9981
shingyoku_(female)_(touhou),touhou_(pc-98),1.0
shingyoku_(male)_(touhou),touhou_(pc-98),1.0
shingyoku_(touhou),touhou_(pc-98),1.0
shinigami_(rain_code),master_detective_archives:_rain_code,0.9932
shining_(arknights),arknights,0.9988
shinjou_akane,gridman_universe,1.0
shinkai_kanata,ensemble_stars!,1.0
shinki_(touhou),touhou,1.0
shinko_windy_(umamusume),umamusume,1.0
shinku,rozen_maiden,1.0
shinn_asuka,gundam_seed,1.0
shino_hajime,ensemble_stars!,1.0
shinohata_sachie_(hamsterfragment),original,1.0
shinomiya_fuyumi,mahjong_soul,1.0
shinomiya_himawari,vividred_operation,1.0
shinomiya_kaguya,kaguya-sama_wa_kokurasetai_~tensai-tachi_no_renai_zunousen~,1.0
shinomiya_karen,idolmaster_million_live!,1.0
shinomiya_runa,vspo!,0.9971
shinonome_akito,project_sekai,0.9984
shinonome_ena,project_sekai,1.0
shinonome_nano,nichijou,0.9989
shinonono_houki,infinite_stratos,1.0
shinosawa_hiro,gakuen_idolmaster,0.9996
shinshuu_maru_(kancolle),kantai_collection,1.0
shinx,pokemon,0.9972
shiny_chariot,little_witch_academia,1.0
shiny_luminous,precure,1.0
shiodome_miuna,nagi_no_asukara,1.0
shiokko_(murasaki_shion),hololive,1.0
shiomi_kotone,persona_3,1.0
shiomi_syuko,idolmaster_cinderella_girls,1.0
shion_(tensura),tensei_shitara_slime_datta_ken,1.0
shionne_(tales),tales_of_arise,1.0
shiori_(princess_connect!),princess_connect!,1.0
shiori_novella,hololive,0.9998
shiori_novella_(1st_costume),hololive_english,1.0
shiori_novella_(casual),hololive_english,1.0
shioriha_ruri,nijisanji,1.0
shioriha_ruri_(1st_costume),nijisanji,1.0
shiota_nagisa,ansatsu_kyoushitsu,0.9956
shiozaki_suzume,assault_lily,1.0
shirabe_ako,precure,1.0
shiragiku_hotaru,idolmaster_cinderella_girls,1.0
shirahoshi,one_piece,1.0
shirai_kuroko,toaru_majutsu_no_index,1.0
shirai_yuyu,assault_lily,0.9982
shiraishi_an,project_sekai,0.9994
shiraishi_tsumugi,idolmaster_million_live!,0.9988
shiraishi_yoshitake,golden_kamuy,1.0
shirakami_fubuki,hololive,0.9999
shirakami_fubuki_(1st_costume),hololive,0.9998
shirakami_fubuki_(fubukitek),hololive,1.0
shirakami_fubuki_(hololive_summer_2019),hololive,1.0
shirakami_fubuki_(loungewear),hololive,1.0
shirakami_fubuki_(new_year),hololive,1.0
shirakami_fubuki_(parade_dress),hololive,1.0
shirakami_fubuki_(street),hololive,1.0
shirakawa_yuina,heaven_burns_red,1.0
shiraki_meiko,prison_school,0.9961
shirakiin_ririchiyo,inu_x_boku_ss,1.0
shiranami_ramune,vspo!,1.0
shiranui_(kancolle),kantai_collection,1.0
shiranui_(nakiri_ayame),hololive,1.0
shiranui_flare,hololive,0.999
shiranui_flare_(1st_costume),hololive,1.0
shiranui_flare_(old_design),hololive,1.0
shiranui_flare_(street),hololive,1.0
shiranui_kai_ni_(kancolle),kantai_collection,1.0
shiranui_mai,fatal_fury,0.931
shirasagi_chisato,bang_dream!,1.0
shirasaka_koume,idolmaster,0.9996
shirase_sakuya,idolmaster_shiny_colors,1.0
shiratama_mikan,pripara,1.0
shiratori_aira_(dandadan),dandadan,0.9986
shiratori_aira_(ensemble_stars!),ensemble_stars!,1.0
shiratsuyu_(kancolle),kantai_collection,1.0
shiratsuyu_(swimsuit)_(kancolle),kantai_collection,1.0
shiratsuyu_kai_ni_(kancolle),kantai_collection,1.0
shirayuki_(kancolle),kantai_collection,1.0
shirayuki_chiyo,idolmaster_cinderella_girls,1.0
shirayuki_hime,precure,1.0
shirayuki_hina,stellive,1.0
shirayuki_mizore,rosario+vampire,1.0
shirayuki_ren,shino_to_ren,1.0
shirayuki_tomoe,nijisanji,0.998
shirayuki_tomoe_(1st_costume),nijisanji,1.0
shirley_fenette,code_geass,1.0
shiro_(no_game_no_life),no_game_no_life,0.9978
shiro_(sewayaki_kitsune_no_senko-san),sewayaki_kitsune_no_senko-san,1.0
shirogane_kei,kaguya-sama_wa_kokurasetai_~tensai-tachi_no_renai_zunousen~,1.0
shirogane_miyuki,kaguya-sama_wa_kokurasetai_~tensai-tachi_no_renai_zunousen~,0.9982
shirogane_naoto,persona,1.0
shirogane_noel,hololive,0.9999
shirogane_noel_(1st_costume),hololive,1.0
shirogane_noel_(casual),hololive,1.0
shirogane_noel_(dirndl),hololive,1.0
shirogane_noel_(school_uniform),hololive,1.0
shirogane_noel_(summer_2020),hololive,1.0
shirogane_tsumugi,danganronpa_(series),1.0
shirokane_rinko,bang_dream!,0.9989
shiroko_(blue_archive),blue_archive,0.9993
shiroko_(cycling)_(blue_archive),blue_archive,1.0
shiroko_(swimsuit)_(blue_archive),blue_archive,0.9997
shiroko_(young)_(blue_archive),blue_archive,1.0
shiroko_terror_(blue_archive),blue_archive,0.9988
shiromiya_asuka_(kuromiya),original,0.997
shirosaki_hana,watashi_ni_tenshi_ga_maiorita!,1.0
shishido_akari,nijisanji,0.9845
shishio_chris,nanashi_inc.,1.0
shishio_chris_(1st_costume),nanashi_inc.,0.9972
shishiou_(touken_ranbu),touken_ranbu,1.0
shishiro_botan,hololive,0.9993
shishiro_botan_(1st_costume),hololive,1.0
shishiro_botan_(button-down),hololive,1.0
shishiro_botan_(midnight_convenience_store),hololive,1.0
shisui_kiki,nanashi_inc.,1.0
shitodo_aoji,len'en,0.9965
shitodo_hooaka,len'en,1.0
shitodo_kuroji,len'en,0.9985
shiun_sumika,gakuen_idolmaster,1.0
shiva_(final_fantasy),final_fantasy,1.0
shiver_(deep_cut_outfit)_(splatoon),splatoon_3,1.0
shiver_(splatoon),splatoon_(series),0.9991
shizuhara_hiruko,the_hundred_line_-last_defense_academy-,1.0
shizuka_rin,nijisanji,1.0
shizuka_rin_(1st_costume),nijisanji,1.0
shizuki_hitomi,mahou_shoujo_madoka_magica,1.0
shizuko_(blue_archive),blue_archive,1.0
shizuko_(swimsuit)_(blue_archive),blue_archive,0.9973
shizuku_(kantoku),original,1.0
shizuku_murasaki,hunter_x_hunter,1.0
shizuna_rem_misurugi,eiyuu_densetsu,1.0
shizune_(naruto),naruto_(series),1.0
shizuru_(princess_connect!),princess_connect!,0.9959
shockwave_(transformers),transformers,1.0
shoebill_(kemono_friends),kemono_friends,0.9991
shokudaikiri_mitsutada,touken_ranbu,1.0
shokuhou_misaki,toaru_majutsu_no_index,1.0
shorekeeper_(wuthering_waves),wuthering_waves,0.9991
shoto_(vtuber),indie_virtual_youtuber,0.9877
shouhou_(kancolle),kantai_collection,1.0
shoukaku_(azur_lane),azur_lane,1.0
shoukaku_(kancolle),kantai_collection,0.9999
shoukaku_(sororal_wings)_(azur_lane),azur_lane,1.0
shoukaku_kai_ni_(kancolle),kantai_collection,1.0
shroomish,pokemon,1.0
shu_(arknights),arknights,0.9986
shu_(spring_feast)_(arknights),arknights,0.9957
shu_yamino,nijisanji,0.9938
shuckle,pokemon,0.9935
shuji_ito,gundam_gquuuuuux,1.0
shulk_(xenoblade),xenoblade_chronicles_(series),1.0
shun_(blue_archive),blue_archive,0.9988
shun_(small)_(blue_archive),blue_archive,0.999
shuppet,pokemon,0.9973
shuro_(blue_archive),blue_archive,1.0
shuten_douji_(fate),fate_(series),0.9995
shuten_douji_(festival_outfit)_(fate),fate/grand_order,0.9966
shuten_douji_(first_ascension)_(fate),fate/grand_order,0.9984
shuten_douji_(halloween_caster)_(fate),fate/grand_order,1.0
shuu_(inazuma_eleven),inazuma_eleven_(series),1.0
shy_(character),shy_(series),1.0
shy_guy,mario_(series),0.9969
shylily,indie_virtual_youtuber,0.9969
shyrei_faolan,indie_virtual_youtuber,0.7319
shyvana,league_of_legends,1.0
siberian_chipmunk_(kemono_friends),kemono_friends,1.0
siberian_tiger_(kemono_friends),kemono_friends,1.0
sideroca_(arknights),arknights,1.0
sideroca_(light_breeze)_(arknights),arknights,1.0
sidoh_(dqb2),dragon_quest,1.0
sidon,the_legend_of_zelda,1.0
sieg_(fate),fate_(series),1.0
siege_(arknights),arknights,1.0
siegfried_(fate),fate_(series),1.0
siesta_(zero_no_tsukaima),zero_no_tsukaima,1.0
sig_(puyopuyo),puyopuyo,0.9979
sig_mcx_(girls'_frontline),girls'_frontline,1.0
sigewinne_(genshin_impact),genshin_impact,0.9993
signora_(genshin_impact),genshin_impact,1.0
signum,lyrical_nanoha,1.0
sigurd_(fate),fate/grand_order,1.0
sigurd_(fire_emblem),fire_emblem,0.9967
silence_(arknights),arknights,0.9986
silence_suzuka_(emerald_on_the_waves)_(umamusume),umamusume,1.0
silence_suzuka_(innocent_silence)_(umamusume),umamusume,0.9993
silence_suzuka_(umamusume),umamusume,0.9993
silent_magician,yu-gi-oh!,0.999
silica,sword_art_online,1.0
silica_(sao-alo),sword_art_online,1.0
silva_(granblue_fantasy),granblue_fantasy,1.0
silvally,pokemon,1.0
silver_(pokemon),pokemon,0.9991
silver_chariot,jojo_no_kimyou_na_bouken,1.0
silver_fox_(kemono_friends),kemono_friends,0.9995
silver_the_hedgehog,sonic_(series),1.0
silver_wolf_(honkai:_star_rail),honkai:_star_rail,0.9991
silverash_(arknights),arknights,0.9991
silvers_rayleigh,one_piece,1.0
silvervale,vshojo,0.5885
simon_(ttgl),tengen_toppa_gurren_lagann,0.9996
simon_blackquill,ace_attorney,0.9971
simon_henriksson,cry_of_fear,0.9978
sin_kiske,guilty_gear,0.9969
sin_mal,honkai_(series),0.9603
sin_sack,touhou,0.9446
sinclair_(project_moon),project_moon,1.0
sinder_(vtuber),indie_virtual_youtuber,1.0
sinistcha,pokemon,1.0
sinistea,pokemon,1.0
sinon,sword_art_online,0.9981
sinon_(sao-alo),sword_art_online,0.998
sion_eltnam_(type-moon),tsukihime,0.7092
sion_eltnam_atlasia,tsukihime,0.9959
sion_eltnam_sokaris,fate/grand_order,1.0
sirfetch'd,pokemon,1.0
sirin,honkai_(series),1.0
sirius_(azur_lane),azur_lane,0.9998
sirius_(azure_horizons)_(azur_lane),azur_lane,0.9989
sirius_(scorching-hot_seirios)_(azur_lane),azur_lane,1.0
sirius_symboli_(feroce)_(umamusume),umamusume,1.0
sirius_symboli_(umamusume),umamusume,0.9993
sister_claire,nijisanji,0.9993
sister_claire_(1st_costume),nijisanji,1.0
sitonai_(fate),fate/grand_order,1.0
skadi_(arknights),arknights,0.998
skadi_(elite_ii)_(arknights),arknights,1.0
skadi_(waverider)_(arknights),arknights,1.0
skadi_the_corrupting_heart_(arknights),arknights,0.9989
skadi_the_corrupting_heart_(sublimation)_(arknights),arknights,1.0
skarmory,pokemon,1.0
skeledirge,pokemon,1.0
skiploom,pokemon,0.9971
skirk_(genshin_impact),genshin_impact,0.9949
skitty,pokemon,0.9963
skuld_(aa_megami-sama),aa_megami-sama,1.0
skullman_(blue_archive),blue_archive,1.0
skully_j._graves,twisted_wonderland,0.9918
sky_above_me_(vtuber),indie_virtual_youtuber,0.9875
sky_high_(tiger_&_bunny),tiger_&_bunny,1.0
sky_striker_ace_-_raye,yu-gi-oh!,0.9971
sky_striker_ace_-_roze,yu-gi-oh!,0.9981
skyfire_(arknights),arknights,1.0
skyla_(pokemon),pokemon,1.0
slaine_troyard,aldnoah.zero,1.0
slime_(dragon_quest),dragon_quest,0.991
slime_(genshin_impact),genshin_impact,0.9996
slowbro,pokemon,1.0
slowpoke,pokemon,0.9988
small-clawed_otter_(kemono_friends),kemono_friends,1.0
smallfry_(splatoon),splatoon_(series),1.0
smart_falcon_(love_4ever)_(umamusume),umamusume,1.0
smart_falcon_(umamusume),umamusume,1.0
smeargle,pokemon,0.9971
smoker_(one_piece),one_piece,0.9986
smol_ame,hololive_english,1.0
smol_mari_(blue_archive)_(horuhara),blue_archive,0.9898
smoliv,pokemon,1.0
sneasel,pokemon,1.0
sneasler,pokemon,1.0
sniper_(ragnarok_online),ragnarok_online,1.0
snivy,pokemon,0.9995
snom,pokemon,0.9985
snoopy,peanuts_(comic),0.9845
snorlax,pokemon,0.9985
snorunt,pokemon,1.0
snow_white_(disney),snow_white_and_the_seven_dwarfs_(disney),0.9851
snow_white_(fairy_tale_character),snow_white_(fairy_tale),0.9733
snow_white_(innocent_days)_(nikke),goddess_of_victory:_nikke,1.0
snow_white_(nikke),goddess_of_victory:_nikke,1.0
snow_white_(sinoalice),sinoalice,1.0
snowball_(overwatch),overwatch,1.0
snowsant_(arknights),arknights,1.0
snuffy_(vtuber),indie_virtual_youtuber,0.8543
soap_(modern_warfare_2),call_of_duty,1.0
sobble,pokemon,0.9989
societte_(granblue_fantasy),granblue_fantasy,1.0
soda_(nikke),goddess_of_victory:_nikke,1.0
soda_(twinkling_bunny)_(nikke),goddess_of_victory:_nikke,1.0
soda_kazuichi,danganronpa_(series),1.0
sof_(blue_archive),blue_archive,0.9982
soga_no_tojiko,touhou,0.9996
sokrates_(touhou),touhou_(pc-98),1.0
sol_badguy,guilty_gear,0.9932
sola-ui_nuada-re_sophia-ri,fate_(series),1.0
solaire_of_astora,dark_souls_(series),0.9895
soldier:_76_(overwatch),overwatch,1.0
soldier_11_(zenless_zone_zero),zenless_zone_zero,0.9982
soleil_(fire_emblem),fire_emblem,1.0
solgaleo,pokemon,1.0
solid_snake,metal_gear_(series),0.9936
solomon_(fate),fate/grand_order,1.0
solosis,pokemon,1.0
soma_peries,gundam_00,0.9958
sombra_(overwatch),overwatch,1.0
something_(omori),omori,0.9982
sommie_(fire_emblem),fire_emblem,0.9986
son_biten,touhou,1.0
son_gohan,dragon_ball,0.9991
son_goku,dragon_ball,0.9988
son_goten,dragon_ball,1.0
sona_(league_of_legends),league_of_legends,0.9993
sonetto_(reverse:1999),reverse:1999,1.0
songque,honkai_impact_3rd,0.9973
sonia_(pokemon),pokemon,0.9993
sonia_nevermind,danganronpa_(series),0.9992
sonia_strumm_(mega_man),mega_man_star_force_(series),1.0
sonic_the_hedgehog,sonic_(series),0.9989
sonny_brisko,nijisanji_en,1.0
sono_midoriko,girls_und_panzer,0.9981
sonoda_chiyoko,idolmaster_shiny_colors,1.0
sonoda_umi,love_live!_school_idol_project,1.0
sonoda_yuu,sakura_trick,0.9967
sonohara_anri,durarara!!,1.0
sonozaki_mion,higurashi_no_naku_koro_ni,1.0
sonozaki_shion,higurashi_no_naku_koro_ni,1.0
sonsaku_hakufu,ikkitousen,1.0
sonya_(fire_emblem_gaiden),fire_emblem,1.0
sonya_(kill_me_baby),kill_me_baby,0.9994
sophia_(fire_emblem),fire_emblem,1.0
sophia_(reverse:1999),reverse:1999,1.0
sophia_esteed,star_ocean,1.0
sophia_valentine,nijisanji,0.9833
sophie_(popopoka),original,0.9883
sophie_(tales),tales_of_graces,1.0
sophie_hatter_(howl_no_ugoku_shiro),howl_no_ugoku_shiro,0.9923
sophie_neuenmuller,atelier_(series),0.9988
sophie_twilight,tonari_no_kyuuketsuki-san,1.0
sophitia_alexandra,soulcalibur,1.0
sophocles_(pokemon),pokemon,1.0
sora_(arknights),arknights,0.9977
sora_(blue_archive),blue_archive,0.9989
sora_(kingdom_hearts),kingdom_hearts,0.9985
sora_(nikke),goddess_of_victory:_nikke,0.9977
sora_ginko,ryuuou_no_oshigoto!,1.0
sora_harewataru,precure,0.9997
soraka_(league_of_legends),league_of_legends,1.0
sorakado_ao,summer_pockets,0.9972
sorcerer_(ragnarok_online),ragnarok_online,1.0
sorceress_(dragon's_crown),dragon's_crown,0.9991
soren_(fire_emblem),fire_emblem,0.9916
sorey_(tales),tales_of_(series),1.0
sothe_(fire_emblem),fire_emblem,1.0
sotheby,reverse:1999,1.0
sothis_(fire_emblem),fire_emblem,1.0
souji_(senran_kagura),senran_kagura,1.0
soukaku_(zenless_zone_zero),zenless_zone_zero,0.9994
soul_(deltarune),utdr_(toby_fox),0.9792
soul_evans,soul_eater,1.0
soundwave_(transformers),transformers,1.0
souryuu_(kancolle),kantai_collection,1.0
souryuu_asuka_langley,neon_genesis_evangelion,0.9998
souryuu_kai_ni_(kancolle),kantai_collection,1.0
souseiseki,rozen_maiden,1.0
south_dakota_(azur_lane),azur_lane,1.0
south_dakota_(kancolle),kantai_collection,1.0
southern_italy_(hetalia),axis_powers_hetalia,1.0
southern_ocean_oni,kantai_collection,1.0
southern_tamandua_(kemono_friends),kemono_friends,1.0
souya_(kancolle),kantai_collection,1.0
souya_ichika,nanashi_inc.,1.0
souza_samonji,touken_ranbu,1.0
sovetskaya_rossiya_(azur_lane),azur_lane,1.0
sovetsky_soyuz_(azur_lane),azur_lane,1.0
sp//dr,marvel,1.0
space_ishtar_(fate),fate_(series),1.0
spain_(hetalia),axis_powers_hetalia,1.0
spamton_g._spamton,utdr_(toby_fox),0.9983
sparkle_(honkai:_star_rail),honkai_(series),0.9935
sparkle_(school_uniform)_(honkai:_star_rail),honkai:_star_rail,1.0
sparxie_(honkai:_star_rail),honkai:_star_rail,0.9459
spas-12_(girls'_frontline),girls'_frontline,0.999
special_week_(hopp'n_happy_heart)_(umamusume),umamusume,0.9962
special_week_(special_dreamer)_(umamusume),umamusume,0.999
special_week_(umamusume),umamusume,0.9993
specter_(arknights),arknights,0.9989
specter_the_unchained_(arknights),arknights,0.9992
spheal,pokemon,0.9963
spicy_nun_(diva),little_nuns_(diva),1.0
spider-gwen,marvel,0.998
spider-man,marvel,1.0
spider-man_(2099),spider-man_(series),0.9981
spider-man_(miles_morales),marvel,0.9978
spike_spiegel,cowboy_bebop,1.0
spinda,pokemon,1.0
spirit_blossom_ahri,league_of_legends,1.0
spirit_blossom_kindred,league_of_legends,1.0
spiritomb,pokemon,1.0
spongebob_squarepants,spongebob_squarepants_(series),0.9979
spot_(arknights),arknights,0.9981
sprigatito,pokemon,1.0
springfield_(girls'_frontline),girls'_frontline,0.9992
springfield_(stirring_mermaid)_(girls'_frontline),girls'_frontline,0.9964
sprout_mole,omori,1.0
sq_(gnosia),gnosia,1.0
squall_leonhart,final_fantasy,0.9945
squigly_(skullgirls),skullgirls,1.0
squirrel_girl_(marvel),marvel,1.0
squirtle,pokemon,0.9986
ssrb_(shishiro_botan),hololive,1.0
st._louis_(azur_lane),azur_lane,1.0
st._louis_(luxurious_wheels)_(azur_lane),azur_lane,1.0
st_ar-15_(girls'_frontline),girls'_frontline,0.9994
st_ar-15_(mod3)_(girls'_frontline),girls'_frontline,1.0
stalker_(ragnarok_online),ragnarok_online,1.0
stan_marsh,south_park,1.0
star_butterfly,star_vs_the_forces_of_evil,0.9851
star_guardian_lux,league_of_legends,1.0
star_nun_(diva),little_nuns_(diva),1.0
star_platinum,jojo_no_kimyou_na_bouken,0.9991
star_sapphire,touhou,0.9997
staraptor,pokemon,1.0
starfire,dc_extended_universe,0.9976
stark_(sousou_no_frieren),sousou_no_frieren,1.0
starly,pokemon,1.0
starmie,pokemon,0.9976
starscourge_radahn,elden_ring,1.0
starscream,transformers,0.9984
staryu,pokemon,1.0
statue_of_the_seven,genshin_impact,0.996
stay_gold_(sunlit_outsider)_(umamusume),umamusume,1.0
stay_gold_(umamusume),umamusume,0.9979
steelix,pokemon,1.0
steenee,pokemon,1.0
stella_unibell,soulworker,1.0
stella_vermillion,rakudai_kishi_no_cavalry,1.0
stellar_loussier,gundam,1.0
stelle_(honkai:_star_rail),honkai:_star_rail,1.0
stern_the_destructor,lyrical_nanoha,1.0
steve_(minecraft),minecraft,1.0
steve_rogers,marvel,1.0
steven_stone,pokemon,1.0
stg44_(girls'_frontline),girls'_frontline,1.0
stheno_(fate),fate_(series),0.999
still_in_love_(scarlet_vow_raiment)_(umamusume),umamusume,0.999
still_in_love_(umamusume),umamusume,0.9988
stocking_(psg),panty_&_stocking_with_garterbelt,1.0
stone_free,jojo_no_kimyou_na_bouken,1.0
storm_(x-men),marvel,1.0
stranger_(omori),omori,1.0
strelizia,darling_in_the_franxx,0.9942
strength_(black_rock_shooter),black_rock_shooter,1.0
strict_nun_(diva),little_nuns_(diva),1.0
strider_hiryuu,strider_(game),0.9856
strohl_(metaphor:_refantazio),metaphor:_refantazio,1.0
sturm_(granblue_fantasy),granblue_fantasy,1.0
stylist_(nikki),nikki_(series),1.0
su-san,touhou,1.0
su_(honkai_impact),honkai_impact_3rd,1.0
sua_(alien_stage),alien_stage,0.9984
subaru_(blue_archive),blue_archive,0.9922
subaru_duck,hololive,0.998
subaru_nakajima,lyrical_nanoha,0.9981
sucrose_(genshin_impact),genshin_impact,1.0
sucy_manbavaran,little_witch_academia,0.9984
sudowoodo,pokemon,1.0
sue_storm,marvel,0.9991
sugamo_mutsuki,sayonara_wo_oshiete,1.0
sugar_lights_(umamusume),umamusume,1.0
sugimoto_reimi,jojo_no_kimyou_na_bouken,1.0
sugimoto_saichi,golden_kamuy,1.0
sugiura_ayano,yuruyuri,1.0
sui-feng,bleach,1.0
suicune,pokemon,1.0
suigintou,rozen_maiden,0.9996
suirin_(tukikagerou),original,1.0
suiseiseki,rozen_maiden,0.9996
sukeban_(smg)_(blue_archive),blue_archive,1.0
sukonbu_(shirakami_fubuki),hololive,1.0
sukoya_kana,nijisanji,1.0
sukoya_kana_(1st_costume),nijisanji,1.0
sukuna_shinmyoumaru,touhou,0.9998
suletta_mercury,gundam,0.9983
sumeragi_aika,aika_(series),1.0
sumeragi_kaguya,code_geass,1.0
sumeragi_lee_noriega,gundam_00,1.0
sumino_takumi,the_hundred_line_-last_defense_academy-,1.0
sumire_(blue_archive),blue_archive,1.0
summoner_(ragnarok_online),ragnarok_online,1.0
sumomo_(blue_archive),blue_archive,1.0
sun-d,danganronpa_(series),1.0
sun_wukong,journey_to_the_west,0.9763
sunazuka_akira,idolmaster,1.0
sunday_(honkai:_star_rail),honkai:_star_rail,0.9985
sunday_(sacerdos'_relived_ordeal)_(honkai:_star_rail),honkai:_star_rail,0.9989
sunday_silence_(racehorse),umamusume,0.9184
sunflora,pokemon,0.9935
sung_jin-woo,solo_leveling,1.0
sunkern,pokemon,1.0
sunna_(afternoon_tea_break)_(zenless_zone_zero),zenless_zone_zero,0.9921
sunna_(zenless_zone_zero),zenless_zone_zero,0.9936
sunny_(omori),omori,1.0
sunny_(shadow_slave),shadow_slave,1.0
sunny_milk,touhou,0.9997
sunohara_youhei,clannad,0.9965
suo_hayato,wind_breaker_(nii_satoru),1.0
suo_sango,nijisanji,0.997
suo_sango_(1st_costume),nijisanji,1.0
suomi_(girls'_frontline),girls'_frontline,1.0
suomi_(girls'_frontline_2),girls'_frontline_2:_exilium,1.0
suomi_(midsummer_pixie)_(girls'_frontline),girls'_frontline,1.0
suou_(blue_archive),blue_archive,1.0
suou_amane,grisaia_(series),1.0
suou_mikoto_(school_rumble),school_rumble,1.0
suou_momoko,idolmaster_million_live!,0.9975
suou_patra,nanashi_inc.,0.5592
suou_pavlichenko,darker_than_black,1.0
suou_tatsuya,persona_2,1.0
suou_tsukasa,ensemble_stars!,0.9968
suou_yuki,tokidoki_bosotto_roshia-go_de_dereru_tonari_no_alya-san,1.0
super-shorty_(girls'_frontline),girls'_frontline,1.0
super_creek_(chiffon-wrapped_mummy)_(umamusume),umamusume,1.0
super_creek_(murmuring_stream)_(umamusume),umamusume,0.9978
super_creek_(umamusume),umamusume,0.9984
super_novice_(ragnarok_online),ragnarok_online,1.0
super_pochaco,nitroplus,1.0
super_sailor_chibi_moon,bishoujo_senshi_sailor_moon,1.0
super_sailor_mars,bishoujo_senshi_sailor_moon,1.0
super_sailor_mercury,bishoujo_senshi_sailor_moon,1.0
super_sailor_moon,bishoujo_senshi_sailor_moon,1.0
super_sailor_venus,bishoujo_senshi_sailor_moon,1.0
super_sass_(girls'_frontline),girls'_frontline,1.0
super_sonic,sonic_(series),0.9976
super_sonico,nitroplus,0.9989
superb_bird-of-paradise_(kemono_friends),kemono_friends,1.0
supergirl,dc_comics,0.9939
superman,dc_extended_universe,1.0
supply_depot_princess,kantai_collection,1.0
sura_(ragnarok_online),ragnarok_online,1.0
surintendante_chevalmarin,genshin_impact,1.0
surtr's_golem_(arknights),arknights,1.0
surtr_(arknights),arknights,0.9987
surtr_(colorful_wonderland)_(arknights),arknights,1.0
surtr_(liberte_echec)_(arknights),arknights,1.0
susato_mikotoba,ace_attorney,0.9969
sushang_(honkai:_star_rail),honkai:_star_rail,1.0
susie_(dark_world)_(deltarune),deltarune,1.0
susie_(deltarune),deltarune,1.0
susie_(kirby),kirby_(series),1.0
sussurro_(arknights),arknights,1.0
sussurro_(summer_flower)_(arknights),arknights,1.0
suu_(monster_musume),monster_musume_no_iru_nichijou,1.0
suzi_q,jojo_no_kimyou_na_bouken,0.9982
suzu_(cookie),cookie_(touhou),1.0
suzuhara_lulu,nijisanji,0.9994
suzuhara_lulu_(1st_costume),nijisanji,0.9991
suzuka_gozen_(fate),fate_(series),0.9981
suzuka_gozen_(swimsuit_rider)_(fate),fate_(series),0.9967
suzuka_utako,nijisanji,1.0
suzukaze_(kancolle),kantai_collection,1.0
suzukaze_aoba,new_game!,1.0
suzuki_(girls_und_panzer),girls_und_panzer,1.0
suzuki_hana,idolmaster_shiny_colors,1.0
suzuki_hina,himehina_channel,1.0
suzuki_jun,k-on!,1.0
suzuki_masaru,nijisanji,1.0
suzuki_tsudumi,cevio,0.9962
suzumi_(blue_archive),blue_archive,0.9988
suzumi_(magical)_(blue_archive),blue_archive,0.9967
suzumi_nemo,nanashi_inc.,1.0
suzumiya_haruhi,suzumiya_haruhi_no_yuuutsu,1.0
suzumiya_haruhiko,suzumiya_haruhi_no_yuuutsu,1.0
suzumura_sango,precure,1.0
suzunari_shizuku,original,1.0
suzuno_fuusuke,inazuma_eleven_(series),1.0
suzuran_(arknights),arknights,0.9995
suzuran_(spring_praise)_(arknights),arknights,0.9991
suzuran_(yukibare)_(arknights),arknights,1.0
suzushina_yuriko,toaru_majutsu_no_index,1.0
suzutsuki_(kancolle),kantai_collection,1.0
suzuya_(christmas)_(kancolle),kantai_collection,1.0
suzuya_(kancolle),kantai_collection,1.0
suzuya_juuzou,tokyo_ghoul,1.0
suzuya_kai_ni_(kancolle),kantai_collection,0.9993
sv-98_(girls'_frontline),girls'_frontline,0.9805
svd_(girls'_frontline),girls'_frontline,0.9776
swablu,pokemon,0.9971
swadloon,pokemon,0.9939
swampert,pokemon,1.0
swanna,pokemon,0.9973
sweep_tosho_(platanus_witch)_(umamusume),umamusume,1.0
sweep_tosho_(umamusume),umamusume,1.0
sweetheart_(omori),omori,1.0
sweety_(zenless_zone_zero),zenless_zone_zero,1.0
swiftsure_(azur_lane),azur_lane,1.0
swinub,pokemon,0.993
swire_(arknights),arknights,0.9993
swire_the_elegant_wit_(arknights),arknights,1.0
swirlix,pokemon,1.0
sword_maiden,goblin_slayer!,0.9952
swordsman_(ragnarok_online),ragnarok_online,1.0
sylphiette_(mushoku_tensei),mushoku_tensei,1.0
sylus_(love_and_deepspace),love_and_deepspace,1.0
sylvain_jose_gautier,fire_emblem,1.0
sylvain_jose_gautier_(timeskip),fire_emblem:_three_houses,1.0
sylveon,pokemon,0.9986
sylvie_(dorei_to_no_seikatsu),dorei_to_no_seikatsu_~teaching_feeling~,1.0
symboli_kris_s_(onyx_soldier)_(umamusume),umamusume,0.996
symboli_kris_s_(umamusume),umamusume,0.9991
symboli_rudolf_(emperor's_path)_(umamusume),umamusume,0.999
symboli_rudolf_(umamusume),umamusume,0.9991
symmetra_(overwatch),overwatch,1.0
syndra,league_of_legends,1.0
syuen_(nikke),goddess_of_victory:_nikke,0.9977
t-elos,xenosaga,0.9662
t-head_admiral,kantai_collection,0.9917
t-head_trainer_(umamusume),umamusume,0.9982
t.m._opera_o_(o_sole_suo!)_(umamusume),umamusume,1.0
t.m._opera_o_(umamusume),umamusume,0.9984
ta-class_battleship,kantai_collection,1.0
tabitha_(zero_no_tsukaima),zero_no_tsukaima,1.0
tachibana_arisu,idolmaster_cinderella_girls,0.9998
tachibana_hibiki_(symphogear),senki_zesshou_symphogear,1.0
tachibana_himeko,k-on!,1.0
tachibana_hinano,vspo!,1.0
tachibana_kanade,angel_beats!,1.0
tachibana_kimika,subarashiki_hibi,0.9964
tachibana_makoto,free!,0.9984
tachibana_miya,amagami,1.0
tachibana_momoka_(bubukka),original,1.0
tachibana_sherry,mahou_shoujo_no_majo_saiban,0.9978
tachibana_taki,kimi_no_na_wa.,1.0
tachibana_yuu_(yakitomato),original,1.0
tachikawa_mimi,digimon,1.0
tada_riina,idolmaster_cinderella_girls,1.0
tadano_hitohito,komi-san_wa_komyushou_desu,1.0
taigei_(kancolle),kantai_collection,1.0
taigong_wang_(fate),fate/grand_order,1.0
taihou_(azur_lane),azur_lane,0.9998
taihou_(enraptured_companion)_(azur_lane),azur_lane,1.0
taihou_(forbidden_fruit)_(azur_lane),azur_lane,1.0
taihou_(fun_on_the_baize)_(azur_lane),azur_lane,1.0
taihou_(kancolle),kantai_collection,1.0
taihou_(phoenix's_spring_song)_(azur_lane),azur_lane,1.0
taihou_(seaside_daydreams)_(azur_lane),azur_lane,1.0
taihou_(sweet_time_after_school)_(azur_lane),azur_lane,1.0
taihou_(temptation_on_the_sea_breeze)_(azur_lane),azur_lane,1.0
taihou_kai_(kancolle),kantai_collection,1.0
taiki_shuttle_(umamusume),umamusume,0.9993
taiki_shuttle_(wild_frontier)_(umamusume),umamusume,0.9981
taikogane_sadamune,touken_ranbu,1.0
tail_(honkai:_star_rail),honkai:_star_rail,0.9931
tailless_(zenless_zone_zero),zenless_zone_zero,0.9992
tailmon,digimon,0.9987
tailred,ore_twintail_ni_narimasu,1.0
tails_(sonic),sonic_(series),1.0
tainaka_ritsu,k-on!,1.0
taion_(xenoblade),xenoblade_chronicles_3,1.0
taira_no_fumikado,len'en,1.0
taira_no_kagekiyo_(fate),fate/grand_order,1.0
tairitsu_(arcaea),arcaea,1.0
taisa_(cookie),cookie_(touhou),1.0
taishakuten_(onmyoji),onmyoji,1.0
taiwan_(hetalia),axis_powers_hetalia,1.0
taiyou_(kancolle),kantai_collection,1.0
tajikarao_(housamo),tokyo_afterschool_summoners,1.0
takabushi_kengo,tokyo_afterschool_summoners,1.0
takafuji_kako,idolmaster_cinderella_girls,1.0
takagaki_kaede,idolmaster_cinderella_girls,1.0
takagi-san,karakai_jouzu_no_takagi-san,1.0
takagi_(tansuke),original,1.0
takagi_saya,highschool_of_the_dead,1.0
takahara_hairi,summer_pockets,1.0
takaishi_takeru,digimon,1.0
takakamo_shizuno,saki_(manga),1.0
takakura_himari,mawaru_penguindrum,1.0
takakura_kanba,mawaru_penguindrum,1.0
takakura_ken_(dandadan),dandadan,1.0
takakura_ken_(transformed)_(dandadan),dandadan,1.0
takakura_shouma,mawaru_penguindrum,0.9972
takamachi_nanoha,lyrical_nanoha,1.0
takamachi_nanoha_(aggressor_mode),lyrical_nanoha,1.0
takamachi_nanoha_(exceed_mode),lyrical_nanoha,1.0
takamachi_nanoha_(movie_1st_mode),lyrical_nanoha,1.0
takamachi_nanoha_(sacred_mode),lyrical_nanoha,1.0
takamaki_anne,persona,1.0
takamatsu_tomori,bang_dream!_it's_mygo!!!!!,1.0
takami_chika,love_live!_sunshine!!,1.0
takamine_midori,ensemble_stars!,1.0
takamine_noa,idolmaster_cinderella_girls,1.0
takamine_takane,haite_kudasai_takamine-san,1.0
takamiya_rion,nijisanji,1.0
takamiya_rion_(1st_costume),nijisanji,1.0
takamori_aiko,idolmaster_cinderella_girls,1.0
takamura_yui,muv-luv,1.0
takanami_(kancolle),kantai_collection,0.9992
takanashi_kiara,hololive,0.9999
takanashi_kiara_(1st_costume),hololive_english,0.9996
takanashi_kiara_(casual),hololive_english,1.0
takanashi_kiara_(fever_night),hololive_english,1.0
takanashi_rikka,chuunibyou_demo_koi_ga_shitai!,1.0
takanashi_souta,working!!,1.0
takane_(blue_archive),blue_archive,0.9981
takane_lui,hololive,0.999
takane_lui_(1st_costume),hololive,0.9992
takane_manaka,love_plus,1.0
takano_miyo,higurashi_no_naku_koro_ni,1.0
takao_(aoki_hagane_no_arpeggio),aoki_hagane_no_arpeggio,1.0
takao_(azur_lane),azur_lane,0.9989
takao_(beach_rhapsody)_(azur_lane),azur_lane,1.0
takao_(full_throttle_charmer)_(azur_lane),azur_lane,1.0
takao_(kancolle),kantai_collection,1.0
takara_miyuki,lucky_star,1.0
takarada_rikka,gridman_universe,1.0
takasaka_juri,bougyoryoku_zero_no_yome,1.0
takasaka_kouki,bougyoryoku_zero_no_yome,1.0
takasaki_yu,love_live!_nijigasaki_high_school_idol_club,1.0
takasu_ryuuji,toradora!,1.0
takasugi_shinsaku_(fate),fate/grand_order,1.0
takasugi_shinsuke,gintama,1.0
takatsuki_ichika,ano_natsu_de_matteru,1.0
takatsuki_yayoi,idolmaster,0.9998
takaya_noriko,top_wo_nerae!,1.0
takayama_haruka,sakura_trick,0.9975
takayama_maria,boku_wa_tomodachi_ga_sukunai,1.0
takayama_sayoko,idolmaster_million_live!,0.9984
takeba_yukari,persona,1.0
takebe_saori,girls_und_panzer,1.0
takeda_harumi,senpai_ga_uzai_kouhai_no_hanashi,0.9954
takei_hisa,saki_(manga),1.0
takei_junko,world_witches_series,1.0
takemaru_(housamo),tokyo_afterschool_summoners,0.9962
takemi_tae,persona_5,0.9985
takenouchi_sora,digimon,1.0
takeya_yuki,gakkou_gurashi!,1.0
taki_(soulcalibur),soulcalibur,0.9953
takimoto_hifumi,new_game!,1.0
takino_tomo,azumanga_daioh,0.998
takitsubo_rikou,toaru_majutsu_no_index,1.0
takizawa_asuka,precure,0.9952
takodachi_(ninomae_ina'nis),hololive,0.9995
takoluka,vocaloid,1.0
takopii,takopii_no_genzai,1.0
takozonesu,splatoon_(series),1.0
takumi_(fire_emblem),fire_emblem,0.9857
taliyah,league_of_legends,1.0
talonflame,pokemon,1.0
talulah_(arknights),arknights,1.0
tama_(kancolle),kantai_collection,0.9995
tamada_tamaki,girls_und_panzer,1.0
tamade_chiyu,bang_dream!,1.0
tamaki_iroha,magia_record:_mahou_shoujo_madoka_magica_gaiden,1.0
tamaki_kotatsu,en'en_no_shouboutai,1.0
tamaki_ui,magia_record:_mahou_shoujo_madoka_magica_gaiden,1.0
tamamo_(mon-musu_quest!),mon-musu_quest!,0.9967
tamamo_aria_(fate),fate_(series),0.9967
tamamo_cat_(fate),fate_(series),0.9996
tamamo_cat_(first_ascension)_(fate),fate_(series),1.0
tamamo_cat_(second_ascension)_(fate),fate_(series),1.0
tamamo_cat_(third_ascension)_(fate),fate_(series),1.0
tamamo_cross_(fast_as_lightning)_(umamusume),umamusume,1.0
tamamo_cross_(umamusume),umamusume,0.9985
tamamo_jk_(fate),fate_(series),1.0
tamamo_no_mae_(fate),fate_(series),0.9993
tamamo_no_mae_(spring_casual)_(fate),fate_(series),0.9958
tamamo_no_mae_(swimsuit_lancer)_(fate),fate_(series),0.9996
tamamo_no_mae_(swimsuit_lancer)_(second_ascension)_(fate),fate_(series),1.0
tamamo_no_mae_(swimsuit_lancer)_(third_ascension)_(fate),fate_(series),0.9983
tamamo_no_mae_(third_ascension)_(fate),fate_(series),1.0
tamamura_gunzo,tokyo_afterschool_summoners,0.9964
tamanami_(kancolle),kantai_collection,1.0
tamatsukuri_misumaru,touhou,1.0
tamba_akari,assault_lily,1.0
tamura_hiyori,lucky_star,0.9966
tamura_manami,ore_no_imouto_ga_konna_ni_kawaii_wake_ga_nai,1.0
tamura_yuri,watashi_ga_motenai_no_wa_dou_kangaetemo_omaera_ga_warui!,1.0
tan_yang_(kancolle),kantai_collection,1.0
tana_(fire_emblem),fire_emblem,1.0
tanaka_asuka,hibike!_euphonium,1.0
tanaka_gundham,danganronpa_(series),1.0
tanaka_hime,himehina_channel,1.0
tanaka_kotoha,idolmaster,1.0
tanaka_mako,watashi_ga_motenai_no_wa_dou_kangaetemo_omaera_ga_warui!,1.0
tanaka_mamimi,idolmaster_shiny_colors,1.0
tanamachi_kaoru,amagami,1.0
tanemura_koyori,watashi_ni_tenshi_ga_maiorita!,1.0
taneshima_popura,working!!,1.0
tang_keke,love_live!_superstar!!,1.0
tang_sanzang,journey_to_the_west,1.0
tangela,pokemon,0.9972
tanigaki_genjirou,golden_kamuy,1.0
tanigawa_kanna,ano_natsu_de_matteru,1.0
tanigawa_ruri,ruri_no_houseki,1.0
tanikaze_(kancolle),kantai_collection,1.0
tanikaze_amane,tenshi_souzou_re-boot!,1.0
tanino_gimlet_(embodiment_of_keravnos)_(umamusume),umamusume,1.0
tanino_gimlet_(umamusume),umamusume,0.9992
tanned_cirno,touhou,1.0
tanuki_(ame_to_kimi_to),ame_to_kimi_to,1.0
tanya_degurechaff,youjo_senki,0.9992
tao_blu_(splatoon),splatoon_(series),1.0
taokaka,blazblue,1.0
tap_dance_city_(umamusume),umamusume,1.0
tar-21_(girls'_frontline),girls'_frontline,1.0
taranza,kirby_(series),1.0
tarnished_(elden_ring),elden_ring,0.9994
tarou_tachi,touken_ranbu,1.0
tartaglia_(genshin_impact),genshin_impact,0.9997
tashigi,one_piece,0.9966
tashkent_(azur_lane),azur_lane,1.0
tashkent_(kancolle),kantai_collection,0.9989
tasmanian_devil_(kemono_friends),kemono_friends,1.0
tatara_kogasa,touhou,0.9997
tatebayashi_sakurako,kantai_collection,1.0
tategami_aoi,kirakira_precure_a_la_mode,1.0
tateyama_ayano,kagerou_project,1.0
tatl,the_legend_of_zelda,1.0
tatsugiri,pokemon,0.9983
tatsugiri_(curly),pokemon,0.9978
tatsugiri_(droopy),pokemon,0.9965
tatsugiri_(stretchy),pokemon,0.996
tatsumaki,one-punch_man,1.0
tatsumi_kanji,persona,1.0
tatsumi_koutarou,zombie_land_saga,1.0
tatsunami_shion,saihate_eki,1.0
tatsuta_(kancolle),kantai_collection,0.9996
tatsuta_kai_ni_(kancolle),kantai_collection,1.0
taunie_(pokemon),pokemon,1.0
tauros,pokemon,1.0
tav_(baldur's_gate),baldur's_gate_3,0.9973
team_rocket_grunt,pokemon,1.0
team_skull_grunt,pokemon,0.9977
team_spica's_trainer,umamusume,1.0
teana_lanster,lyrical_nanoha,1.0
tear_grants,tales_of_the_abyss,0.999
tearlaments_kitkallos,yu-gi-oh!,0.9978
technoblade,minecraft_youtube,0.9949
teddiursa,pokemon,1.0
tedeza_rize,gochuumon_wa_usagi_desu_ka?,0.9995
teemo,league_of_legends,0.9972
teepo_(tales),tales_of_(series),1.0
teireida_mai,touhou,1.0
teletha_testarossa,full_metal_panic!,1.0
temari_(naruto),naruto_(series),0.9974
ten'ou_haruka,bishoujo_senshi_sailor_moon,1.0
tendo_maya,shoujo_kageki_revue_starlight,0.9993
tendo_teru,idolmaster_side-m,1.0
tendou_akane,ranma_1/2,0.9609
tendou_maya,shoujo_kageki_revue_starlight,1.0
tendou_nabiki,ranma_1/2,1.0
tenjou_utena,shoujo_kakumei_utena,0.9972
tenjouin_asuka,yu-gi-oh!,0.9836
tenkajin_chiyari,touhou,1.0
tenkawa_nayuta,onii-chan_wa_oshimai!,1.0
tenko_shibuki,stellive,0.9919
tenkubashi_tomoka,idolmaster_million_live!,1.0
tenkyuu_chimata,touhou,0.9988
tenma_maemi,phase_connect,0.9913
tenma_saki,project_sekai,0.9993
tenma_tsukasa,project_sekai,1.0
tennoji_rina,love_live!_nijigasaki_high_school_idol_club,1.0
tennouboshi_uzume,neptune_(series),0.9973
tenochtitlan_(fate),fate/grand_order,0.9987
tenochtitlan_(first_ascension)_(fate),fate/grand_order,0.9961
tenochtitlan_(second_ascension)_(fate),fate/grand_order,0.9976
tenryuu_(kancolle),kantai_collection,0.9999
tenryuu_(swimsuit)_(kancolle),kantai_collection,1.0
tenryuu_kai_ni_(kancolle),kantai_collection,1.0
tenshinhan,dragon_ball,1.0
tenshouin_eichi,ensemble_stars!,0.9979
tentacool,pokemon,0.9962
tentacruel,pokemon,1.0
tenten_(naruto),naruto_(series),0.9982
tentomon,digimon,1.0
tenzin_(arknights),arknights,1.0
tepig,pokemon,1.0
tequila_(arknights),arknights,0.999
terapagos,pokemon,1.0
terence_t._d'arby,stardust_crusaders,1.0
terra_(kingdom_hearts),kingdom_hearts,1.0
terra_branford,final_fantasy,1.0
terrance_rainer,pokemon,1.0
terrence_(ff16),final_fantasy,0.9961
terriermon,digimon,1.0
terry_bogard,fatal_fury,0.9636
terui_soushichi,hakanai_kimi_wa_moukou_wo_hajimeru,1.0
teruzuki_(kancolle),kantai_collection,1.0
testament_(guilty_gear),guilty_gear,0.9985
teto_(nausicaa),kaze_no_tani_no_nausicaa,0.9879
tetra,the_legend_of_zelda,0.9978
texas_(arknights),arknights,1.0
texas_(willpower)_(arknights),arknights,1.0
texas_(winter_messenger)_(arknights),arknights,1.0
texas_the_omertosa_(arknights),arknights,1.0
tezcatlipoca_(fate),fate/grand_order,0.9991
tezcatlipoca_(first_ascension)_(fate),fate/grand_order,1.0
tezuka_rin,katawa_shoujo,1.0
thanatos_(hades),hades_(series),1.0
thanatos_(persona),persona,1.0
tharja_(fire_emblem),fire_emblem,0.9983
the_dahlia_(honkai:_star_rail),honkai:_star_rail,0.9891
the_herta_(honkai:_star_rail),honkai:_star_rail,0.9997
the_world_(stand),jojo_no_kimyou_na_bouken,1.0
the_yuudachi-like_creature,kantai_collection,1.0
thelema_nutriscu,honkai_impact_3rd,0.9961
thelema_nutriscu_(mad_pleasure:_shadowbringer),honkai_impact_3rd,0.9963
theodore_riddle,saibou_shinkyoku,1.0
theresa_(arknights),arknights,0.9986
theresa_apocalypse,honkai_(series),0.9973
theresa_apocalypse_(valkyrie_pledge),honkai_(series),1.0
therion_(octopath_traveler),octopath_traveler,1.0
they_(kiman),among_us,1.0
thief_(final_fantasy),final_fantasy,1.0
thief_(ragnarok_online),ragnarok_online,1.0
thistle_(dungeon_meshi),dungeon_meshi,0.9976
thoma_(genshin_impact),genshin_impact,1.0
thompson_(girls'_frontline),girls'_frontline,1.0
thor_(marvel),marvel,0.9985
thorfinn,vinland_saga,1.0
thorns_(arknights),arknights,0.9979
threo_(granblue_fantasy),granblue_fantasy,1.0
thrud_(fate),fate/grand_order,1.0
thunder_(girls'_frontline),girls'_frontline,1.0
tia_(nikke),goddess_of_victory:_nikke,1.0
tiamat_(fate),fate/grand_order,0.999
tianzi,code_geass,1.0
tibetan_fox_(kemono_friends),kemono_friends,1.0
tidus,final_fantasy,0.9971
tien_(granblue_fantasy),granblue_fantasy,1.0
tier_harribel,bleach,1.0
tieria_erde,gundam_00,1.0
tierna_aeride_throne,genseishinki_sacred_virth,1.0
tifa_lockhart,final_fantasy,1.0
tifa_lockhart_(cowgirl),final_fantasy_vii,1.0
tifa_lockhart_(refined_dress),final_fantasy_vii,0.998
tifa_lockhart_(shining_spirit),final_fantasy_vii,1.0
tiffania_westwood,zero_no_tsukaima,1.0
tiffy_(nottytiffy),original,0.9971
tiger_(kemono_friends),kemono_friends,1.0
tighnari_(genshin_impact),genshin_impact,1.0
tiki_(adult)_(fire_emblem),fire_emblem,0.9992
tiki_(fire_emblem),fire_emblem,1.0
tiki_(young)_(fire_emblem),fire_emblem,1.0
till_(alien_stage),alien_stage,1.0
timcanpy,d.gray-man,1.0
timerra_(fire_emblem),fire_emblem_engage,1.0
timido_cute,honkai_impact_3rd,1.0
timoris_(bang_dream!),bang_dream!_it's_mygo!!!!!,1.0
tina_(closers),closers,1.0
tina_armstrong,dead_or_alive,0.9938
tingyun_(harmony)_(honkai:_star_rail),honkai:_star_rail,1.0
tingyun_(honkai:_star_rail),honkai:_star_rail,1.0
tinkaton,pokemon,1.0
tinker_bell_(disney),walt_disney's_peter_pan,0.9164
tio_plato,eiyuu_densetsu,0.998
tionishia,monster_musume_no_iru_nichijou,1.0
tiphereth_a_(project_moon),project_moon,1.0
tippy_(gochiusa),gochuumon_wa_usagi_desu_ka?,1.0
tir_mcdohl,gensou_suikoden,1.0
tirpitz_(azur_lane),azur_lane,1.0
tita_russell,eiyuu_densetsu,1.0
titan_(shingeki_no_kyojin),shingeki_no_kyojin,1.0
titania_(sao),sword_art_online,1.0
tmp_(girls'_frontline),girls'_frontline,1.0
toad_(mario),mario_(series),0.9988
tobiichi_origami,date_a_live,1.0
tobisawa_misaki,ao_no_kanata_no_four_rhythm,1.0
todd_ingram,scott_pilgrim_(series),1.0
todo_yurika,aikatsu!_(series),1.0
todoroki_hajime,hololive_dev_is,1.0
todoroki_hajime_(1st_costume),hololive_dev_is,0.9917
todoroki_shoto,boku_no_hero_academia,1.0
todoroki_yachiyo,working!!,1.0
toga_himiko,boku_no_hero_academia,0.9974
togame,katanagatari,1.0
togame_momoko,magia_record:_mahou_shoujo_madoka_magica_gaiden,1.0
togami_byakuya,danganronpa_(series),1.0
togami_byakuya_(danganronpa_2),danganronpa_(series),1.0
togashi_yuuta,chuunibyou_demo_koi_ga_shitai!,1.0
togata_mirio,boku_no_hero_academia,0.9953
togawa_sakiko,bang_dream!,0.9964
togawa_sakiko_(master_of_melodia),arknights,1.0
togedemaru,pokemon,0.9974
togekiss,pokemon,1.0
togepi,pokemon,1.0
togetic,pokemon,0.9971
tohno_akiha,tsukihime,0.9965
tohno_shiki,tsukihime,1.0
tohru_(maidragon),kobayashi-san_chi_no_maidragon,1.0
tohsaka_aoi,fate_(series),1.0
tohsaka_rin,fate_(series),0.9999
tohsaka_rin_(fate/zero),fate_(series),1.0
tohsaka_tokiomi,fate/zero,1.0
tojo_kirumi,danganronpa_v3:_killing_harmony,1.0
tojo_nozomi,love_live!_school_idol_project,0.9996
tojou_michiru,dolphin_wave,1.0
tokai_teio_(peak_joy)_(umamusume),umamusume,1.0
tokai_teio_(umamusume),umamusume,1.0
tokarev_(girls'_frontline),girls'_frontline,1.0
toki_(abi-eshuh)_(blue_archive),blue_archive,0.9965
toki_(blue_archive),blue_archive,0.9994
toki_(bunny)_(blue_archive),blue_archive,0.9998
toki_(school_uniform)_(blue_archive),blue_archive,1.0
toki_(senran_kagura),senran_kagura,0.9965
toki_ayano,yurucamp,1.0
toki_kureha,assault_lily,1.0
tokido_saya,little_busters!,1.0
tokiha_mai,my-hime,0.8511
tokiko_(touhou),touhou,1.0
tokino_sora,hololive,1.0
tokino_sora_(1st_costume),hololive,1.0
tokisaki_asaba_(niliu_chahui),original,0.9675
tokisaki_kurumi,date_a_live,0.9992
tokisaki_kurumi_(spirit),date_a_live,1.0
tokisaki_mio_(niliu_chahui),original,0.9988
tokitou_muichirou,kimetsu_no_yaiba,1.0
tokitsukaze_(kancolle),kantai_collection,1.0
tokoro_megumi,idolmaster_million_live!,0.999
tokoyami_fumikage,boku_no_hero_academia,1.0
tokoyami_towa,hololive,0.9997
tokoyami_towa_(1st_costume),hololive,1.0
tokoyami_towa_(cyberpunk),hololive,0.9978
tokoyami_towa_(jirai_kei),hololive,1.0
tokoyami_towa_(underworld_uniform),hololive,1.0
tokugawa_matsuri,idolmaster_million_live!,1.0
tokunaga_(tales),tales_of_(series),1.0
tom_(eddsworld),eddsworld,1.0
tom_nook_(animal_crossing),animal_crossing,1.0
tomari_mari,indie_virtual_youtuber,0.9948
tome_of_the_night_sky,lyrical_nanoha,0.9927
tomimi_(arknights),arknights,1.0
tomioka_giyuu,kimetsu_no_yaiba,0.9997
tomoe_(blue_archive),blue_archive,1.0
tomoe_(queen's_blade),queen's_blade,1.0
tomoe_gozen_(fate),fate_(series),0.9997
tomoe_gozen_(first_ascension)_(fate),fate/grand_order,0.9984
tomoe_gozen_(swimsuit_saber)_(first_ascension)_(fate),fate_(series),1.0
tomoe_gozen_(third_ascension)_(fate),fate/grand_order,1.0
tomoe_hiyori,ensemble_stars!,1.0
tomoe_hotaru,bishoujo_senshi_sailor_moon,1.0
tomoe_mami,mahou_shoujo_madoka_magica,1.0
tomoe_mami_(magical_girl),mahou_shoujo_madoka_magica,1.0
tomoe_rena,kourin_tenshi_en_ciel_rena,1.0
tomori_nao,charlotte_(anime),0.9988
tomotake_yoshino,senren_banka,0.9972
tonami_yuma,to_heart_2,1.0
tonbokiri_(touken_ranbu),touken_ranbu,1.0
tone_(kancolle),kantai_collection,1.0
tone_kai_ni_(kancolle),kantai_collection,1.0
tono_hanna,mahou_shoujo_no_majo_saiban,0.9966
tony_stark,marvel,1.0
tony_tony_chopper,one_piece,0.9995
toon_link,the_legend_of_zelda,0.9986
toon_zelda,the_legend_of_zelda,1.0
tooth_fairy_(reverse:1999),reverse:1999,1.0
topaz_(honkai:_star_rail),honkai:_star_rail,0.9995
toph_beifong,avatar_legends,0.9956
tora_(xenoblade_2),xenoblade_chronicles_2,1.0
toramaru_shou,touhou,0.9999
torchic,pokemon,1.0
tord_(eddsworld),eddsworld,0.9914
torgal_(ff16),final_fantasy_xvi,1.0
toriel,utdr_(toby_fox),0.9977
torkoal,pokemon,0.9939
torterra,pokemon,1.0
tosa_(azur_lane),azur_lane,0.9975
tosaki_mimi,vspo!,0.9957
tosen_jordan_(umamusume),umamusume,0.9992
toshinou_kyouko,yuruyuri,1.0
toto-sama_(fate),fate/grand_order,1.0
totodile,pokemon,0.9986
totoki_airi,idolmaster_cinderella_girls,1.0
totooria_helmold,atelier_(series),1.0
totoro,tonari_no_totoro,0.9595
toudou_aoi_(jujutsu_kaisen),jujutsu_kaisen,1.0
toudou_heisuke_(fate),fate_(series),0.9965
toudou_naoya,persona,1.0
toudou_shimako,maria-sama_ga_miteru,0.999
toudou_shion,pripara,1.0
tougou_mimori,yuusha_de_aru,1.0
touhoku_itako,voiceroid,0.9879
touhoku_kiritan,voiceroid,0.9962
touhoku_zunko,voiceroid,0.9824
toujou_koneko,high_school_dxd,1.0
toujou_tsukasa,heaven_burns_red,1.0
touma_kazusa,white_album_2,1.0
toutetsu_yuuma,touhou,1.0
touwa_erio,denpa_onna_to_seishun_otoko,0.9973
touyoko_momoko,saki_(manga),1.0
touyouryuu-san,original,0.9971
towa_herschel,eiyuu_densetsu,0.9963
towa_monaca,danganronpa_(series),1.0
toxtricity,pokemon,0.9978
toxtricity_(amped),pokemon,0.9965
toyama_kasumi,bang_dream!,1.0
toyama_satoru,precure,0.9932
toyokawa_fuka,idolmaster_million_live!,1.0
toyosatomimi_no_miko,touhou,0.9996
tracer_(overwatch),overwatch,0.9995
trafalgar_law,one_piece,1.0
trailblazer_(honkai:_star_rail),honkai:_star_rail,1.0
trailblazer_(trash_cake)_(honkai:_star_rail),honkai:_star_rail,1.0
trainer_(umamusume),umamusume,0.9986
transcend_(umamusume),umamusume,0.9972
transcend_(zoku-zoku_gizmo)_(umamusume),umamusume,1.0
transformed_ditto,pokemon,0.9925
trapinch,pokemon,1.0
treecko,pokemon,1.0
tressa_colzione,octopath_traveler,1.0
tri_(zelda),the_legend_of_zelda:_echoes_of_wisdom,1.0
trianne_(honkai:_star_rail),honkai:_star_rail,1.0
tribbie_(honkai:_star_rail),honkai_(series),1.0
trigger_(zenless_zone_zero),zenless_zone_zero,0.9991
trinnon_(honkai:_star_rail),honkai_(series),1.0
trish_una,jojo_no_kimyou_na_bouken,1.0
tristan_(fate),fate/grand_order,1.0
tristana_(league_of_legends),league_of_legends,1.0
tron_bonne_(mega_man),mega_man_(series),1.0
tropius,pokemon,1.0
trotter_(honkai:_star_rail),honkai:_star_rail,0.9985
trubbish,pokemon,0.996
trucy_wright,ace_attorney,1.0
trunks_(dragon_ball),dragon_ball,1.0
trunks_(future)_(dragon_ball),dragon_ball,0.9958
tsareena,pokemon,1.0
tseng,final_fantasy_vii,1.0
tsubaki_(blue_archive),blue_archive,0.9984
tsubaki_(guide)_(blue_archive),blue_archive,1.0
tsubaki_yayoi,blazblue,1.0
tsuchinoko_(kemono_friends),kemono_friends,0.9979
tsuchiya_(girls_und_panzer),girls_und_panzer,1.0
tsugikuni_yoriichi,kimetsu_no_yaiba,1.0
tsuji_renta,girls_und_panzer,1.0
tsujimoto_natsumi,taiho_shichauzo,1.0
tsujinaka_yoshiki,hikaru_ga_shinda_natsu,1.0
tsujino_akari,idolmaster,1.0
tsukada_satoru,randal's_friends,1.0
tsukahara_hibiki,amagami,1.0
tsukamoto_yakumo,school_rumble,1.0
tsukikage_yuri,heartcatch_precure!,1.0
tsukikawa_chili,pripara,1.0
tsukimiya_ayu,kanon,0.9933
tsukimura_suzuka,lyrical_nanoha,1.0
tsukimura_temari,gakuen_idolmaster,0.9986
tsukinaga_leo,ensemble_stars!,1.0
tsukino_(pageratta),original,1.0
tsukino_mito,nijisanji,0.9997
tsukino_mito_(1st_costume),nijisanji,0.9995
tsukino_usagi,bishoujo_senshi_sailor_moon,1.0
tsukioka_kogane,idolmaster_shiny_colors,1.0
tsukishima_hajime,golden_kamuy,1.0
tsukishima_kei,haikyuu!!,0.9929
tsukishiro_yanagi,zenless_zone_zero,0.9997
tsukumo_benben,touhou,1.0
tsukumo_ima,the_hundred_line_-last_defense_academy-,1.0
tsukumo_kako,the_hundred_line_-last_defense_academy-,1.0
tsukumo_sana,hololive_english,1.0
tsukumo_sana_(1st_costume),hololive_english,1.0
tsukumo_yatsuhashi,touhou,1.0
tsukumo_yuki_(jujutsu_kaisen),jujutsu_kaisen,0.9967
tsukumo_yuma,yu-gi-oh!,1.0
tsukuyo_(blue_archive),blue_archive,1.0
tsukuyo_(gintama),gintama,1.0
tsukuyomi_ai,voiceroid,1.0
tsukuyomi_shirabe,senki_zesshou_symphogear,1.0
tsumiki_mikan,danganronpa_(series),1.0
tsumugi_(princess_connect!),princess_connect!,1.0
tsumugi_kokage,vspo!,1.0
tsumugi_wenders,summer_pockets,1.0
tsunade_(naruto),naruto_(series),1.0
tsunashi_hajime,danna_ga_nani_wo_itte_iru_ka_wakaranai_ken,1.0
tsunashi_kaoru,danna_ga_nani_wo_itte_iru_ka_wakaranai_ken,1.0
tsunemori_akane,psycho-pass,1.0
tsunetsuki_matoi,sayonara_zetsubou_sensei,1.0
tsunomaki_watame,hololive,0.9997
tsunomaki_watame_(1st_costume),hololive,1.0
tsunomaki_watame_(street_casual),hololive,1.0
tsurugi_(blue_archive),blue_archive,0.9985
tsurugi_(swimsuit)_(blue_archive),blue_archive,1.0
tsurugi_kyousuke,inazuma_eleven_go,1.0
tsurumaki_kokoro,bang_dream!,1.0
tsurumaki_maki,voiceroid,1.0
tsurumaru_kuninaga,touken_ranbu,1.0
tsurumaru_tsuyoshi_(umamusume),umamusume,0.9929
tsurumi_chiriko,ano_hi_mita_hana_no_namae_wo_bokutachi_wa_mada_shiranai.,1.0
tsurumi_tokushirou,golden_kamuy,1.0
tsuruya,suzumiya_haruhi_no_yuuutsu,1.0
tsushima_(kancolle),kantai_collection,1.0
tsushima_yoshiko,love_live!_sunshine!!,1.0
tsutsukakushi_tsukiko,hentai_ouji_to_warawanai_neko.,1.0
tsuyuri_kanao,kimetsu_no_yaiba,1.0
tsuyuri_kumin,chuunibyou_demo_koi_ga_shitai!,1.0
tsuyuzaki_mahiru,shoujo_kageki_revue_starlight,1.0
tuesday_(reverse:1999),reverse:1999,0.9975
turbo_byakuren,touhou,1.0
turbo_granny_(dandadan),dandadan,0.9978
turn_a_gundam_(mobile_suit),gundam,0.9969
turtwig,pokemon,1.0
tuscaloosa_(kancolle),kantai_collection,1.0
tusk_(stand),steel_ball_run,1.0
tuxedo_kamen,bishoujo_senshi_sailor_moon,0.9921
tweek_tweak,south_park,0.9926
tweyen_(granblue_fantasy),granblue_fantasy,1.0
twilight_(spy_x_family),spy_x_family,1.0
twilight_sparkle,my_little_pony,0.9936
twin_turbo_(blast_mode!_turbo_engine)_(umamusume),umamusume,1.0
twin_turbo_(umamusume),umamusume,1.0
type_100_(girls'_frontline),girls'_frontline,1.0
type_95_(girls'_frontline),girls'_frontline,1.0
type_97_(girls'_frontline),girls'_frontline,1.0
typhlosion,pokemon,1.0
typhon_(arknights),arknights,1.0
typhon_ephemeros_(fate),fate/grand_order,0.9963
tyranitar,pokemon,1.0
tyrant_(stella_sora),stella_sora,1.0
u-1146,hataraku_saibou,1.0
u-1196,hataraku_saibou,1.0
u-47_(azur_lane),azur_lane,1.0
u-511_(kancolle),kantai_collection,1.0
u-olga_marie,fate/grand_order,1.0
ubel_(sousou_no_frieren),sousou_no_frieren,1.0
uboa,yume_nikki,0.9968
uchi_emiri,watashi_ga_motenai_no_wa_dou_kangaetemo_omaera_ga_warui!,1.0
uchida_momo,futsuu_no_keion-bu,1.0
uchiha_itachi,naruto_(series),0.9964
uchiha_madara,naruto_(series),0.9965
uchiha_obito,naruto_(series),1.0
uchiha_sarada,naruto_(series),0.9991
uchiha_sasuke,naruto_(series),0.999
udagawa_ako,bang_dream!,0.998
udagawa_tomoe,bang_dream!,1.0
udin_(kureiji_ollie),hololive_indonesia,1.0
uehara_ayumu,love_live!,1.0
uehara_himari,bang_dream!_girls_band_party!,1.0
uesugi_fuutarou,go-toubun_no_hanayome,1.0
uguisumaru,touken_ranbu,1.0
ui_(blue_archive),blue_archive,0.9996
ui_(swimsuit)_(blue_archive),blue_archive,1.0
uiharu_kazari,toaru_majutsu_no_index,1.0
ujimatsu_chiya,gochuumon_wa_usagi_desu_ka?,0.998
uki_violeta,nijisanji,1.0
ukinami_yuzuha,zenless_zone_zero,0.9982
ukinami_yuzuha_(tanuki_in_broad_daylight),zenless_zone_zero,1.0
ukraine_(hetalia),axis_powers_hetalia,1.0
ukuru_(kancolle),kantai_collection,1.0
ulpianus_(arknights),arknights,0.9932
ulquiorra_cifer,bleach,1.0
ulrich_von_hutten_(azur_lane),azur_lane,1.0
ulti_(one_piece),one_piece,1.0
ultimate_madoka,mahou_shoujo_madoka_magica,1.0
ultraman,ultra_series,0.9927
umbreon,pokemon,0.9991
umika_(blue_archive),blue_archive,1.0
umikaze_(kancolle),kantai_collection,1.0
umikaze_kai_ni_(kancolle),kantai_collection,1.0
ump40_(girls'_frontline),girls'_frontline,1.0
ump45_(girls'_frontline),girls'_frontline,1.0
ump45_(mod3)_(girls'_frontline),girls'_frontline,1.0
ump9_(girls'_frontline),girls'_frontline,1.0
undine_(guilty_gear),guilty_gear,1.0
undyne,utdr_(toby_fox),1.0
uni_(neptunia),neptune_(series),1.0
unicorn_(azur_lane),azur_lane,1.0
unicorn_(long-awaited_date)_(azur_lane),azur_lane,1.0
unicorn_gundam,gundam,0.998
united_kingdom_(hetalia),axis_powers_hetalia,0.9995
unohana_retsu,bleach,1.0
unown,pokemon,1.0
unryuu_(kancolle),kantai_collection,1.0
unzan,touhou,1.0
unzen_(azur_lane),azur_lane,1.0
uozumi_kurumi,null-meta,1.0
upao_(amane_kanata),hololive,1.0
urabe_mikoto,nazo_no_kanojo_x,1.0
urahara_kisuke,bleach,1.0
urakaze_(kancolle),kantai_collection,1.0
urakaze_(yukata)_(kancolle),kantai_collection,1.0
uranami_(kancolle),kantai_collection,1.0
uraraka_ochaco,boku_no_hero_academia,1.0
urashima_kotetsu,touken_ranbu,1.0
urbain_(pokemon),pokemon_legends:_z-a,1.0
urbosa,the_legend_of_zelda,1.0
urd_(aa_megami-sama),aa_megami-sama,1.0
urotsuki,yume_2kki,0.9947
ursula_(23),original,0.9959
ursula_charistes,little_witch_academia,1.0
ursula_hartmann,world_witches_series,1.0
uruha_rushia,hololive,1.0
uruha_rushia_(1st_costume),hololive,0.9988
uruha_rushia_(3rd_costume),hololive,1.0
uruha_rushia_(school_uniform),hololive,1.0
urushibara_luka,steins;gate,0.9983
uryuu_ryuunosuke,fate/zero,1.0
usa-chan_(idolmaster),idolmaster,1.0
usada_hikaru,di_gi_charat,0.9982
usada_pekora,hololive,0.9998
usada_pekora_(1st_costume),hololive,1.0
usada_pekora_(casual),hololive,1.0
usada_pekora_(furi_furi_bunny_dress),hololive,0.9962
usada_pekora_(prisoner),hololive,1.0
usami_(danganronpa),danganronpa_(series),0.9919
usami_ichika,kirakira_precure_a_la_mode,1.0
usami_renko,touhou,0.9966
usami_sumireko,touhou,0.9997
usami_taiga,original,0.9932
ushi_gozen_(fate),fate_(series),1.0
ushigome_rimi,bang_dream!,1.0
ushio_(kancolle),kantai_collection,1.0
ushio_(swimsuit)_(kancolle),kantai_collection,1.0
ushio_kai_ni_(kancolle),kantai_collection,1.0
ushiromiya_ange,umineko_no_naku_koro_ni,1.0
ushiromiya_battler,umineko_no_naku_koro_ni,1.0
ushiromiya_eva,umineko_no_naku_koro_ni,1.0
ushiromiya_george,umineko_no_naku_koro_ni,1.0
ushiromiya_jessica,umineko_no_naku_koro_ni,1.0
ushiromiya_kyrie,umineko_no_naku_koro_ni,1.0
ushiromiya_lion,umineko_no_naku_koro_ni,1.0
ushiromiya_maria,umineko_no_naku_koro_ni,1.0
ushiromiya_natsuhi,umineko_no_naku_koro_ni,1.0
ushiromiya_rosa,umineko_no_naku_koro_ni,1.0
ushiwakamaru_(fate),fate_(series),0.9974
ushiwakamaru_(second_ascension)_(fate),fate/grand_order,0.9984
ushiwakamaru_(swimsuit_assassin)_(first_ascension)_(fate),fate/grand_order,1.0
ushizaki_urumi,touhou,1.0
usopp,one_piece,0.9994
usugumo_(kancolle),kantai_collection,1.0
uta_(one_piece),one_piece,1.0
utage_(arknights),arknights,1.0
utage_(summer_flowers)_(arknights),arknights,1.0
utaha_(blue_archive),blue_archive,0.9985
utane_uta,utau,0.9983
utsugi_kotoko,danganronpa_(series),1.0
utsugi_noriyuki,saibou_shinkyoku,1.0
utsugi_uyu,holostars,1.0
utsugi_yuuki,girls_und_panzer,0.9974
utsumi_erice,fate_(series),1.0
utsumi_erice_(lancer),fate/grand_order,1.0
utsumi_sakura,sakura_no_sekai,1.0
utsushimi_kemii,boku_no_hero_academia,1.0
uxie,pokemon,1.0
uzaki_hana,uzaki-chan_wa_asobitai!,0.9965
uzaki_tsuki,uzaki-chan_wa_asobitai!,1.0
uzui_tengen,kimetsu_no_yaiba,1.0
uzuki_(cookie),cookie_(touhou),0.9986
uzuki_(kancolle),kantai_collection,1.0
uzuki_kou,nijisanji,0.9971
uzuki_kou_(3rd_costume),nijisanji,0.9963
uzuki_sayaka,onna_ga_nigate_na_yankee_to_shoujo_no_hanashi,1.0
uzumaki_boruto,naruto_(series),1.0
uzumaki_himawari,naruto_(series),1.0
uzumaki_kushina,naruto_(series),1.0
uzumaki_naruto,naruto_(series),1.0
v'ehxness,the_hundred_line_-last_defense_academy-,1.0
v-mon,digimon,0.9929
vaggie,hellaverse,0.998
vajra_(granblue_fantasy),granblue_fantasy,1.0
valentine_(skullgirls),skullgirls,0.9985
valentino_(hazbin_hotel),hazbin_hotel,1.0
valkyrie_(apex_legends),apex_legends,1.0
valkyrie_(fate),fate/grand_order,1.0
valkyrie_(p&d),puzzle_&_dragons,1.0
valkyrie_(vnd),valkyrie_no_densetsu,0.9893
valkyrie_police_academy_student_(sg)_(blue_archive),blue_archive,1.0
vampire_(azur_lane),azur_lane,1.0
vampy,granblue_fantasy,0.8616
van_arkride,eiyuu_densetsu,1.0
van_gogh_(fate),fate/grand_order,1.0
van_gogh_(first_ascension)_(fate),fate/grand_order,1.0
vane_(granblue_fantasy),granblue_fantasy,0.9991
vanessa_(kof),the_king_of_fighters,1.0
vanilla_(nekopara),nekopara,0.9948
vanilla_h,galaxy_angel,1.0
vanilla_ice,jojo_no_kimyou_na_bouken,1.0
vanilla_mieux,sugar_sugar_rune,1.0
vanilla_the_rabbit,sonic_(series),1.0
vanillite,pokemon,1.0
vaporeon,pokemon,0.9989
varesa_(genshin_impact),genshin_impact,0.9977
varka_(genshin_impact),genshin_impact,0.9982
vash_the_stampede,trigun,0.9969
vector_(girls'_frontline),girls'_frontline,1.0
vedal987,vedal_ai,0.9985
vega_(street_fighter),street_fighter,1.0
vegeta,dragon_ball,0.9987
vegetto,dragon_ball,1.0
vei_(vtuber),vshojo,0.6878
velma_dinkley,scooby-doo_(series),0.9962
velouria_(fire_emblem),fire_emblem,1.0
velvet_(nikke),goddess_of_victory:_nikke,0.9896
velvet_(odin_sphere),odin_sphere,1.0
velvet_crowe,tales_of_(series),0.9988
velvet_scarlatina,rwby,1.0
venat_(ff14),final_fantasy_xiv,1.0
venera-sama,sekai_seifuku:_bouryaku_no_zvezda,1.0
venipede,pokemon,0.9966
venom_(marvel),marvel,0.9981
venom_snake,metal_gear_(series),1.0
venonat,pokemon,0.9879
venti_(archon)_(genshin_impact),genshin_impact,1.0
venti_(genshin_impact),genshin_impact,0.9989
ventus_(kingdom_hearts),kingdom_hearts,0.9976
venus_paques_(umamusume),umamusume,1.0
venusaur,pokemon,0.9991
vepley_(girls'_frontline_2),girls'_frontline_2:_exilium,1.0
vera_(pgr),punishing:_gray_raven,0.9977
vergil_(devil_may_cry),devil_may_cry_(series),0.9966
vergilius_(project_moon),project_moon,1.0
verina_(wuthering_waves),wuthering_waves,1.0
vermeil_(arknights),arknights,1.0
verniy_(kancolle),kantai_collection,0.9998
veronica_(dq11),dragon_quest,1.0
veronica_(fire_emblem),fire_emblem,1.0
veronika_(splatoon),splatoon_(series),1.0
vert_(neptunia),neptune_(series),1.0
vertin_(reverse:1999),reverse:1999,1.0
verxina_(le_beau_sommet)_(umamusume),umamusume,1.0
verxina_(umamusume),umamusume,0.9976
vestia_zeta,hololive_indonesia,1.0
vestia_zeta_(1st_costume),hololive_indonesia,1.0
vex_(league_of_legends),league_of_legends,0.9966
veyle_(fire_emblem),fire_emblem,1.0
vf-1,macross,1.0
vi_(league_of_legends),league_of_legends,0.9964
vice-versa_(skullgirls),skullgirls,1.0
victini,pokemon,0.9982
victor_(pokemon),pokemon,0.9994
victorica_de_blois,gosick,1.0
victorious_(azur_lane),azur_lane,1.0
victorious_(kancolle),kantai_collection,1.0
victreebel,pokemon,1.0
videl,dragon_ball,1.0
vigna_(arknights),arknights,0.9984
vignette_tsukinose_april,gabriel_dropout,1.0
vikala_(granblue_fantasy),granblue_fantasy,0.9965
viktor_(arcane),league_of_legends,1.0
viktor_(league_of_legends),league_of_legends,1.0
viktor_nikiforov,yuri!!!_on_ice,1.0
vil_schoenheit,twisted_wonderland,1.0
vila_(reverse:1999),reverse:1999,1.0
vileplume,pokemon,0.9978
vill-v,honkai_impact_3rd,1.0
villager_(animal_crossing),animal_crossing,1.0
villetta_nu,code_geass,1.0
vincent_valentine,final_fantasy,0.9994
vinegar_doppio,jojo_no_kimyou_na_bouken,0.9986
vinsmoke_reiju,one_piece,1.0
viola_(pokemon),pokemon,1.0
violet_(persona_5),persona_5,0.9961
violet_evergarden,violet_evergarden_(series),0.9983
viper_(nikke),goddess_of_victory:_nikke,0.9981
viper_(valorant),valorant,1.0
vira_(granblue_fantasy),granblue_fantasy,1.0
viral_(ttgl),tengen_toppa_gurren_lagann,1.0
virgilia_(umineko),umineko_no_naku_koro_ni,1.0
virginia_knights,saga,0.9941
virginia_maxwell,wild_arms_3,1.0
viridi,kid_icarus,1.0
virtuosa_(arknights),arknights,1.0
vita_(honkai_impact),honkai_(series),0.9935
vita_(lone_planetfarer)_(honkai_impact),honkai_impact_3rd,0.9899
vita_(nanoha),lyrical_nanoha,1.0
vittorio_veneto_(azur_lane),azur_lane,0.9975
vivi_(ac8231),original,1.0
vivi_ornitier,final_fantasy,0.9923
vivian_(paper_mario),paper_mario:_the_thousand-year_door,1.0
vivian_banshee,zenless_zone_zero,0.9975
vivian_banshee_(iris_of_the_shore),zenless_zone_zero,0.9963
viviana_(arknights),arknights,1.0
vivid_bad_squad_miku,project_sekai,1.0
vivillon,pokemon,1.0
vivio,lyrical_nanoha,1.0
vivlos_(umamusume),umamusume,0.998
vivlos_(voyage_etincelant)_(umamusume),umamusume,1.0
viy_(fate),fate/grand_order,1.0
vlad_iii_(fate/apocrypha),fate_(series),1.0
vladilena_millize,86_-eightysix-,0.9985
vodka_(umamusume),umamusume,0.9972
vodka_(wild_top_gear)_(umamusume),umamusume,0.9987
void_shiki,kara_no_kyoukai,0.9381
volcarona,pokemon,1.0
volkner_(pokemon),pokemon,1.0
volo_(pokemon),pokemon,1.0
voltorb,pokemon,1.0
von_lycaon,zenless_zone_zero,0.9995
vox_(hazbin_hotel),hazbin_hotel,1.0
vox_akuma,nijisanji,0.9952
voyager_(fate),fate_(series),1.0
voyager_(reverse:1999),reverse:1999,1.0
vritra_(fate),fate/grand_order,1.0
vsk-94_(girls'_frontline),girls'_frontline,1.0
vulpisfoglia_(arknights),arknights,0.9993
vulpix,pokemon,0.9982
vyn_richter_(tears_of_themis),tears_of_themis,1.0
vyrn_(granblue_fantasy),granblue_fantasy,1.0
w_(arknights),arknights,0.9998
wa2000_(girls'_frontline),girls'_frontline,0.9997
waai_fu_(arknights),arknights,0.9948
wadanohara,funamusea,1.0
waddle_dee,kirby_(series),1.0
waddle_doo,kirby_(series),1.0
wahoo_(kancolle),kantai_collection,0.9928
wailmer,pokemon,1.0
wailord,pokemon,0.9972
wakaba_(kancolle),kantai_collection,0.9985
wakaba_mutsumi,bang_dream!,0.9965
wakaba_mutsumi_(doll),bang_dream!_it's_mygo!!!!!,1.0
wakaba_mutsumi_(marionette's_id),bang_dream!_it's_mygo!!!!!,1.0
wakabayashi_iori,ojisan_to_marshmallow,1.0
wakabayashi_tomoka,idolmaster_cinderella_girls,0.9965
wakamiya_eve,bang_dream!,1.0
wakamo_(blue_archive),blue_archive,0.9991
wakamo_(swimsuit)_(blue_archive),blue_archive,0.999
wakan_tanka,tokyo_afterschool_summoners,0.999
wakana_rei,bang_dream!,1.0
wakana_shiki,love_live!_superstar!!,1.0
wakasa_yuuri,gakkou_gurashi!,1.0
wakasagihime,touhou,0.9996
walking_mushroom_(dungeon_meshi),dungeon_meshi,1.0
wallace_(pokemon),pokemon,1.0
wallace_wells,scott_pilgrim_(series),1.0
wally_(pokemon),pokemon,1.0
walpurgisnacht_(madoka_magica),mahou_shoujo_madoka_magica,0.9982
waltrud_krupinski,world_witches_series,1.0
waluigi,mario_(series),1.0
wamuu,battle_tendency,1.0
wanda_maximoff,marvel,1.0
wanderer_(mega_mgc_coffee)_(genshin_impact),genshin_impact,1.0
wanderer_(ragnarok_online),ragnarok_online,1.0
wang_(arknights),arknights,0.9963
wang_liu_mei,gundam_00,1.0
wang_yujia,assault_lily,0.9967
warabeda_meiji,nijisanji,1.0
warfarin_(arknights),arknights,0.9989
wargreymon,digimon,1.0
wario,mario_(series),0.6611
wario_(warioware),warioware,1.0
warlock_(ragnarok_online),ragnarok_online,1.0
warrior_(dq3),dragon_quest,0.999
warrior_(final_fantasy),final_fantasy,1.0
warrior_of_light_(ff1),final_fantasy,1.0
warrior_of_light_(ff14),final_fantasy,0.9984
warspite_(azur_lane),azur_lane,1.0
warspite_(kancolle),kantai_collection,1.0
wartortle,pokemon,1.0
washington_(azur_lane),azur_lane,1.0
washington_(kancolle),kantai_collection,1.0
watanabe_no_tsuna_(fate),fate/grand_order,1.0
watanabe_you,love_live!_sunshine!!,1.0
watarai_hibari,nijisanji,1.0
watarase_jun,happiness!,1.0
watari_nina,touhou,0.9966
watase_kiui,yoru_no_kurage_wa_oyogenai,1.0
watashi_(jintai),jinrui_wa_suitai_shimashita,1.0
watatsuki_no_toyohime,touhou,0.9988
watatsuki_no_yorihime,touhou,0.9995
watson_amelia,hololive_english,0.9999
watson_amelia_(1st_costume),hololive_english,0.9997
watson_amelia_(street_casual),hololive_english,1.0
wattson_(apex_legends),apex_legends,1.0
wavecat_(blue_archive),blue_archive,0.9919
waver_velvet,fate_(series),0.9994
weapon_merchant_cattleya,queen's_blade,0.9973
weather_report,stone_ocean,1.0
weavile,pokemon,1.0
wednesday_addams,the_addams_family,0.998
weedle,pokemon,1.0
weedy_(arknights),arknights,1.0
weezing,pokemon,1.0
wei_wuxian,modao_zushi,0.9998
wei_wuxian_(yiling_laozu),modao_zushi,1.0
weiss_schnee,rwby,1.0
welrod_mkii_(girls'_frontline),girls'_frontline,0.9985
welt_yang,honkai_(series),0.9985
wendy_(wendy's),wendy's,0.9921
wendy_marvell,fairy_tail,1.0
whimsicott,pokemon,1.0
whip_(kof),the_king_of_fighters,1.0
whislash_(arknights),arknights,1.0
whisper_(youkai_watch),youkai_watch,1.0
whisperain_(arknights),arknights,1.0
white_(among_us),among_us,1.0
white_blood_cell_(hataraku_saibou),hataraku_saibou,0.994
white_dragon_(kemono_friends),kemono_friends,1.0
white_heart_(neptunia),neptune_(series),0.9985
white_len_(tsukihime),tsukihime,0.9961
white_lion_(kemono_friends),kemono_friends,1.0
white_mage_(fft),final_fantasy,0.9964
white_mage_(final_fantasy),final_fantasy,0.9888
white_pikmin,pikmin_(series),1.0
white_rabbit_(alice_in_wonderland),alice's_adventures_in_wonderland,0.9229
white_rabbit_(ayu_(mog)),original,1.0
white_rhinoceros_(kemono_friends),kemono_friends,1.0
whitesmith_(ragnarok_online),ragnarok_online,1.0
whitney_(degrees_of_lewdity),degrees_of_lewdity,1.0
whitney_(male)_(degrees_of_lewdity),degrees_of_lewdity,1.0
whitney_(pokemon),pokemon,1.0
wiccan,marvel,1.0
wicke_(pokemon),pokemon,0.9982
widowmaker_(overwatch),overwatch,1.0
wien_margarete,love_live!_superstar!!,1.0
wigglytuff,pokemon,0.998
wii_fit_trainer_(female),wii_fit,1.0
wild_geese,gochuumon_wa_usagi_desu_ka?,1.0
wild_tiger,tiger_&_bunny,1.0
wilhelmina_braunschweig_ingenohl_friedeburg,high_school_fleet,1.0
willard_h._wright,umineko_no_naku_koro_ni,1.0
willow_(reverse:1999),reverse:1999,0.9925
win_variation_(dramatic_tutu)_(umamusume),umamusume,0.9966
win_variation_(umamusume),umamusume,0.9964
winda_(yu-gi-oh!),yu-gi-oh!,1.0
windsong_(reverse:1999),reverse:1999,1.0
winged_kuriboh,yu-gi-oh!,1.0
winged_lion_(dungeon_meshi),dungeon_meshi,1.0
winged_pikmin,pikmin_(series),0.9974
wingull,pokemon,0.9981
winning_ticket_(umamusume),umamusume,1.0
winry_rockbell,fullmetal_alchemist,1.0
winter_soldier,marvel,1.0
wis'adel_(arknights),arknights,1.0
wise_(peaceful_waves)_(zenless_zone_zero),zenless_zone_zero,1.0
wise_(soaring_crane)_(zenless_zone_zero),zenless_zone_zero,1.0
wise_(zenless_zone_zero),zenless_zone_zero,0.9978
wishiwashi,pokemon,0.9981
wishiwashi_(solo),pokemon,0.9979
wisps_(mint_fantome),indie_virtual_youtuber,0.9051
witch_(puyopuyo),puyopuyo,0.9981
witch_mercy,overwatch,1.0
wiz_(konosuba),kono_subarashii_sekai_ni_shukufuku_wo!,1.0
wizard_(ragnarok_online),ragnarok_online,1.0
wo-class_aircraft_carrier,kantai_collection,1.0
wobbuffet,pokemon,0.9985
wolf_(league_of_legends),league_of_legends,0.9977
wolf_link,the_legend_of_zelda,1.0
wolf_o'donnell,star_fox,0.9939
wolf_spirit_(touhou),touhou,1.0
wolfgang_amadeus_mozart_(fate),fate/grand_order,1.0
wolfrun,precure,1.0
wolverine_(x-men),marvel,1.0
wonder_acute_(umamusume),umamusume,0.9988
wonder_woman,dc_extended_universe,1.0
wonderlands_x_showtime_miku,vocaloid,1.0
woobat,pokemon,0.9963
wooloo,pokemon,0.9989
wooper,pokemon,0.998
wraith_(apex_legends),apex_legends,1.0
wriggle_nightbug,touhou,1.0
wriothesley_(genshin_impact),genshin_impact,1.0
wu_zetian_(fate),fate/grand_order,1.0
wu_zetian_(first_ascension)_(fate),fate/grand_order,1.0
wurmple,pokemon,0.9928
wuxian_(the_legend_of_luo_xiaohei),the_legend_of_luo_xiaohei,1.0
wylder_(elden_ring),elden_ring_nightreign,0.9976
wynn_(yu-gi-oh!),yu-gi-oh!,1.0
wynn_the_wind_charmer,yu-gi-oh!,1.0
x-23,marvel,1.0
x_(mega_man),mega_man_(series),1.0
x_(reverse:1999),reverse:1999,1.0
xander_(aotu_world),aotu_world,1.0
xander_(fire_emblem),fire_emblem,0.9985
xatu,pokemon,0.9973
xavier_(love_and_deepspace),love_and_deepspace,1.0
xavier_olivette,gundam_gquuuuuux,0.9967
xayah,league_of_legends,1.0
xemnas,kingdom_hearts,1.0
xenomorph,alien_(series),0.9649
xenovia_quarta,high_school_dxd,1.0
xerneas,pokemon,1.0
xi_gundam,gundam,1.0
xia_fei,shiguang_dailiren,1.0
xiangli_yao_(wuthering_waves),wuthering_waves,0.9973
xiangling_(genshin_impact),genshin_impact,1.0
xianyun_(genshin_impact),genshin_impact,1.0
xiao_(genshin_impact),genshin_impact,0.9998
xiao_(project_moon),library_of_ruina,1.0
xiao_weiying,shiguang_dailiren,1.0
xiao_wu_(douluo_dalu),douluo_dalu,1.0
xie_lian,tianguan_cifu,1.0
xilonen_(genshin_impact),genshin_impact,0.9979
xingchen,vocaloid,0.9839
xingqiu_(genshin_impact),genshin_impact,0.9995
xinyan_(genshin_impact),genshin_impact,1.0
xion_(kingdom_hearts),kingdom_hearts,1.0
xp-tan,os-tan,0.9942
xu_fu_(fate),fate/grand_order,1.0
xu_fu_(first_ascension)_(fate),fate/grand_order,1.0
xuangzang_sanzang_(fate),fate/grand_order,1.0
xuangzang_sanzang_(third_ascension)_(fate),fate/grand_order,1.0
y'shtola_rhul,final_fantasy_xiv,1.0
yabuki_kana,idolmaster_million_live!,1.0
yadomi_jinta,ano_hi_mita_hana_no_namae_wo_bokutachi_wa_mada_shiranai.,1.0
yae_miko,genshin_impact,0.9998
yae_miko_(fox),genshin_impact,0.9969
yae_sakura,honkai_(series),0.9996
yae_sakura_(goushinnso_memento),honkai_impact_3rd,1.0
yae_sakura_(gyakushinn_miko),honkai_(series),1.0
yaeno_muteki_(umamusume),umamusume,1.0
yagami_hayate,lyrical_nanoha,1.0
yagami_hikari,digimon,1.0
yagami_iori,the_king_of_fighters,0.9948
yagami_kou,new_game!,1.0
yagami_light,death_note,0.9945
yagami_makino,idolmaster_cinderella_girls,1.0
yagami_taichi,digimon,1.0
yagen_toushirou,touken_ranbu,1.0
yagi_toshinori,boku_no_hero_academia,1.0
yagokoro,touhou,1.0
yagokoro_eirin,touhou,0.9999
yagoo,hololive,0.9759
yagyu_(senran_kagura),senran_kagura,0.9984
yahagi_(kancolle),kantai_collection,1.0
yahagi_kai_ni_(kancolle),kantai_collection,1.0
yahata_umiri,bang_dream!_it's_mygo!!!!!,0.9992
yaia_(granblue_fantasy),granblue_fantasy,1.0
yajuu_senpai,manatsu_no_yo_no_inmu,0.9859
yak_(kemono_friends),kemono_friends,1.0
yakishio_lemon,make_heroine_ga_oo_sugiru!,1.0
yakui,futaba_channel,0.9935
yakumo_beni,vspo!,0.9989
yakumo_mitama,mahou_shoujo_madoka_magica,1.0
yakumo_ran,touhou,0.9994
yakumo_ran_(fox),touhou,1.0
yakumo_yukari_(young),touhou,1.0
yakushiji_saaya,precure,0.9985
yamabuki_inori,precure,0.9989
yamabuki_saya,bang_dream!,0.9982
yamada_anna,boku_no_kokoro_no_yabai_yatsu,0.9972
yamada_aoi,working!!,1.0
yamada_elf,eromanga_sensei,1.0
yamada_hifumi,danganronpa_(series),1.0
yamada_ichiro,hypnosis_mic,0.9971
yamada_ryo,bocchi_the_rock!,1.0
yamada_tae,zombie_land_saga,0.9983
yamagami_karuta,nijisanji,1.0
yamagishi_fuuka,persona_3,1.0
yamagishi_yukako,jojo_no_kimyou_na_bouken,1.0
yamagou_ayumi,girls_und_panzer,1.0
yamagumo_(kancolle),kantai_collection,1.0
yamai_kaguya,date_a_live,1.0
yamakaze_(kancolle),kantai_collection,1.0
yamakaze_kai_ni_(kancolle),kantai_collection,1.0
yamamura_sadako,the_ring,0.9893
yamanaka_ino,naruto_(series),0.9983
yamanaka_sawako,k-on!,1.0
yamanami_keisuke_(fate),fate/grand_order,0.9974
yamanbagiri_kunihiro,touken_ranbu,1.0
yamanin_zephyr_(umamusume),umamusume,1.0
yamanouchi_kano,yoru_no_kurage_wa_oyogenai,1.0
yamashiro_(azur_lane),azur_lane,1.0
yamashiro_(kancolle),kantai_collection,1.0
yamashiro_kai_ni_(kancolle),kantai_collection,1.0
yamashiro_takane,touhou,1.0
yamask,pokemon,1.0
yamato-no-kami_yasusada,touken_ranbu,1.0
yamato_(kancolle),kantai_collection,1.0
yamato_(one_piece),one_piece,0.9991
yamato_aki,idolmaster_cinderella_girls,1.0
yamato_kai_ni_(kancolle),kantai_collection,1.0
yamato_maya,bang_dream!,1.0
yamato_suzuran,suigetsu,1.0
yamato_takeru_(fate),fate_(series),1.0
yamawaki_bon_ivar,heaven_burns_red,1.0
yamazaki_sousuke,free!,1.0
yamcha,dragon_ball,1.0
yami_yugi,yu-gi-oh!,1.0
yamin_(cookie),cookie_(touhou),0.9974
yamper,pokemon,1.0
yan_qing_(fate),fate/grand_order,0.9984
yan_vismok,library_of_ruina,1.0
yana_(chihuri),original,1.0
yanami_anna,make_heroine_ga_oo_sugiru!,1.0
yanase_mai,toji_no_miko,1.0
yandere-chan_(ramchi),original,1.0
yanfei_(genshin_impact),genshin_impact,1.0
yang_guifei_(fate),fate_(series),1.0
yang_guifei_(first_ascension)_(fate),fate/grand_order,1.0
yang_guifei_(second_ascension)_(fate),fate_(series),1.0
yang_nari,nijisanji,1.0
yang_xiao_long,rwby,0.9996
yangyang_(wuthering_waves),wuthering_waves,1.0
yanning,honkai_(series),0.9963
yano_erika,shirobako,1.0
yano_kuromu,vspo!,1.0
yanqing_(honkai:_star_rail),honkai:_star_rail,1.0
yao_guang_(honkai:_star_rail),honkai:_star_rail,0.9975
yaotome_urushi,soredemo_ayumu_wa_yosetekuru,1.0
yaoyao_(genshin_impact),genshin_impact,1.0
yaoyorozu_momo,boku_no_hero_academia,0.9986
yarai_miu,dracu-riot!,1.0
yasaka_kanako,touhou,0.9998
yashajin_ai,ryuuou_no_oshigoto!,1.0
yashio_kaito,robotics;notes,1.0
yashio_rui,bang_dream!,1.0
yashiro_(kancolle),kantai_collection,1.0
yashiro_kizuku,nijisanji,1.0
yashiro_nene,jibaku_shounen_hanako-kun,1.0
yasuo_(league_of_legends),league_of_legends,1.0
yatadera_narumi,touhou,1.0
yatagarasu_(tsukumo_sana),hololive_english,1.0
yato_(arknights),arknights,1.0
yatogami_fuma,holostars,1.0
yatogami_tohka,date_a_live,1.0
yatogami_tohka_(spirit),date_a_live,1.0
yawata_maru_(kancolle),kantai_collection,1.0
yayoi_(kancolle),kantai_collection,1.0
yazawa_nico,love_live!_school_idol_project,1.0
ye_shunguang,zenless_zone_zero,0.9949
ye_shunguang_(enlightened_state),zenless_zone_zero,0.9773
ye_shunguang_(touch_of_dawnlight),zenless_zone_zero,0.9939
yelan_(genshin_impact),genshin_impact,1.0
yellow_(among_us),among_us,0.9952
yellow_(pokemon),pokemon_adventures,1.0
yellow_pikmin,pikmin_(series),0.9974
yenisei_(reverse:1999),reverse:1999,0.9813
yesod_(project_moon),project_moon,1.0
yggdrasil_(granblue_fantasy),granblue_fantasy,0.9928
yi_sang_(project_moon),project_moon,0.9994
yidhari_murphy,zenless_zone_zero,0.9989
yin_(darker_than_black),darker_than_black,1.0
yingxing_(honkai:_star_rail),honkai:_star_rail,1.0
yinlin_(wuthering_waves),wuthering_waves,1.0
yixuan_(trails_of_ink)_(zenless_zone_zero),zenless_zone_zero,1.0
yixuan_(zenless_zone_zero),zenless_zone_zero,0.9973
ymir_(shingeki_no_kyojin),shingeki_no_kyojin,1.0
yohane_bonaventura,original,1.0
yoimiya_(genshin_impact),genshin_impact,0.9997
yoisaki_kanade,project_sekai,1.0
yoko_(splatoon),splatoon_(series),1.0
yoko_littner,tengen_toppa_gurren_lagann,1.0
yokoyama_chika,idolmaster_cinderella_girls,1.0
yokoyama_nao,idolmaster_million_live!,1.0
yokune_ruko,utau,0.9976
yomi_(senran_kagura),senran_kagura,1.0
yomiko_readman,read_or_die,1.0
yomotsu_hisami,touhou,1.0
yonaga_angie,danganronpa_v3:_killing_harmony,1.0
yoneme_mei,love_live!_superstar!!,1.0
yonezawa_natsumi,yuusha_to_maou,1.0
yonomori_kobeni,mikakunin_de_shinkoukei,1.0
yoo_joonghyuk,omniscient_reader's_viewpoint,0.9994
yor_briar,spy_x_family,1.0
yorda,ico,1.0
yorick_(shiori_novella),hololive_english,0.999
yorigami_jo'on,touhou,0.9986
yorigami_shion,touhou,1.0
yorita_yoshino,idolmaster_cinderella_girls,1.0
yorktown_(azur_lane),azur_lane,1.0
yoroizuka_mizore,hibike!_euphonium,1.0
yoru_(chainsaw_man),chainsaw_man,1.0
yorumi_rena,nijisanji,0.9992
yoshi,mario_(series),1.0
yoshida_hirofumi,chainsaw_man,1.0
yoshida_kazumi,shakugan_no_shana,1.0
yoshida_masaki,watashi_ga_motenai_no_wa_dou_kangaetemo_omaera_ga_warui!,1.0
yoshida_ryouko,machikado_mazoku,1.0
yoshida_yuuko,machikado_mazoku,1.0
yoshikawa_chinatsu,yuruyuri,1.0
yoshikawa_yuuko,hibike!_euphonium,1.0
yoshimi_(band)_(blue_archive),blue_archive,1.0
yoshimi_(blue_archive),blue_archive,0.9996
yoshimi_(halloween)_(blue_archive),blue_archive,1.0
yoshimoto_shizuka,kimi_no_koto_ga_dai_dai_dai_dai_daisuki_na_100-nin_no_kanojo,0.9965
yoshimura_thi_mai,assault_lily,1.0
yoshino_chidori,persona,1.0
yoshinon,date_a_live,1.0
yoshizawa_kasumi,persona_5,1.0
yotsuba_alice,dokidoki!_precure,1.0
yotsuya_miko,mieruko-chan,1.0
yotsuyu_goe_brutus,final_fantasy_xiv,1.0
youko_(girls_und_panzer),girls_und_panzer,1.0
young_link,the_legend_of_zelda,1.0
young_zelda,the_legend_of_zelda,1.0
youngster_(pokemon),pokemon,1.0
yowai_totoko,osomatsu_(series),1.0
yowane_haku,vocaloid,1.0
yozakura_(senran_kagura),senran_kagura,1.0
yozora_mel,hololive,0.9991
yozora_mel_(2nd_costume),hololive,1.0
yu_(arknights),arknights,0.9956
yu_mei-ren_(fate),fate_(series),1.0
yu_mei-ren_(first_ascension)_(fate),fate/grand_order,1.0
yu_mei-ren_(second_ascension)_(fate),fate/grand_order,1.0
yu_mei-ren_(swimsuit_lancer)_(fate),fate/grand_order,1.0
yu_mei-ren_(third_ascension)_(fate),fate_(series),1.0
yua_serufu,do_it_yourself!!,1.0
yubel,yu-gi-oh!,1.0
yue_(chinese_wife_diary),chuugoku_yome_nikki,1.0
yuegui_(genshin_impact),genshin_impact,1.0
yuel_(granblue_fantasy),granblue_fantasy,1.0
yuezheng_ling,vocaloid,0.9967
yuffie_kisaragi,final_fantasy,0.9989
yugiri_tsuzuri,link!_like!_love_live!,0.9998
yui_(angel_beats!),angel_beats!,1.0
yui_(ceremonial)_(princess_connect!),princess_connect!,1.0
yui_(princess_connect!),princess_connect!,1.0
yui_(sao),sword_art_online,1.0
yui_(sao-alo),sword_art_online,1.0
yui_shousetsu_(fate),fate_(series),1.0
yui_tsuruno,mahou_shoujo_madoka_magica,1.0
yuigahama_yui,yahari_ore_no_seishun_lovecome_wa_machigatteiru.,1.0
yuigahama_yui's_mother,yahari_ore_no_seishun_lovecome_wa_machigatteiru.,1.0
yuiman_asama,touhou,0.9956
yuisis_(granblue_fantasy),granblue_fantasy,1.0
yuitsuka_inori,medalist_(manga),0.998
yukari_(blue_archive),blue_archive,0.999
yuki_(touhou),touhou_(pc-98),1.0
yuki_aine,aikatsu!_(series),1.0
yuki_judai,yu-gi-oh!,1.0
yuki_miku,vocaloid,0.9998
yuki_miku_(2011),vocaloid,1.0
yuki_miku_(2013),vocaloid,1.0
yuki_miku_(2014),vocaloid,1.0
yuki_miku_(2015),vocaloid,1.0
yuki_miku_(2017),vocaloid,1.0
yuki_miku_(2018),vocaloid,1.0
yuki_miku_(2019),vocaloid,1.0
yuki_miku_(2021),vocaloid,1.0
yuki_miku_(2022),vocaloid,1.0
yuki_setsuna,love_live!_nijigasaki_high_school_idol_club,1.0
yukihana_lamy,hololive,0.999
yukihana_lamy_(1st_costume),hololive,1.0
yukihana_lamy_(casual),hololive,1.0
yukihana_lamy_(roomwear),hololive,1.0
yukihira_souma,shokugeki_no_souma,1.0
yukikaze_(azur_lane),azur_lane,0.9975
yukikaze_(kancolle),kantai_collection,0.9996
yukikaze_kai_ni_(kancolle),kantai_collection,1.0
yukikaze_panettone,dog_days,1.0
yukimin_(yukihana_lamy),hololive,0.9983
yukimura_aoi,yama_no_susume,1.0
yukine_chris,senki_zesshou_symphogear,1.0
yukino_(blue_archive),blue_archive,0.9978
yukino_bijin_(umamusume),umamusume,1.0
yukinoshita_yukino,yahari_ore_no_seishun_lovecome_wa_machigatteiru.,0.9985
yukishiro_honoka,precure,1.0
yukizome_chisa,danganronpa_(series),0.9964
yukoku_kiriko,idolmaster_shiny_colors,1.0
yukoku_roberu,holostars,1.0
yukong_(honkai:_star_rail),honkai:_star_rail,1.0
yuma_kokohead,master_detective_archives:_rain_code,1.0
yume_(blue_archive),blue_archive,1.0
yumehara_nozomi,precure,0.9992
yumekawa_yui,pretty_series,1.0
yumeko_(touhou),touhou,1.0
yumemi_riamu,idolmaster,0.9993
yumemizuki_mizuki,genshin_impact,0.998
yumeno_himiko,danganronpa_(series),0.9989
yumeoi_kakeru,nijisanji,1.0
yumi_(senran_kagura),senran_kagura,0.9995
yumia_liessfeldt,atelier_yumia,1.0
yumizuka_satsuki,tsukihime,0.9987
yun_jin_(genshin_impact),genshin_impact,1.0
yuna_(ff10),final_fantasy,0.9992
yunaka_(fire_emblem),fire_emblem_engage,1.0
yune_(fire_emblem),fire_emblem,1.0
yuni_(precure),precure,1.0
yuni_(princess_connect!),princess_connect!,1.0
yunli_(honkai:_star_rail),honkai:_star_rail,1.0
yuno_(hidamari_sketch),hidamari_sketch,1.0
yunomiya_agari,original,1.0
yunyun_(konosuba),kono_subarashii_sekai_ni_shukufuku_wo!,0.9994
yura_(kancolle),kantai_collection,1.0
yura_kai_ni_(kancolle),kantai_collection,1.0
yuri_(dirty_pair),dirty_pair,1.0
yuri_(doki_doki_literature_club),doki_doki_literature_club,0.9987
yuri_(project_moon),project_moon,0.9974
yuri_briar,spy_x_family,0.995
yuri_leclerc,fire_emblem:_three_houses,1.0
yuri_lowell,tales_of_(series),1.0
yuri_petrov,tiger_&_bunny,1.0
yuri_plisetsky,yuri!!!_on_ice,1.0
yuri_sakazaki,ryuuko_no_ken,0.9702
yusa_(angel_beats!),angel_beats!,0.997
yusa_emi,hataraku_maou-sama!,1.0
yusa_kozue,idolmaster_cinderella_girls,1.0
yutane_johiel,zenless_zone_zero,1.0
yuu_(twisted_wonderland),twisted_wonderland,1.0
yuubari_(kancolle),kantai_collection,1.0
yuubari_kai_ni_(kancolle),kantai_collection,1.0
yuudachi_(azur_lane),azur_lane,1.0
yuudachi_(kancolle),kantai_collection,1.0
yuudachi_kai_ni_(kancolle),kantai_collection,1.0
yuudachi_kai_ni_(swimsuit)_(kancolle),kantai_collection,1.0
yuugenmagan,touhou,1.0
yuugiri_(zombie_land_saga),zombie_land_saga,1.0
yuugumo_(kancolle),kantai_collection,1.0
yuugumo_kai_ni_(kancolle),kantai_collection,1.0
yuuhi_(cookie),cookie_(touhou),1.0
yuuhi_riri,nijisanji,1.0
yuuka_(blue_archive),blue_archive,0.9994
yuuka_(pajamas)_(blue_archive),blue_archive,1.0
yuuka_(track)_(blue_archive),blue_archive,0.9995
yuuki_(princess_connect!),princess_connect!,0.9991
yuuki_(sao),sword_art_online,1.0
yuuki_chihiro,nijisanji,1.0
yuuki_haru,idolmaster_cinderella_girls,0.9994
yuuki_makoto_(ensemble_stars!),ensemble_stars!,0.9965
yuuki_makoto_(persona_3),persona,0.999
yuuki_mikan,to_love-ru,0.9961
yuuki_rito,to_love-ru,1.0
yuuki_sakuna,indie_virtual_youtuber,0.9966
yuuki_sakuna_(1st_costume),indie_virtual_youtuber,0.9975
yuuki_yuuna,yuusha_de_aru,1.0
yuunagi_tsubasa,precure,1.0
yuuno_scrya,lyrical_nanoha,1.0
yuuri_(shoujo_shuumatsu_ryokou),shoujo_shuumatsu_ryokou,0.9969
yuutenji_nyamu,bang_dream!,0.9988
yuyaki_(senran_kagura),senran_kagura,1.0
yuzu_(blue_archive),blue_archive,0.9995
yuzu_(maid)_(blue_archive),blue_archive,0.9986
yuzuha_riko,stellive,1.0
yuzuhara_konomi,to_heart_(series),1.0
yuzuki_choco,hololive,0.9992
yuzuki_choco_(1st_costume),hololive,1.0
yuzuki_roa,nijisanji,1.0
yuzuki_yukari,voiceroid,1.0
yuzuki_yukari_(shizuku),a.i._voice,0.9981
yuzuriha_(jigokuraku),jigokuraku,1.0
yuzuriha_(under_night_in-birth),under_night_in-birth,1.0
yuzuriha_inori,guilty_crown,0.999
yveltal,pokemon,1.0
yvonne_(arknights),arknights,0.9849
z1_leberecht_maass_(kancolle),kantai_collection,0.9991
z1_leberecht_maass_(swimsuit)_(kancolle),kantai_collection,1.0
z23_(azur_lane),azur_lane,1.0
z3_max_schultz_(kancolle),kantai_collection,0.9994
z3_max_schultz_(swimsuit)_(kancolle),kantai_collection,1.0
z46_(azur_lane),azur_lane,1.0
zabaniyya_(housamo),tokyo_afterschool_summoners,1.0
zacian,pokemon,1.0
zack_fair,final_fantasy,0.9976
zafira,lyrical_nanoha,1.0
zagreus_(hades),hades_(series),1.0
zain_(omaru_polka),hololive,0.9894
zaizen_aoi,yu-gi-oh!,1.0
zaizen_tokiko,idolmaster_cinderella_girls,1.0
zaku_ii,gundam,0.9973
zaku_ii_s_char_custom,gundam,1.0
zakuro_(rariatto),noss_&_zakuro,1.0
zamasu,dragon_ball,1.0
zange,kannagi,1.0
zangief,street_fighter,0.9971
zangoose,pokemon,1.0
zangyaku-san,ano_ko_wa_toshi_densetsu,1.0
zani_(wuthering_waves),wuthering_waves,0.9991
zapdos,pokemon,0.9976
zapstring_(wuthering_waves),wuthering_waves,1.0
zara_(azur_lane),azur_lane,1.0
zara_(kancolle),kantai_collection,1.0
zara_(poolside_coincidence)_(azur_lane),azur_lane,1.0
zara_due_(kancolle),kantai_collection,1.0
zaraki_kenpachi,bleach,1.0
zarya_(overwatch),overwatch,0.9972
zas_m21_(girls'_frontline),girls'_frontline,1.0
zayne_(love_and_deepspace),love_and_deepspace,1.0
zdrada_(helltaker),helltaker,1.0
zebstrika,pokemon,1.0
zeke_von_genbu_(xenoblade),xenoblade_chronicles_(series),1.0
zekrom,pokemon,1.0
zelos_wilder,tales_of_symphonia,1.0
zen'in_maki,jujutsu_kaisen,0.9983
zen'in_maki_(post_shibuya),jujutsu_kaisen,0.9983
zenno_rob_roy_(umamusume),umamusume,1.0
zenobia_(fate),fate/grand_order,0.998
zenos_yae_galvus,final_fantasy_xiv,1.0
zentreya,vshojo,0.6963
zentreya_(cyborg),vshojo,0.7937
zentreya_(dragon),vshojo,0.6488
zeraora,pokemon,0.9978
zero(z)_(mega_man),mega_man_zero_(series),1.0
zero_(code_geass),code_geass,1.0
zero_(drag-on_dragoon),drag-on_dragoon_3,1.0
zero_(mega_man),mega_man_(series),1.0
zero_two_(darling_in_the_franxx),darling_in_the_franxx,1.0
zero_two_(kirby),kirby_(series),1.0
zero_two_(young)_(darling_in_the_franxx),darling_in_the_franxx,1.0
zessica_wong,aquarion_(series),1.0
zeta_(granblue_fantasy),granblue_fantasy,1.0
zeta_(summer)_(granblue_fantasy),granblue_fantasy,1.0
zeta_gundam_(mobile_suit),gundam,1.0
zhao_(zenless_zone_zero),zenless_zone_zero,0.9944
zhezhi_(wuthering_waves),wuthering_waves,1.0
zhong_lanzhu,love_live!_nijigasaki_high_school_idol_club,1.0
zhongli_(archon)_(genshin_impact),genshin_impact,1.0
zhongli_(genshin_impact),genshin_impact,1.0
zhu_bajie,journey_to_the_west,1.0
zhu_yuan,zenless_zone_zero,1.0
zhuge_kongming_(honkai_impact),honkai_impact_3rd,0.9948
zhuge_yuan,dao_gui_yi_xian,1.0
zibai_(genshin_impact),genshin_impact,0.988
ziche_fuzhao,touqi_guaitan,0.9984
zidane_tribal,final_fantasy,1.0
zigzagoon,pokemon,1.0
zima_(arknights),arknights,0.9987
zinnia_(pokemon),pokemon,1.0
zoe_(league_of_legends),league_of_legends,0.9954
zoey_(kpop_demon_hunters),kpop_demon_hunters,1.0
zombie_fairy_(touhou),touhou,1.0
zooey_(granblue_fantasy),granblue_fantasy,1.0
zooey_(summer)_(granblue_fantasy),granblue_fantasy,1.0
zoroark,pokemon,0.9972
zorua,pokemon,0.9981
zoya_(path_to_nowhere),path_to_nowhere,1.0
zoya_petrovna_vecheslova,original,1.0
zubat,pokemon,1.0
zuifeng_tenkai,len'en,1.0
zuihou_(kancolle),kantai_collection,0.9995
zuikaku_(azur_lane),azur_lane,1.0
zuikaku_(kancolle),kantai_collection,0.9997
zuikaku_kai_(kancolle),kantai_collection,1.0
zuikaku_kai_ni_(kancolle),kantai_collection,1.0
zun,touhou,0.9379
zundamon,voicevox,0.9373
zuo_le_(arknights),arknights,1.0
zygarde,pokemon,1.0
zz_gundam,gundam,0.9921
