# tag,kind -- 细分分类（大类/子类），未列出 = 未分类；改规则请改 _dev_tests/_gen_tag_kind.py 重跑
10_breasts,person/body
10_legs,person/body
12_breasts,person/body
18+_adults_only_sign,person/count
180_penis,sex/body
1920s_(style),style/medium
1930s_(style),style/medium
1950s_(style),style/medium
1960s_(style),style/medium
1970s_(style),style/medium
1978_rainbow_pride_colors,scene/sky
1990s_(style),style/medium
1_arm,person/body
1_eye,person/eyes
1_finger,person/body
1_finger_fingering,person/body
1_toe,person/body
1boy,person/count
1boy_1girl,person/count
1cuntboy,sex/body
1futa,sex/body
1girl,person/count
2000s_(style),style/medium
20mm_grenade,object/weapon
20x30mm_grenade,object/weapon
2_faces,person/body
2_finger_fingering,person/body
2_fingers,person/body
2_heads,person/body
2_mouths,person/body
2_penis_bulge,sex/body
2_sheaths,object/weapon
2_toes,person/body
2_tongues,person/body
2_vulvas,sex/body
2b_(nier:automata)_(cosplay),style/medium
2boys,person/count
2futa,sex/body
2girls,person/count
2wink_(ensemble_stars!),expression/face
365_days_(love_live!),scene/sky
3_arms,person/body
3_balls,object/toy
3_breasts,person/body
3_eyes,person/eyes
3_fingers,person/body
3_heads,person/body
3_legs,person/body
3_mouths,person/body
3_toes,person/body
3_vulvas,sex/body
3boys,person/count
3d_background,scene/background
3d_glasses,clothing/accessory
3futa,sex/body
3girls,person/count
404_(girls'_frontline),person/count
404_logo_(girls'_frontline),style/quality
40mm_grenade,object/weapon
416_day,scene/sky
4_arms,person/body
4_balls,object/toy
4_breasts,person/body
4_ears,person/body
4_eyes,person/eyes
4_finger_heart_hands,expression/action
4_fingers,person/body
4_fingers_heart_hands,expression/action
4_hands,person/body
4_heads,person/body
4_legs,person/body
4_toes,person/body
4boys,person/count
4futa,sex/body
4girls,person/count
500_dollar_four_foot_tall_mareep_(meme),person/body
5_eyes,person/eyes
5_fingers,person/body
5_heads,person/body
5_string_bass_guitar,expression/action
5_toes,person/body
5boys,person/count
5girls,person/count
6+boys,person/count
6+girls,person/count
69_breast_suck,person/body
6_arms,person/body
6_breasts,person/body
6_ears,person/body
6_eyes,person/eyes
6_fingers,person/body
6_hands,person/body
6_heads,person/body
6_legs,person/body
6_toes,person/body
7_eyes,person/eyes
7_heads,person/body
7_string_guitar,expression/action
80s_clothing,clothing/other
80s_hair,person/hair
8_arms,person/body
8_ball,object/toy
8_breasts,person/body
8_eyes,person/eyes
8_legs,person/body
9s_(nier:automata)_(cosplay),style/medium
=_hair_ornament,clothing/head
?_face,person/body
_breasts,person/body
_eyes,person/eyes
a2_(nier:automata)_(cosplay),style/medium
a_certain_high_school_gym_uniform,clothing/whole
a_certain_high_school_uniform,clothing/whole
a_flat_chest_is_a_status_symbol,person/body
a_katakana_sign_(sarazanmai),object/tool
a_line_dress,clothing/whole
a_pose,expression/pose
aardwolf_ears,person/body
abdominal_scar,person/body
abdominal_tattoo,person/body
abigail_williams_(fate)_(cosplay),style/medium
abigail_williams_(swimsuit),clothing/whole
ability_card_(touhou),object/tool
above_cleavage_cutout,person/body
above_clouds,scene/sky
abs,person/body
abs_cutout,person/body
abs_peek,person/body
absolute_cinema_(meme),scene/indoor
abstract_background,scene/background
absurdly_detailed_composition,camera/framing
absurdly_fat_mons,person/body
absurdly_long_hair,person/hair
abydos_high_school_logo,style/quality
abydos_high_school_swimsuit,clothing/whole
abyssal_hunters_logo,style/quality
academy_city,scene/outdoor
accelerator_(toaru_majutsu_no_index)_(cosplay),style/medium
accelerator_family,person/count
accidental_bestiality,sex/act
accidental_penetration,sex/act
accidental_sex,sex/act
ace_(playing_card),expression/action
ace_trainer_(pokemon)_(cosplay),style/medium
achiga_school_uniform,clothing/whole
acid_armor,clothing/accessory
acorn_(palico_armor),clothing/accessory
acorn_hair_ornament,clothing/head
acorn_pendant,clothing/accessory
acoustic_guitar,expression/action
across_the_stars,scene/sky
across_the_stars_(idolmaster),scene/sky
action_figure,person/count
action_pose,expression/pose
ada_wong_(cosplay),style/medium
adam's_apple,object/food
adam_(ensemble_stars!),scene/sky
adapted_costume,clothing/whole
adapted_uniform,clothing/whole
adapted_weapon,object/weapon
adaptive_combat_rifle,object/weapon
adhesive_bandage,clothing/accessory
adhesive_bra,clothing/top
adjustable_wrench,object/tool
adjusting_another's_clothes,clothing/other
adjusting_another's_hair,person/hair
adjusting_apron,clothing/whole
adjusting_belt,clothing/accessory
adjusting_bow,clothing/head
adjusting_bowtie,clothing/accessory
adjusting_bra,clothing/top
adjusting_clothes,clothing/other
adjusting_clothing,clothing/other
adjusting_collar,clothing/accessory
adjusting_dress,clothing/whole
adjusting_earrings,clothing/accessory
adjusting_eyepatch,clothing/accessory
adjusting_footwear,clothing/footwear
adjusting_glasses,clothing/accessory
adjusting_gloves,clothing/accessory
adjusting_goggles,clothing/accessory
adjusting_hair,person/hair
adjusting_hair_ornament,clothing/head
adjusting_hat,clothing/head
adjusting_headphones,object/tool
adjusting_headwear,clothing/head
adjusting_hood,clothing/head
adjusting_legwear,clothing/legwear
adjusting_leotard,clothing/whole
adjusting_mask,clothing/head
adjusting_neck_ribbon,clothing/head
adjusting_neckerchief,clothing/accessory
adjusting_necktie,clothing/accessory
adjusting_scarf,clothing/accessory
adjusting_shirt,clothing/top
adjusting_shorts,clothing/bottom
adjusting_skirt,clothing/bottom
adjusting_swimsuit,clothing/whole
admiral_(kancolle)_(cosplay),style/medium
admiring_penis,sex/body
adolescent_on_child,person/count
adonis_(flower),scene/nature
adoption_box,object/tool
adoptive_parent_and_adoptive_child,person/count
adoptive_siblings,person/count
adrian_helmet,clothing/head
adult_baby,person/count
adult_blowing_young,person/count
adult_focus,camera/framing
adult_on_adolescent,person/count
adult_on_adult,person/count
adult_on_baby,person/count
adult_on_child,person/count
adult_on_toddler,person/count
adult_on_young,person/count
adult_rimming_young,person/count
advanced_nurturing_high_school_uniform,clothing/whole
aegis_(persona)_(cosplay),style/medium
aegis_sword_(xenoblade),object/weapon
aerial_fireworks,object/toy
aerith_gainsborough_(cosplay),style/medium
aether_(genshin_impact)_(cosplay),style/medium
aether_foundation_employee_(cosplay),style/medium
aether_foundation_uniform,clothing/whole
afloat_leaves,scene/nature
afnet_(clothing),clothing/other
african_clothes,clothing/other
after_anal,sex/body
after_anal_masturbation,sex/act
after_anal_orgasm,sex/act
after_anal_penetration,sex/act
after_cum_kiss,sex/act
after_cunnilingus,sex/act
after_eating,expression/action
after_ejaculation,sex/act
after_fellatio,sex/act
after_frame_focus,camera/framing
after_handjob,sex/act
after_insertion,sex/act
after_masturbation,sex/act
after_oral,sex/act
after_oral_penetration,sex/act
after_orgasm,sex/act
after_orgasm_torture,sex/act
after_penetration,sex/act
after_rain,scene/sky
after_rape,sex/act
after_school_sweets_club_(blue_archive),scene/indoor
after_sex,sex/act
after_sex_sleeping,sex/act
after_sex_smoking,sex/act
after_the_rain,scene/sky
after_vaginal_masturbation,sex/act
after_vaginal_penetration,sex/act
afterschool_school_idol_(love_live!),scene/indoor
against_bar_counter,scene/indoor
against_bed,object/other
against_bookshelf,object/other
against_chair,object/other
against_desk,object/other
against_door,scene/outdoor
against_fence,scene/outdoor
against_fourth_wall,scene/outdoor
against_glass,object/food
against_mirror,object/tool
against_rock,scene/nature
against_screen,object/tool
against_table,object/other
against_tree,scene/nature
against_wall,scene/outdoor
agatha_chris_q_outfit_(touhou),clothing/whole
aggressive_ejaculation,sex/act
agnes_digital_(umamusume)_(cosplay),style/medium
agnes_tachyon_(umamusume)_(cosplay),style/medium
agumon_(cosplay),style/medium
ahegao,sex/act
ahnenerbe_shop_uniform,clothing/whole
ahoge,person/hair
ahoge_grab,person/hair
ahoge_removed,person/hair
ahoge_wag,person/hair
ahri_(league_of_legends)_(cosplay),style/medium
ai_drawing_anime_characters_eating_ramen_(meme),style/medium
aihara_academy_school_uniform,clothing/whole
aiming_gun,object/weapon
aiming_weapon,object/weapon
ainu_clothes,clothing/other
ainu_clothing,clothing/other
air_doggystyle,sex/act
air_from_mouth,person/body
air_guitar,expression/action
air_hockey_table,object/other
air_valve_navel,person/body
airborne_clothing,clothing/other
airborne_leaf,scene/nature
airburst_grenade_launcher,object/weapon
airplane_arms,person/body
airplane_ears,person/body
airplane_hair_ornament,clothing/head
airport,scene/outdoor
akademeia_uniform,clothing/whole
akademiya_uniform,clothing/whole
akagi_(azur_lane)_(cosplay),style/medium
akagi_(kancolle)_(cosplay),style/medium
akagi_ritsuko_(cosplay),style/medium
akali_(cosplay),style/medium
akari_(pokemon)_(cosplay),style/medium
akatsuki_(kancolle)_(cosplay),style/medium
akatsuki_uniform,clothing/whole
akebono_(kancolle)_(cosplay),style/medium
akemi_homura_(cosplay),style/medium
akg_k_series_headphones,object/tool
aki_minoriko_(cosplay),style/medium
aki_sandwich_(meme),object/food
aki_shizuha_(cosplay),style/medium
akiman_pose,expression/pose
akira_movie_poster,object/tool
akiyama_mio_(cosplay),style/medium
akiyama_rinko_(cosplay),style/medium
akizuki_(kancolle)_(cosplay),style/medium
ako_(blue_archive)_(cosplay),style/medium
akuma_homura_(cosplay),style/medium
alarm_clock,object/tool
alatreon_(armor),clothing/accessory
albedo_(overlord)_(cosplay),style/medium
alcina_dimitrescu_(cosplay),style/medium
alcohol_bottle,object/food
alexander_anderson's_pose,expression/pose
alice_(alice_in_wonderland)_(cosplay),style/medium
alice_margatroid_(cosplay),style/medium
alien_planet,scene/sky
aligned_feet,person/body
alisa_ilinichina_amiella_(cosplay),style/medium
allen_wrench,object/tool
alley,scene/outdoor
alley_sex,sex/act
allium_(flower),scene/nature
almost_nude,sex/act
aloe_(plant),scene/nature
aloha_shirt,clothing/top
alpaca_ears,person/body
alpaca_girl,person/count
alpaca_hair_ornament,clothing/head
alpha_omega_(cosplay),style/medium
alpha_signature,style/quality
alphabet_blocks,object/toy
alphes_(style),style/medium
alstroemeria_(flower),scene/nature
altera_(fate)_(cosplay),style/medium
alternate_animal_ears,person/body
alternate_art_style,style/medium
alternate_ass_size,person/body
alternate_body_hair,person/hair
alternate_breast_size_(larger),person/body
alternate_breast_size_(smaller),person/body
alternate_color_school_swimsuit,clothing/whole
alternate_costume,clothing/whole
alternate_ears,person/body
alternate_eye_color,person/eyes
alternate_eyebrows,person/eyes
alternate_facial_hair,person/hair
alternate_footwear,clothing/footwear
alternate_hair_color,person/hair
alternate_hair_length,person/hair
alternate_hair_length_(longer),person/hair
alternate_hair_length_(shorter),person/hair
alternate_hair_ornament,clothing/head
alternate_headwear,clothing/head
alternate_headwear_color,clothing/head
alternate_kanji_reading,expression/action
alternate_legwear,clothing/legwear
alternate_muscle_size,person/body
alternate_rainbow_pride_colors,scene/sky
alternate_scar,person/body
alternate_skin_color,person/body
alternate_skirt_length,clothing/bottom
alternate_tattoo,person/body
alternate_uniform,clothing/whole
alternate_weapon,object/weapon
alternating_focus,camera/framing
although_she_hurriedly_put_on_clothes_(meme),clothing/other
altyn_helmet,clothing/head
aluminum_can,object/food
alvis_uniform,clothing/whole
alzano_school_uniform,clothing/whole
ama_usa_an_uniform,clothing/whole
amagi_yukiko_(cosplay),style/medium
amamiya_ren_(cosplay),style/medium
amane_kanata_(cosplay),style/medium
amano_yoshitaka_(style),style/medium
amanogawa_high_school_uniform,clothing/whole
amaryllis_(flower),scene/nature
amate_yuzuriha_(cosplay),style/medium
amatsukaze_(kancolle)_(cosplay),style/medium
amazake_(drink),object/food
amazigh_clothes,clothing/other
amazing_background,scene/background
amber_(genshin_impact)_(cosplay),style/medium
amber_eyes,person/eyes
amber_sclera,person/eyes
ambient_figure,person/count
ambiguous_fingering_female,person/count
ambiguous_fingering_male,person/count
ambiguous_focus,camera/framing
ambiguous_human,person/count
ambiguous_humanoid,person/count
ambiguous_on_human,person/count
ambiguous_on_humanoid,person/count
ambiguous_oral,sex/act
ambiguous_penetrating_female,person/count
ambiguous_penetrating_male,person/count
ambiguous_penetration,sex/act
ambiguous_pov,camera/angle
ambiguous_rimming_female,person/count
ambiguous_rimming_male,person/count
ambiguous_text,style/quality
ame_chan_(needy_girl_overdose)_(cosplay),style/medium
ame_no_kisaki_academy_school_uniform,clothing/whole
amen_pose_(meme),expression/pose
american_flag,object/tool
american_flag_background,scene/background
american_flag_bikini,clothing/whole
american_flag_clothing,clothing/other
american_flag_dress,clothing/whole
american_flag_legwear,clothing/legwear
american_flag_neckwear,object/tool
american_flag_panties,object/tool
american_flag_pants,clothing/bottom
american_flag_print,object/tool
american_flag_shirt,clothing/top
american_flag_skirt,clothing/bottom
american_flag_swimsuit,clothing/whole
american_flag_tattoo,person/body
american_football_helmet,clothing/head
american_football_uniform,clothing/whole
american_school_uniform,clothing/whole
amestris_military_uniform,clothing/whole
amethyst_necklace,clothing/accessory
amiibo_card,object/tool
amiya_(arknights)_(cosplay),style/medium
ammo_belt,clothing/accessory
ammo_box,object/tool
ammunition_backpack,clothing/accessory
ammunition_belt,clothing/accessory
ammunition_box,object/tool
ammunition_focus,camera/framing
ammunition_pouch,clothing/accessory
among_us_eyes_(meme),person/eyes
amos'_bow_(genshin_impact),clothing/head
amputated_leg,person/body
amputated_legs,person/body
amusement_park,scene/outdoor
amy_rose_(cosplay),style/medium
anal,sex/body
anal_access,sex/body
anal_ball_wear,sex/body
anal_bead_pull,sex/body
anal_beads,sex/body
anal_beads_in_ass,sex/body
anal_beads_in_mouth,sex/body
anal_beads_in_pussy,sex/body
anal_beads_in_urethra,sex/body
anal_beads_in_vagina,sex/body
anal_birth,sex/body
anal_bone_disposal,sex/body
anal_canal,sex/body
anal_cross_section,sex/body
anal_destruction,sex/body
anal_egg_insertion,sex/act
anal_fingering,sex/body
anal_fisting,sex/body
anal_fluid,sex/body
anal_fluids,sex/body
anal_fluids_on_food,sex/body
anal_fluids_on_object,sex/body
anal_foot_gulp,sex/body
anal_full_nelson,sex/body
anal_glands,sex/body
anal_grip,sex/body
anal_hair,sex/body
anal_hand_gulp,sex/body
anal_head_gulp,sex/body
anal_hook,sex/body
anal_impalement,sex/body
anal_impregnation,sex/body
anal_inflation,sex/body
anal_invitation,sex/body
anal_juice_drip,sex/body
anal_juice_on_body,sex/body
anal_juice_on_butt,sex/body
anal_juice_on_dildo,sex/body
anal_juice_on_finger,sex/body
anal_juice_on_hand,sex/body
anal_juice_on_penis,sex/body
anal_juice_on_sex_toy,sex/act
anal_juice_splatter,sex/body
anal_juice_string,sex/body
anal_kiss,sex/body
anal_kiss_mark,sex/body
anal_knot_fucking,sex/body
anal_knotting,sex/body
anal_lips,sex/body
anal_masturbation,sex/act
anal_musk,sex/body
anal_object_insertion,sex/act
anal_only,sex/body
anal_orgasm,sex/act
anal_oviposition,sex/body
anal_penetration,sex/act
anal_piercing,sex/body
anal_pregnancy,sex/body
anal_prodding,sex/body
anal_prolapse,sex/body
anal_pull_out,sex/body
anal_request,sex/body
anal_ring,clothing/accessory
anal_sheath,sex/body
anal_squirt,sex/body
anal_squirting,sex/body
anal_storage,sex/body
anal_tail,sex/body
anal_threading,sex/body
anal_threesome,sex/body
anal_toy,sex/body
anal_training,sex/body
anal_tube,sex/body
anal_tugging,sex/body
anal_uterus,sex/body
anal_vaginal_orgasm,sex/act
anal_vore,sex/body
anal_wink,sex/body
analog_clock,object/tool
anamniotic_egg,object/food
anatid_penis,sex/body
anatomically_correct_anus,sex/body
anatomically_correct_balls,object/toy
anatomically_correct_penis,sex/body
anatomically_correct_pussy,sex/body
anatomically_correct_vulva,sex/body
anchor_choker,clothing/accessory
anchor_earrings,clothing/accessory
anchor_hair_ornament,clothing/head
anchor_hat_ornament,clothing/head
anchor_necklace,clothing/accessory
anchor_tattoo,person/body
anchovy_(girls_und_panzer)_(cosplay),style/medium
ancient_dragon_(elden_ring),clothing/accessory
ancient_egyptian_clothes,clothing/other
ancient_egyptian_hat,clothing/head
ancient_greek_clothes,clothing/other
ancillary_head,person/body
android_18_(cosplay),style/medium
andromorph/female,person/count
andromorph/male,person/count
andromorph_focus,camera/framing
andromorph_humanoid,person/count
andromorph_lactation,sex/act
andromorph_on_human,person/count
andromorph_penetrating_male,person/count
anemone_(flower),scene/nature
angel's_24_uniform_(blue_archive),clothing/whole
angel's_swimsuit_(idolmaster),clothing/whole
angel_(kof)_(cosplay),style/medium
angel_boy,person/count
angel_costume,clothing/whole
angel_day,scene/sky
angel_girl,person/count
angel_island,scene/nature
angel_leotard,clothing/whole
angel_wing_uniform,clothing/whole
angela_balzac_(cosplay),style/medium
angewomon_(cosplay),style/medium
angle,camera/angle
angle_view,camera/angle
anglerfish_boy,person/count
anglerfish_costume,clothing/whole
anglerfish_girl,person/count
angry,expression/face
angry_dog_noises_(meme),expression/face
angry_eyebrows,expression/face
angry_kiss,expression/face
animal_arms,person/body
animal_around_neck,person/body
animal_background,scene/background
animal_bag,clothing/accessory
animal_balloon,object/toy
animal_between_breasts,person/body
animal_collar,clothing/accessory
animal_costume,clothing/whole
animal_couple,person/count
animal_crossing_(style),style/medium
animal_dildo,sex/gear
animal_ear_balloon,person/body
animal_ear_fluff,person/body
animal_ear_footwear,clothing/footwear
animal_ear_hairband,clothing/head
animal_ear_headband,clothing/head
animal_ear_headphones,person/body
animal_ear_headwear,clothing/head
animal_ear_helmet,clothing/head
animal_ear_hood,clothing/head
animal_ear_legwear,clothing/legwear
animal_ear_piercing,person/body
animal_earrings,clothing/accessory
animal_ears,person/body
animal_ears_helmet,clothing/head
animal_feet,person/body
animal_focus,camera/framing
animal_genitalia_on_humanoid,person/count
animal_hair,person/hair
animal_hair_ornament,clothing/head
animal_hairband,clothing/head
animal_hands,person/body
animal_hat,clothing/head
animal_helmet,clothing/head
animal_hood,clothing/head
animal_hoodie,clothing/top
animal_hug,expression/action
animal_in_clothes,clothing/other
animal_in_mouth,person/body
animal_insertion,sex/act
animal_legs,person/body
animal_mask,clothing/head
animal_nose,person/body
animal_on_arm,person/body
animal_on_ass,person/body
animal_on_back,person/body
animal_on_chest,person/body
animal_on_face,person/body
animal_on_finger,person/body
animal_on_hand,person/body
animal_on_head,person/body
animal_on_leg,person/body
animal_on_shoulder,person/body
animal_on_stomach,person/body
animal_on_weapon,object/weapon
animal_penis,sex/body
animal_pillow,object/other
animal_pool_toy,scene/outdoor
animal_pose,expression/pose
animal_pov,camera/angle
animal_print_bikini,clothing/whole
animal_print_thigh_highs,person/body
animal_puppet,object/toy
animal_pussy,sex/body
animal_scarf,clothing/accessory
animal_sex_toy,sex/act
animal_shaped_pillow,object/other
animal_shoes,clothing/footwear
animal_skin,person/body
animal_slippers,clothing/footwear
animal_swim_ring,clothing/accessory
animal_themed_food,object/food
animal_themed_footwear,clothing/footwear
animal_themed_umbrella,object/tool
animal_vulva,sex/body
animal_with_hair,person/hair
animated_background,scene/background
animated_text,style/quality
animation_paper,object/tool
anime_ace_(font),style/medium
anime_coloring,style/medium
anime_eyes,style/medium
anime_figure,style/medium
anime_girl_throwing_things_(meme),style/medium
anime_nosebleed,style/medium
anime_screenshot_inset,style/medium
anime_style,style/medium
ankh_earrings,clothing/accessory
ankh_necklace,clothing/accessory
ankh_pendant,clothing/accessory
ankh_tattoo,person/body
ankle,person/body
ankle_band,person/body
ankle_bell,person/body
ankle_belt,clothing/accessory
ankle_boots,clothing/footwear
ankle_bow,clothing/head
ankle_chain,person/body
ankle_crossing_leg,person/body
ankle_cuffs,person/body
ankle_fins,person/body
ankle_flower,person/body
ankle_fluff,person/body
ankle_garter,clothing/legwear
ankle_grab,person/body
ankle_guards,person/body
ankle_gun,person/body
ankle_holster,person/body
ankle_lace_up,person/body
ankle_markings,person/body
ankle_ribbon,clothing/head
ankle_ring,clothing/accessory
ankle_rope,person/body
ankle_scrunchie,person/body
ankle_socks,clothing/legwear
ankle_spikes,person/body
ankle_strap,person/body
ankle_strap_heels,clothing/footwear
ankle_tattoo,person/body
ankle_tuft,person/body
ankle_warmers,person/body
ankle_wings,person/body
ankle_wrap,person/body
ankle_wraps,person/body
ankles_tied,person/body
ankles_together,person/body
announcing_anal_orgasm,sex/act
announcing_orgasm,sex/act
annoyed,expression/face
annoyed_pred,expression/face
answering_door,scene/outdoor
ant_girl,person/count
anteater_ears,person/body
antelope_ears,person/body
antenna_hair,person/hair
anthias_(fish),object/food
anthro_dominating_human,person/count
anthro_dominating_humanoid,person/count
anthro_dominating_male,person/count
anthro_fingering_human,person/count
anthro_focus,camera/framing
anthro_penetrating_female,person/count
anthro_penetrating_human,person/count
anthro_penetrating_humanoid,person/count
anthro_penetrating_male,person/count
anthro_pov,camera/angle
anthro_rape,sex/act
anthro_rimming_human,person/count
anthro_to_human,person/count
anthro_to_humanoid,person/count
anti_aircraft_gun,object/weapon
anti_demon_corps_uniform,clothing/whole
anti_materiel_rifle,object/weapon
anti_personnel_weapon,object/weapon
anti_rain_(girls'_frontline),person/count
anti_tank_grenade,object/weapon
antique_cannon,object/weapon
antique_phone,object/tool
antler_headband,clothing/head
antler_jewelry,clothing/accessory
antler_ribbon,clothing/head
antler_ring,clothing/accessory
antlers_through_headwear,clothing/head
antlers_through_hood,clothing/head
anus,sex/body
anus_behind_g_string,sex/body
anus_behind_thong,sex/body
anus_blush,sex/body
anus_close_up,sex/body
anus_cutout,sex/body
anus_expansion,sex/body
anus_focus,camera/framing
anus_grab,sex/body
anus_held_open,sex/body
anus_holding_torso,sex/body
anus_kiss,sex/body
anus_mouth,sex/body
anus_on_glass,sex/body
anus_only,sex/body
anus_outline,sex/body
anus_peek,sex/body
anus_piercing,sex/body
anus_pocket,sex/body
anus_slip,sex/body
anus_stretched_by_vaginal,sex/body
anus_transformation,sex/body
anus_visible_through_clothes,clothing/other
anya's_heh_face_(meme),person/body
anya_(spy_x_family)_(cosplay),style/medium
anywhere_door,scene/outdoor
anzio_ironworks_20mm_rifle,object/weapon
anzio_military_uniform,clothing/whole
anzio_school_uniform,clothing/whole
aoba_johsai_volleyball_uniform,clothing/whole
aogami_high_school_uniform,clothing/whole
aoki_ume_(style),style/medium
aoku_haruka/flower,scene/nature
aoshidan_school_uniform,clothing/whole
aoyama_goushou_(style),style/medium
aozora_jumping_heart,expression/action
aozora_middle_school_uniform,clothing/whole
aperture_logo,style/quality
aphrodisiac_mask,clothing/head
apple,object/food
apple_(inmu),object/food
apple_core,object/food
apple_earrings,clothing/accessory
apple_gag,object/food
apple_hair_ornament,clothing/head
apple_in_mouth,person/body
apple_juice,object/food
apple_on_head,person/body
apple_peel,object/food
apple_pie,object/food
apple_print,object/food
apple_rabbit,object/food
apple_slice,object/food
apple_tree,scene/nature
apple_watch,object/food
applying_another's_makeup,person/eyes
applying_bandages,clothing/accessory
applying_makeup,person/eyes
applying_makeup_on_another,person/eyes
applying_mascara,person/eyes
applying_own_makeup,person/eyes
apricot_(fruit),object/food
apricot_blossom,scene/nature
apron,clothing/whole
apron_aside,clothing/whole
apron_basket,clothing/whole
apron_between_breasts,clothing/whole
apron_grab,clothing/whole
apron_hold,clothing/whole
apron_lift,clothing/whole
apron_only,clothing/whole
apron_pull,clothing/whole
apron_tug,clothing/whole
aps_rifle,object/weapon
aqua_(konosuba)_(cosplay),style/medium
aqua_apron,clothing/whole
aqua_background,scene/background
aqua_bag,clothing/accessory
aqua_belt,clothing/accessory
aqua_bikini,clothing/whole
aqua_bodysuit,clothing/whole
aqua_boots,clothing/footwear
aqua_border,camera/framing
aqua_bow,clothing/head
aqua_bowtie,clothing/accessory
aqua_bra,clothing/top
aqua_brooch,clothing/accessory
aqua_camisole,clothing/top
aqua_cape,clothing/top
aqua_cardigan,clothing/top
aqua_choker,clothing/accessory
aqua_cloak,clothing/top
aqua_coat,clothing/top
aqua_collar,clothing/accessory
aqua_detached_collar,clothing/accessory
aqua_dress,clothing/whole
aqua_eyes,person/eyes
aqua_eyeshadow,person/eyes
aqua_flower,scene/nature
aqua_footwear,clothing/footwear
aqua_gloves,clothing/accessory
aqua_hair,person/hair
aqua_hairband,clothing/head
aqua_hanfu,clothing/whole
aqua_hat,clothing/head
aqua_headband,clothing/head
aqua_hood,clothing/head
aqua_hoodie,clothing/top
aqua_jacket,clothing/top
aqua_kimono,clothing/whole
aqua_leotard,clothing/whole
aqua_lips,person/body
aqua_male_swimwear,person/count
aqua_male_underwear,person/count
aqua_neckerchief,clothing/accessory
aqua_necktie,clothing/accessory
aqua_one_piece_swimsuit,clothing/whole
aqua_overalls,clothing/whole
aqua_pajamas,clothing/whole
aqua_pants,clothing/bottom
aqua_pantyhose,clothing/legwear
aqua_pubic_hair,sex/body
aqua_pupils,person/eyes
aqua_ribbon,clothing/head
aqua_robe,clothing/whole
aqua_sailor_collar,clothing/accessory
aqua_sandals,clothing/footwear
aqua_sash,clothing/accessory
aqua_scarf,clothing/accessory
aqua_sclera,person/eyes
aqua_shirt,clothing/top
aqua_shoes,clothing/footwear
aqua_shorts,clothing/bottom
aqua_skin,person/body
aqua_skirt,clothing/bottom
aqua_sky,scene/sky
aqua_socks,clothing/legwear
aqua_sports_bra,clothing/top
aqua_suit,clothing/whole
aqua_sweater,clothing/top
aqua_sweater_vest,clothing/top
aqua_tank_top,clothing/top
aqua_thighhighs,clothing/legwear
aqua_tongue,person/body
aqua_tunic,clothing/top
aqua_umbrella,object/tool
aqua_vest,clothing/top
aqua_wrist_cuffs,person/body
aqua_wristband,clothing/accessory
aquamarine_eyes,person/eyes
aquiline_nose,person/body
arabesque_(pose),expression/pose
arabian_clothes,clothing/other
arabian_clothing,clothing/other
arachne_boy,person/count
arafune_squad's_uniform,clothing/whole
araizumi_rui_(style),style/medium
araki_hirohiko_(style),style/medium
arakumo_gakuen_soccer_uniform,clothing/whole
aramis_high_school_uniform,clothing/whole
aran_legwear,clothing/legwear
aran_sweater,clothing/top
arashiyama_squad's_uniform,clothing/whole
arawi_keiichi_(style),style/medium
arc_phone,object/tool
arcade_cabinet,object/other
arcade_controller,object/toy
arch_bridge,scene/outdoor
archaic_japanese_text,style/quality
arched_back,person/body
arched_bangs,person/hair
arched_crown,clothing/head
arched_foot,person/body
archer_(fate)_(cosplay),style/medium
arcueid_brunestud_(cosplay),style/medium
ardor_blossom_star_(e.g.o),scene/nature
areishia_spirit_academy_uniform,clothing/whole
areola,sex/body
areola_expansion,sex/body
areola_measuring,sex/body
areola_outline,sex/body
areola_piercing,sex/body
areola_slip,sex/body
areola_visible_through_clothing,clothing/other
argentinian_flag,object/tool
argentinian_flag_print,object/tool
argyle_(pattern),scene/background
argyle_background,scene/background
argyle_bikini,clothing/whole
argyle_bow,clothing/head
argyle_bowtie,clothing/accessory
argyle_bra,clothing/top
argyle_cape,clothing/top
argyle_cardigan,clothing/top
argyle_cloak,clothing/top
argyle_clothes,clothing/other
argyle_clothing,clothing/other
argyle_coat,clothing/top
argyle_dress,clothing/whole
argyle_footwear,clothing/footwear
argyle_gloves,clothing/accessory
argyle_hairband,clothing/head
argyle_hat,clothing/head
argyle_jacket,clothing/top
argyle_kimono,clothing/whole
argyle_legwear,clothing/legwear
argyle_necktie,clothing/accessory
argyle_pants,clothing/bottom
argyle_pantyhose,clothing/legwear
argyle_ribbon,clothing/head
argyle_scarf,clothing/accessory
argyle_shirt,clothing/top
argyle_skirt,clothing/bottom
argyle_socks,clothing/legwear
argyle_sweater,clothing/top
argyle_sweater_vest,clothing/top
argyle_thighhighs,clothing/legwear
argyle_vest,clothing/top
aria_company_uniform,clothing/whole
aria_gakuen_school_uniform,clothing/whole
aris_(blue_archive)_(cosplay),style/medium
aristocratic_clothes,clothing/other
arisugawa_academy_school_uniform,clothing/whole
arlecchino_(genshin_impact)_(cosplay),style/medium
arm_above_head,person/body
arm_accessory,person/body
arm_across_chest,person/body
arm_across_neck,person/body
arm_across_waist,person/body
arm_armor,clothing/accessory
arm_around_another,person/body
arm_around_another's_back,person/body
arm_around_another's_waist,person/body
arm_around_back,person/body
arm_around_head,person/body
arm_around_leg,person/body
arm_around_neck,person/body
arm_around_partner,person/body
arm_around_shoulder,person/body
arm_around_shoulders,person/body
arm_around_waist,person/body
arm_at_side,person/body
arm_behind,person/body
arm_behind_another's_back,person/body
arm_behind_back,person/body
arm_behind_head,person/body
arm_behind_leg,person/body
arm_belt,clothing/accessory
arm_between_breasts,person/body
arm_between_legs,person/body
arm_bite,person/body
arm_blade,person/body
arm_bow,clothing/head
arm_by_side,person/body
arm_cannon,person/body
arm_cast,person/body
arm_cuffs,person/body
arm_cutout,person/body
arm_feathers,person/body
arm_fin,person/body
arm_fins,person/body
arm_flailing,person/body
arm_fluff,person/body
arm_freckles,person/body
arm_frill,person/body
arm_fur,person/body
arm_garter,clothing/legwear
arm_growth,person/body
arm_guards,person/body
arm_hair,person/hair
arm_held_back,person/body
arm_hold,person/body
arm_holster,person/body
arm_hug,expression/action
arm_in_front,person/body
arm_in_water,person/body
arm_jewelry,clothing/accessory
arm_markings,person/body
arm_mounted_weapon,person/body
arm_on_another's_head,person/body
arm_on_another's_shoulder,person/body
arm_on_breasts,person/body
arm_on_chest,person/body
arm_on_hip,person/body
arm_on_knee,person/body
arm_on_leg,person/body
arm_on_own_head,person/body
arm_on_own_leg,person/body
arm_on_stomach,person/body
arm_on_table,person/body
arm_on_thigh,person/body
arm_out,person/body
arm_out_of_frame,person/body
arm_out_of_sleeve,person/body
arm_outstretched,person/body
arm_over_breasts,person/body
arm_over_edge,person/body
arm_over_head,person/body
arm_over_shoulder,person/body
arm_pads,person/body
arm_piercing,person/body
arm_pillow,person/body
arm_pouch,clothing/accessory
arm_pull,person/body
arm_quills,person/body
arm_rest,person/body
arm_restraints,person/body
arm_ribbon,clothing/head
arm_ring,clothing/accessory
arm_rolls,person/body
arm_scales,person/body
arm_scar,person/body
arm_scarf,clothing/accessory
arm_scrunchie,person/body
arm_shield,person/body
arm_slave_(mecha),person/body
arm_sling,person/body
arm_snake,person/body
arm_socks,clothing/legwear
arm_spikes,person/body
arm_spots,person/body
arm_spreader,person/body
arm_stockings,clothing/legwear
arm_strap,person/body
arm_stripes,person/body
arm_support,person/body
arm_tattoo,person/body
arm_to_leg,person/body
arm_torture,person/body
arm_tuft,person/body
arm_under_breast,person/body
arm_under_breasts,person/body
arm_up,person/body
arm_vines,person/body
arm_warmers,person/body
arm_warmers_only,person/body
arm_wound,person/body
arm_wrap,person/body
arm_wrapping,person/body
arm_wraps,person/body
arm_wrestling,person/body
armadillo_ears,person/body
armlet,clothing/accessory
armlet_(marking),clothing/accessory
armor,clothing/accessory
armor_girls_project,clothing/accessory
armor_only,clothing/accessory
armor_piercing_ammunition,clothing/accessory
armor_plates,clothing/accessory
armor_under_clothes,clothing/accessory
armored_bodysuit,clothing/whole
armored_boots,clothing/footwear
armored_collar,clothing/accessory
armored_dress,clothing/whole
armored_gloves,clothing/accessory
armored_legwear,clothing/legwear
armored_leotard,clothing/whole
armored_shoes,clothing/footwear
armored_skirt,clothing/bottom
armpit_carry,person/body
armpit_crease,person/body
armpit_cutout,person/body
armpit_fetish,person/body
armpit_focus,camera/framing
armpit_folds,person/body
armpit_hair,person/hair
armpit_hair_peek,person/hair
armpit_hold,person/body
armpit_lick,person/body
armpit_lips,person/body
armpit_musk,person/body
armpit_onigiri,person/body
armpit_peek,person/body
armpit_play,person/body
armpit_sex,sex/act
armpit_showing,person/body
armpit_sniffing,person/body
armpit_stubble,person/body
armpit_tuft,person/body
armpit_worship,person/body
armpits,person/body
arms_above_head,person/body
arms_across_body,person/body
arms_around_another,person/body
arms_around_another's_back,person/body
arms_around_another's_neck,person/body
arms_around_another's_waist,person/body
arms_around_back,person/body
arms_around_legs,person/body
arms_around_neck,person/body
arms_around_partner,person/body
arms_around_self,person/body
arms_around_shoulders,person/body
arms_around_torso,person/body
arms_around_waist,person/body
arms_at_sides,person/body
arms_back,person/body
arms_behind,person/body
arms_behind_back,person/body
arms_behind_head,person/body
arms_bent,person/body
arms_between_legs,person/body
arms_bound_behind_back,sex/gear
arms_bound_to_collar,clothing/accessory
arms_by_side,person/body
arms_crossed_under_breasts,expression/pose
arms_down,person/body
arms_held,person/body
arms_held_back,person/body
arms_in_front,person/body
arms_in_water,person/body
arms_on_another's_shoulder,person/body
arms_on_breasts,person/body
arms_on_head,person/body
arms_on_knees,person/body
arms_on_legs,person/body
arms_on_own_breasts,person/body
arms_on_table,person/body
arms_out,person/body
arms_outstretched,person/body
arms_restrained,sex/gear
arms_tied,person/body
arms_tied_behind_back,person/body
arms_together,person/body
arms_under_breasts,person/body
arms_up,expression/pose
army_clothing,clothing/other
army_helmet,clothing/head
army_outfit,clothing/whole
army_uniform,clothing/whole
arona_(blue_archive)_(cosplay),style/medium
arousal_focus,camera/framing
aroused_face,person/body
aroused_female,person/count
aroused_male,person/count
aroused_smile,expression/face
arrow_(anatomy),object/weapon
arrow_(jojo),object/weapon
arrow_(projectile),object/weapon
arrow_(symbol),object/weapon
arrow_(weapon),object/weapon
arrow_cross,object/weapon
arrow_earrings,clothing/accessory
arrow_hair_ornament,clothing/head
arrow_in_arm,person/body
arrow_in_body,object/weapon
arrow_in_head,person/body
arrow_in_mouth,person/body
arrow_pointing_to_anus,sex/body
arrow_pointing_to_belly,expression/action
arrow_pointing_to_butt,expression/action
arrow_pointing_to_crotch,sex/body
arrow_pointing_to_mouth,expression/action
arrow_pointing_to_penis,sex/body
arrow_print,object/weapon
arrow_sign,object/weapon
arrow_symbol_hair_ornament,clothing/head
arrow_tattoo,person/body
arrow_through_apple,object/weapon
arrow_through_heart,object/weapon
arrow_to_the_knee,person/body
arrows,object/weapon
arsene_lupin_iii_(cosplay),style/medium
art_brush,object/tool
art_program_in_frame,object/other
art_room,scene/indoor
art_tools_in_frame,object/tool
arthropod_abdomen_anus,sex/body
arthropod_abdomen_penetration,sex/act
arthropod_abdomen_penis,sex/body
arthropod_abdomen_pussy,sex/body
arthropod_abdomen_vulva,sex/body
arthropod_boy,person/count
arthropod_girl,person/count
artificial_eye,person/eyes
artificial_eyes,person/eyes
artificial_flower,scene/nature
artificial_vagina,sex/body
artificial_vagina_with_body,sex/body
artist's_hand_in_frame,person/body
artist_name_(singer),style/quality
artist_watermark,style/quality
artistic_nudity,sex/act
artoria_caster_(fate)_(cosplay),style/medium
artoria_pendragon_(alter_swimsuit_rider)_(fate)_(cosplay),style/medium
artoria_pendragon_(lancer_alter)_(fate)_(cosplay),style/medium
artoria_pendragon_(lancer_alter)_(royal_icing)_(fate)_(cosplay),style/medium
artoria_pendragon_(royal_icing)_(fate)_(cosplay),style/medium
artoria_pendragon_(swimsuit_ruler)_(fate)_(cosplay),style/medium
arts_shirt,clothing/top
artstation_logo,style/quality
arzuros_(armor),clothing/accessory
as_above_so_below_pose,expression/pose
asa_no_ha_(pattern),scene/background
asagami_private_girls_acadamy_uniform,clothing/whole
asahigaoka_school_uniform,clothing/whole
asahina_mikuru_(cosplay),style/medium
asahiyama_high_school_uniform,clothing/whole
asanagi_(style),style/medium
asashio_(kancolle)_(cosplay),style/medium
asashio_kai_ni_(kancolle)_(cosplay),style/medium
ascot_between_breasts,person/body
asexual_flag,object/tool
ash_(titanfall_2)_(cosplay),style/medium
ash_ketchum_(cosplay),style/medium
ashford_academy_school_uniform,clothing/whole
ashford_academy_swimsuit,clothing/whole
ashigara_(kancolle)_(cosplay),style/medium
ashigaya_high_school_uniform,clothing/whole
ashitaka_(cosplay),style/medium
asian_clothing,clothing/other
asian_conical_hat,clothing/head
asian_indian_clothes,clothing/other
asian_sword,object/weapon
asobi_asobase's_school_uniform,clothing/whole
ass,person/body
ass_biting,person/body
ass_blush,expression/face
ass_clapping,person/body
ass_cleavage,person/body
ass_cutout,person/body
ass_expansion,person/body
ass_focus,camera/framing
ass_freckles,person/body
ass_hair,person/hair
ass_hold,person/body
ass_in_face,person/body
ass_juice,person/body
ass_lift,person/body
ass_mousepad,person/body
ass_on_glass,person/body
ass_out,person/body
ass_peek,person/body
ass_press,person/body
ass_rest,person/body
ass_ripped,person/body
ass_ripple,person/body
ass_rubbing,person/body
ass_shake,person/body
ass_smack,person/body
ass_sniff,person/body
ass_squeeze,person/body
ass_squish,person/body
ass_support,person/body
ass_tattoo,person/body
ass_to_ass,person/body
ass_to_ass_penetration,sex/act
ass_to_breast,person/body
ass_to_face,person/body
ass_to_mouth,person/body
ass_to_other_mouth,person/body
ass_to_pussy,sex/body
ass_too_fat,person/body
ass_up,person/body
ass_visible_through_thighs,person/body
ass_worship,person/body
ass_zipper,clothing/other
assassin_(fate/zero)_(cosplay),style/medium
assault_rifle,object/weapon
assertive_female,person/count
assertive_human,person/count
assertive_humanoid,person/count
assertive_male,person/count
assisted_carrying,expression/action
assisted_fellatio,sex/act
assisted_masturbation,sex/act
assisted_oral,sex/act
assisted_penetration,sex/act
assisted_rape,sex/act
assisted_sex,sex/act
assisted_undressing,clothing/other
assless_pants,clothing/bottom
assless_skirt,clothing/bottom
assless_swimsuit,clothing/whole
asticassia_school_uniform,clothing/whole
astolfo_(fate)_(cosplay),style/medium
astolfo_(sailor_paladin)_(fate)_(cosplay),style/medium
astolfo_monster_cosplay_(meme),style/medium
astronaut_suit,clothing/whole
astronomical_clock,object/tool
asuna_(blue_archive)_(cosplay),style/medium
asuna_(sao)_(cosplay),style/medium
asymmetric_gloves,clothing/accessory
asymmetrical_armor,clothing/accessory
asymmetrical_arms,person/body
asymmetrical_ass,person/body
asymmetrical_bangs,person/hair
asymmetrical_bikini,clothing/whole
asymmetrical_bodysuit,clothing/whole
asymmetrical_bondage,sex/gear
asymmetrical_breast_frottage,person/body
asymmetrical_breasts,person/body
asymmetrical_clothes,clothing/other
asymmetrical_clothing,clothing/other
asymmetrical_coat,clothing/top
asymmetrical_dress,clothing/whole
asymmetrical_ears,person/body
asymmetrical_eyelashes,person/eyes
asymmetrical_eyes,person/eyes
asymmetrical_footwear,clothing/footwear
asymmetrical_gloves,clothing/accessory
asymmetrical_hair,person/hair
asymmetrical_jacket,clothing/top
asymmetrical_legwear,clothing/legwear
asymmetrical_mask,clothing/head
asymmetrical_one_piece_swimsuit,clothing/whole
asymmetrical_pants,clothing/bottom
asymmetrical_shirt,clothing/top
asymmetrical_shorts,clothing/bottom
asymmetrical_sidelocks,person/hair
asymmetrical_skirt,clothing/bottom
asymmetrical_thighhighs,clothing/legwear
asymmetrical_underboob,person/body
at_computer,object/tool
at_field,scene/outdoor
at_table,object/other
atago_(azur_lane)_(cosplay),style/medium
atago_(kancolle)_(cosplay),style/medium
athletic_female,person/count
athletic_human,person/count
athletic_humanoid,person/count
athletic_leotard,clothing/whole
athletic_male,person/count
atlanta_(kancolle)_(cosplay),style/medium
atlas_academy_school_uniform,clothing/whole
atlas_academy_uniform,clothing/whole
atmospheric_perspective,camera/angle
atsuko's_grin_(meme),expression/face
attached_sheath,object/weapon
attached_to_balloon,object/toy
attack_pose,expression/pose
attic,scene/indoor
attitude_(pose),expression/pose
auburn_hair,person/hair
audible_ejaculation,sex/act
audible_laugh,expression/face
aurora,scene/sky
aurora_(phenomenon),scene/sky
aurora_flower_(love_live!),scene/nature
australian_flag,object/tool
australian_flag_bikini,clothing/whole
australian_hat,clothing/head
austrian_flag,object/tool
auto_anus_lick,sex/body
auto_ball_lick,object/toy
auto_breast_lick,person/body
auto_cum_inflation,sex/act
auto_foot_lick,person/body
auto_foot_sniff,person/body
auto_penis_lick,sex/body
auto_tentacle_sex,sex/act
automatic_door,scene/outdoor
automatic_rifle,object/weapon
automatic_weapon,object/weapon
autopsy_table,object/other
autotitfuck_under_clothes,clothing/other
autumn_leaves,scene/nature
average_penis,sex/body
averting_eyes,person/eyes
avian_arms,person/body
avian_butt,person/body
avian_feet,person/body
avian_hands,person/body
avian_legs,person/body
aviator_cap,clothing/head
aviator_glasses,clothing/accessory
aviator_goggles,clothing/accessory
aviator_jacket,clothing/top
aviator_sunglasses,clothing/accessory
avocado_academy_school_uniform,clothing/whole
awafuji_school_uniform,clothing/whole
award_ribbon,clothing/head
awataguchi_family_(touken_ranbu),person/count
awesome_face,person/body
awkward_pose,expression/pose
awkward_smile,expression/face
axe,object/weapon
axe_guitar,expression/action
axe_kick,object/weapon
axolotl_ears,person/body
axolotl_girl,person/count
ayachi_nene_(cosplay),style/medium
ayanami_(azur_lane)_(cosplay),style/medium
ayanami_rei_(cosplay),style/medium
ayanokouji_martial_arts_school_uniform,clothing/whole
ayase_eli_(cosplay),style/medium
ayase_momo_(cosplay),style/medium
azalea_(flower),scene/nature
azoth_knife,object/weapon
azrael_(sword)_(fate),object/weapon
azumanga_daioh's_school_uniform,clothing/whole
azura_(fire_emblem)_(cosplay),style/medium
azure_(armor),clothing/accessory
b.a.b.e.l._uniform,clothing/whole
b.b._hood_(cosplay),style/medium
b_17_flying_fortress,expression/action
baby,person/count
baby's_breath,person/count
baby_animal,person/count
baby_bodysuit,clothing/whole
baby_bonnet,person/count
baby_bottle,person/count
baby_bouncer,person/count
baby_bump,person/count
baby_carrier,person/count
baby_carry,person/count
baby_digimon,person/count
baby_hippopotamus,person/count
baby_mobile,person/count
baby_penetrated,person/count
baby_penguin,person/count
baby_powder,person/count
baby_talk,person/count
baby_wipes,person/count
babydoll_t_shirt,clothing/top
babyls_school_uniform,clothing/whole
back,person/body
back_alley,person/body
back_alley_alliance,person/body
back_arch,person/body
back_boob,person/body
back_bow,clothing/head
back_cannon,person/body
back_cutout,person/body
back_dimples,person/body
back_fat,person/body
back_feathers,person/body
back_fin,person/body
back_focus,camera/framing
back_fur,person/body
back_grab,person/body
back_groove,person/body
back_hair,person/hair
back_horn,person/body
back_lace,person/body
back_mane,person/body
back_markings,person/body
back_massage,person/body
back_muscles,person/body
back_pain,person/body
back_peek,person/body
back_plant,person/body
back_plates,person/body
back_print_panties,person/body
back_ribbon,clothing/head
back_ridge,person/body
back_rolls,person/body
back_scar,person/body
back_scrubber,person/body
back_seamed_legwear,clothing/legwear
back_shrub,person/body
back_slit,person/body
back_spikes,person/body
back_spines,person/body
back_stripes,person/body
back_tattoo,person/body
back_tentacles,sex/gear
back_tie_bikini,clothing/whole
back_tie_clothing,clothing/other
back_tie_swimwear,person/body
back_to_back,person/body
back_towards_viewer,person/body
back_tuft,person/body
back_turned,person/body
back_view_in_reflection,camera/angle
back_wings,person/body
back_zipper,clothing/other
background_sex,sex/act
background_shot,camera/shot
background_text,style/quality
backless_bikini_bottom,clothing/whole
backless_bodysuit,clothing/whole
backless_clothing,clothing/other
backless_dress,clothing/whole
backless_gloves,clothing/accessory
backless_kimono,clothing/whole
backless_leotard,clothing/whole
backless_outfit,clothing/whole
backless_pants,clothing/bottom
backless_shirt,clothing/top
backless_sweater,clothing/top
backless_swimsuit,clothing/whole
backpack,clothing/accessory
backpack_basket,clothing/accessory
backpack_only,clothing/accessory
backpack_vacuum_cleaner,clothing/accessory
backward_arm_support,person/body
backwards_baseball_cap,clothing/head
backwards_cap,clothing/head
backwards_hat,clothing/head
backwards_text,style/quality
backwards_virgin_killer_sweater,clothing/top
bad_apple!!,object/food
bad_arm,person/body
bad_ass,person/body
bad_dragon_toy,object/toy
bad_face,person/body
bad_feet,person/body
bad_food,object/food
bad_gun_anatomy,object/weapon
bad_hand,person/body
bad_hands,person/body
bad_leg,person/body
bad_neck,person/body
bad_singing,expression/action
bad_teeth,person/body
bad_vulva,sex/body
badger_ears,person/body
badger_girl,person/count
bag,clothing/accessory
bag_accessory,clothing/accessory
bag_behind_back,clothing/accessory
bag_bow,clothing/head
bag_charm,clothing/accessory
bag_of_chips,clothing/accessory
bag_on_head,clothing/accessory
bag_on_lap,clothing/accessory
bag_over_head,clothing/accessory
bagged_fish,object/food
baggy_clothes,clothing/other
baggy_pants,clothing/bottom
baggy_shirt,clothing/top
baggy_shorts,clothing/bottom
baggy_socks,clothing/legwear
bags_under_eyes,clothing/accessory
bakunetsu_god_finger,person/body
bakusaiga_(sword),object/weapon
bakushin_o_armpit_gif_(meme),person/body
balancing_ball,object/toy
balancing_on_finger,person/body
balancing_on_head,person/body
balcony,scene/outdoor
bald_crotch,sex/body
bald_female,person/count
bald_girl,person/count
bald_male,person/count
bald_pussy,sex/body
ball,object/toy
ball_and_chain,object/tool
ball_and_chain_(weapon),object/weapon
ball_and_chain_restraint,object/tool
ball_bite,object/toy
ball_bondage,sex/gear
ball_bra,clothing/top
ball_bulge,object/toy
ball_busting,object/toy
ball_camel_toe,person/body
ball_clench,object/toy
ball_crush,object/toy
ball_crusher,object/toy
ball_earrings,clothing/accessory
ball_focus,camera/framing
ball_fondling,object/toy
ball_fur,object/toy
ball_gag,object/toy
ball_gown,clothing/whole
ball_grab,object/toy
ball_growth,object/toy
ball_hands,person/body
ball_holding,expression/action
ball_in_ass,person/body
ball_in_mouth,person/body
ball_inflation,object/toy
ball_jewelry,clothing/accessory
ball_jointed_doll,object/toy
ball_joints,object/toy
ball_kiss,object/toy
ball_leash,sex/gear
ball_lick,object/toy
ball_lift,object/toy
ball_markings,object/toy
ball_massage,object/toy
ball_nuzzling,object/toy
ball_of_yarn,object/toy
ball_penetrating,object/toy
ball_pit,object/toy
ball_play,object/toy
ball_punching,expression/action
ball_ring,clothing/accessory
ball_rope,object/tool
ball_sag,object/toy
ball_size_difference,object/toy
ball_slap,object/toy
ball_slip,object/toy
ball_smother,object/toy
ball_sniffing,object/toy
ball_spanking,object/toy
ball_splitter,object/toy
ball_squeeze,object/toy
ball_squish,object/toy
ball_stretcher,object/toy
ball_stretching,object/toy
ball_suck,object/toy
ball_swallow,object/toy
ball_tattoo,person/body
ball_toss,object/toy
ball_tuft,object/toy
ball_tugging,object/toy
ball_weights,object/toy
ball_worship,object/toy
ballbusting_induced_orgasm,sex/act
ballet_boots,clothing/footwear
ballet_class_clothes,clothing/other
ballet_dress,clothing/whole
ballet_high_heels,clothing/footwear
ballet_leotard,clothing/whole
ballet_slippers,clothing/footwear
ballistic_face_mask,clothing/head
ballistic_face_shield,person/body
ballistic_helmet,clothing/head
ballistic_shield,object/weapon
balloon,object/toy
balloon_animal,object/toy
balloon_belly,person/body
balloon_fetish,object/toy
balloon_in_mouth,person/body
balloon_popping,object/toy
balloon_print,object/toy
balloon_support,object/toy
balloon_tail,object/toy
balloon_with_face,person/body
balloon_womb,object/toy
ballot_box,object/tool
ballroom_dancing,expression/action
balls,object/toy
balls_above_penis,sex/body
balls_as_fake_breasts,person/body
balls_blush,expression/face
balls_bulge,object/toy
balls_deep,object/toy
balls_expansion,object/toy
balls_focus,camera/framing
balls_growth,object/toy
balls_in_bikini,clothing/whole
balls_in_clothing,clothing/other
balls_in_face,person/body
balls_in_mouth,person/body
balls_in_panties,object/toy
balls_in_underwear,object/toy
balls_noises,object/toy
balls_on_breasts,person/body
balls_on_face,person/body
balls_on_feet,person/body
balls_on_glass,object/food
balls_on_ground,object/toy
balls_on_head,person/body
balls_on_nose,person/body
balls_on_penis,sex/body
balls_on_planet,scene/sky
balls_on_tail,object/toy
balls_on_torso,person/body
balls_only,object/toy
balls_out,object/toy
balls_outline,object/toy
balls_rest,object/toy
balls_shot,camera/shot
balls_shrinking,object/toy
balls_theft,object/toy
balls_through_fly,object/toy
balls_through_leghole,object/toy
balls_touching,object/toy
baltimore_(azur_lane)_(cosplay),style/medium
bamboo,scene/nature
bamboo_broom,scene/nature
bamboo_curtain,scene/nature
bamboo_fence,scene/outdoor
bamboo_forest,scene/nature
bamboo_hat,clothing/head
bamboo_leaf,scene/nature
bamboo_print,scene/nature
bamboo_screen,scene/nature
bamboo_shoot,scene/nature
bamboo_slips,scene/nature
bamboo_steamer,scene/nature
bamboo_stick,scene/nature
bamboo_structure,scene/nature
bamboo_tree,scene/nature
banana,object/food
banana_boat,object/food
banana_costume,clothing/whole
banana_hair_ornament,clothing/head
banana_hammock,object/food
banana_in_ass,person/body
banana_in_mouth,person/body
banana_peel,object/food
banana_popsicle,object/food
banana_print,object/food
banana_slice,object/food
banana_split,object/food
band_aid_on_arm,person/body
band_aid_on_face,person/body
band_aid_on_knee,person/body
band_aid_on_leg,person/body
band_aid_on_nose,person/body
band_aid_on_pussy,sex/body
band_logo,style/quality
band_shirt,clothing/top
band_uniform,clothing/whole
bandage,clothing/accessory
bandage_gloves,clothing/accessory
bandage_in_mouth,clothing/accessory
bandage_on_beak,clothing/accessory
bandage_on_cheek,clothing/accessory
bandage_on_chest,clothing/accessory
bandage_on_face,clothing/accessory
bandage_on_hair,clothing/accessory
bandage_on_knee,clothing/accessory
bandage_on_leg,clothing/accessory
bandage_on_neck,clothing/accessory
bandage_on_nose,clothing/accessory
bandage_on_thigh,clothing/accessory
bandage_over_one_eye,clothing/accessory
bandage_wraps,clothing/accessory
bandaged_ankle,person/body
bandaged_arm,person/body
bandaged_chest,person/body
bandaged_ear,person/body
bandaged_eye,person/eyes
bandaged_face,person/body
bandaged_fingers,person/body
bandaged_foot,person/body
bandaged_hand,person/body
bandaged_hands,person/body
bandaged_head,person/body
bandaged_knees,person/body
bandaged_leg,person/body
bandaged_legs,person/body
bandaged_neck,person/body
bandaged_stomach,person/body
bandaged_torso,person/body
bandaged_waist,person/body
bandaged_weapon,object/weapon
bandaged_wrist,person/body
bandages,clothing/accessory
bandages_around_chest,clothing/accessory
bandages_only,clothing/accessory
bandages_over_clothes,clothing/accessory
bandages_over_eyes,clothing/accessory
bandages_over_mouth,clothing/accessory
bandaid_hair_ornament,clothing/head
bandaid_on_arm,person/body
bandaid_on_ass,person/body
bandaid_on_back,person/body
bandaid_on_breast,person/body
bandaid_on_chest,person/body
bandaid_on_clothes,clothing/other
bandaid_on_ear,person/body
bandaid_on_eye,person/eyes
bandaid_on_face,person/body
bandaid_on_finger,person/body
bandaid_on_foot,person/body
bandaid_on_forehead,person/body
bandaid_on_hair,person/hair
bandaid_on_hand,person/body
bandaid_on_head,person/body
bandaid_on_hip,person/body
bandaid_on_knee,person/body
bandaid_on_leg,person/body
bandaid_on_neck,person/body
bandaid_on_nose,person/body
bandaid_on_pussy,sex/body
bandaid_on_shoulder,person/body
bandaid_on_stomach,person/body
bandaid_on_thigh,person/body
bandaid_on_wrist,person/body
bandana_around_arm,person/body
bandana_around_neck,person/body
bandana_on_head,person/body
bandana_over_mouth,person/body
bandanna_on_forehead,person/body
bandanna_on_head,person/body
bandanna_scarf,clothing/accessory
bandeau_bikini,clothing/whole
bandeau_bra,clothing/top
bangs,person/hair
bangs_blown_up,person/hair
bangs_over_eyes,person/hair
bangs_pinned_back,person/hair
banner,object/tool
banner_image,object/tool
baobhan_sith_(fate)_(cosplay),style/medium
baozi_hair_ornament,clothing/head
bar_(place),scene/indoor
bar_censor,scene/indoor
bar_chart,scene/indoor
bar_counter,scene/indoor
bar_emanata,scene/indoor
bar_graph,scene/indoor
bar_phone,scene/indoor
bar_soap,scene/indoor
bar_stool,scene/indoor
barbara_(genshin_impact)_(cosplay),style/medium
barbed_canine_penis,sex/body
barbed_dildo,sex/gear
barbed_equine_penis,sex/body
barbed_humanoid_penis,sex/body
barbed_tongue,person/body
barber_cape,clothing/top
barber_chair,object/other
barbie_(character)_(cosplay),style/medium
barcode_tattoo,person/body
bardiche_(weapon),object/weapon
bare_arms,person/body
bare_back,person/body
bare_breasts,person/body
bare_butt,person/body
bare_chest,person/body
bare_hands,person/body
bare_hips,person/body
bare_legs,person/body
bare_sheath,object/weapon
bare_shoulders,person/body
bare_skin,person/body
bare_stomach,person/body
bare_thighs,person/body
bare_tree,scene/nature
bared_teeth,person/body
barefoot,clothing/footwear
barefoot_sandals,clothing/footwear
barefoot_sandals_(jewelry),clothing/footwear
barely_contained_balls,object/toy
barely_contained_breasts,person/body
barely_contained_penis,sex/body
barely_visible_anus,sex/body
barely_visible_areola,sex/body
barely_visible_balls,object/toy
barely_visible_breasts,person/body
barely_visible_butt,person/body
barely_visible_penis,sex/body
barely_visible_pussy,sex/body
barely_visible_sheath,object/weapon
barely_visible_vulva,sex/body
barioth_(armor),clothing/accessory
barley_tea,object/food
barnaby_brooks_jr._(cosplay),style/medium
barred_chastity_cage,object/tool
barrel,object/tool
barrel_replica_(type_moon),scene/sky
barrel_shroud,object/tool
bars,scene/indoor
baseball_(ball),object/toy
baseball_cap,clothing/head
baseball_cap_only,clothing/head
baseball_field,scene/outdoor
baseball_helmet,clothing/head
baseball_uniform,clothing/whole
basement,scene/indoor
basil_leaf,scene/nature
basket_hilt,object/weapon
basket_on_head,person/body
basketball_(ball),object/toy
basketball_shorts,clothing/bottom
basketball_uniform,clothing/whole
bass_drum,object/tool
bass_guitar,expression/action
bastard_munchen_soccer_uniform,clothing/whole
bat_background,scene/background
bat_boy,person/count
bat_brooch,clothing/accessory
bat_costume,clothing/whole
bat_earrings,clothing/accessory
bat_ears,person/body
bat_girl,person/count
bat_hair_ornament,clothing/head
bat_hat_ornament,clothing/head
bat_mask,clothing/head
bat_necklace,clothing/accessory
bat_nose,person/body
bat_tattoo,person/body
batgirl_costume_(2014),clothing/whole
bath_brush,object/tool
bath_stool,object/other
bath_yukata,clothing/whole
bathhouse,scene/indoor
bathroom,scene/indoor
bathroom_control,scene/indoor
bathroom_denial,scene/indoor
bathroom_floor,scene/indoor
bathroom_scale,scene/indoor
bathroom_sex,sex/act
bathroom_sink,scene/indoor
bathroom_tiles,scene/indoor
bathroom_wall,scene/indoor
bathtub_sex,sex/act
batman_(cosplay),style/medium
baton_(weapon),object/weapon
battle_armor,clothing/accessory
battle_axe,object/weapon
battle_rifle,object/weapon
baymax_(cosplay),style/medium
bayonet,object/weapon
bayonetta_(cosplay),style/medium
bazooka,object/weapon
bazooka_(gundam),object/weapon
bb_(fate/extra)_(cosplay),style/medium
bb_(swimsuit_mooncancer)_(fate)_(cosplay),style/medium
bb_(swimsuit_mooncancer)_(second_ascension)_(fate)_(cosplay),style/medium
bb_28_(cosplay),style/medium
bb_dubai_(fate)_(cosplay),style/medium
bc_freedom_military_uniform,clothing/whole
bc_freedom_school_uniform,clothing/whole
bdsm_collar,clothing/accessory
bdsm_latex,clothing/other
bdsm_outfit,clothing/whole
bdsm_room,scene/indoor
bdsm_suit,clothing/whole
bea_(pokemon)_(cosplay),style/medium
beach,scene/outdoor
beach_background,scene/outdoor
beach_ball,scene/outdoor
beach_bar,scene/indoor
beach_blanket,scene/outdoor
beach_chair,scene/outdoor
beach_house,scene/outdoor
beach_hut,scene/outdoor
beach_mat,scene/outdoor
beach_nanpa,scene/outdoor
beach_shower,scene/outdoor
beach_towel,scene/outdoor
beach_umbrella,scene/outdoor
beach_volleyball,scene/outdoor
beacon_of_the_reed_sea_(genshin_impact),scene/nature
bead_armlet,clothing/accessory
bead_belt,clothing/accessory
bead_bracelet,clothing/accessory
bead_choker,clothing/accessory
bead_curtain,object/other
bead_hairband,clothing/head
bead_necklace,clothing/accessory
bead_sex_machine,sex/act
beaded_bracelet,clothing/accessory
beaded_eyelashes,person/eyes
beaded_jewelry,clothing/accessory
beaded_necklace,clothing/accessory
beady_eyes,person/eyes
beak_lips,person/body
beak_mask,clothing/head
beak_sex,sex/act
beaker_holster,object/weapon
beam_cannon,object/weapon
beam_gun,object/weapon
beam_rifle,object/weapon
beam_scythe,object/weapon
beam_shield,object/weapon
beam_weapon,object/weapon
bean_bag,clothing/accessory
bean_bag_chair,clothing/accessory
beanie_hat,clothing/head
bear_bag,clothing/accessory
bear_boy,person/count
bear_costume,clothing/whole
bear_ear_hairband,clothing/head
bear_ears,person/body
bear_girl,person/count
bear_hair_ornament,clothing/head
bear_hat,clothing/head
bear_head,person/body
bear_hood,clothing/head
bear_hug,expression/action
bear_mask,clothing/head
bear_pajamas,clothing/whole
bear_paw_hammer,object/tool
bear_slippers,clothing/footwear
bear_trap_teeth,person/body
beard_over_mouth,person/body
beard_ponytail,person/hair
beard_ring,clothing/accessory
bearded_girl,person/count
bearskin_cap,clothing/head
beast_ball,object/toy
beast_pirates_uniform,clothing/whole
beast_spear,object/weapon
beastlord_(sword),object/weapon
beatrice_(cosplay),style/medium
beatrice_(umineko)_(cosplay),style/medium
beatrix_kiddo_(cosplay),style/medium
beautfiul_background,scene/background
beautiful_background,scene/background
beauty_swimsuit_(idolmaster),clothing/whole
beaver_ears,person/body
beaver_girl,person/count
becoming_erect_in_mouth,person/body
bed,object/other
bed_bondage,sex/gear
bed_covers,object/other
bed_curtains,object/other
bed_frame,object/other
bed_hair,person/hair
bed_head,person/body
bed_invitation,object/other
bed_of_roses,object/other
bed_sheet,object/other
bedding_background,scene/background
bedroom,scene/indoor
bedroom_clothing,clothing/other
bedroom_eyes,person/eyes
bedroom_sex,sex/act
bedroom_window,scene/indoor
bedside_table,object/other
bee_boy,person/count
bee_costume,clothing/whole
bee_girl,person/count
bee_hair_ornament,clothing/head
beelstarmon_(cosplay),style/medium
beer,object/food
beer_belly,person/body
beer_bottle,object/food
beer_can,object/food
beer_crate,object/food
beer_foam,object/food
beer_glass,object/food
beer_hat,clothing/head
beer_keg,object/food
beer_mug,object/food
beer_pong,object/food
beer_tap,object/food
beetle_girl,person/count
before/after_focus,camera/framing
before_anal,sex/body
begging_for_anal,sex/body
begging_for_cum,sex/act
begging_for_sex,sex/act
begging_pose,expression/pose
begging_to_cum,sex/act
behind_bars,scene/indoor
behind_curtains,object/other
behind_glass,object/food
behind_the_head_headphones,person/body
behind_tree,scene/nature
beige_blouse,clothing/top
beige_border,camera/framing
beige_cardigan,clothing/top
beige_coat,clothing/top
beige_dress,clothing/whole
beige_footwear,clothing/footwear
beige_gloves,clothing/accessory
beige_hair,person/hair
beige_headwear,clothing/head
beige_hoodie,clothing/top
beige_jacket,clothing/top
beige_legwear,clothing/legwear
beige_pants,clothing/bottom
beige_sailor_collar,clothing/accessory
beige_scarf,clothing/accessory
beige_shorts,clothing/bottom
beige_skin,person/body
beige_skirt,clothing/bottom
beige_sweater,clothing/top
beige_sweater_vest,clothing/top
beizi_(clothing),clothing/other
belarusian_flag,object/tool
belfast_(azur_lane)_(cosplay),style/medium
belgian_flag,object/tool
bell_bow,clothing/head
bell_bracelet,clothing/accessory
bell_choker,clothing/accessory
bell_collar,clothing/accessory
bell_ear_ornament,person/body
bell_ear_ring,clothing/accessory
bell_earrings,clothing/accessory
bell_hair_tie,person/hair
bell_line_gown,clothing/whole
bell_necklace,clothing/accessory
belle_(disney)_(cosplay),style/medium
bellwall_military_uniform,clothing/whole
bellwall_school_uniform,clothing/whole
belly,person/body
belly_bed,person/body
belly_blush,expression/face
belly_chain,person/body
belly_crush,person/body
belly_cutout,person/body
belly_dancer,person/body
belly_dancer_outfit,clothing/whole
belly_dancing,expression/action
belly_expansion,person/body
belly_exposed,person/body
belly_eye,person/eyes
belly_fluff,person/body
belly_focus,camera/framing
belly_folds,person/body
belly_fondling,person/body
belly_fucking,person/body
belly_fur,person/body
belly_gem,person/body
belly_grab,person/body
belly_hair,person/hair
belly_hug,expression/action
belly_humping,person/body
belly_inflation,person/body
belly_jiggle,person/body
belly_kiss,person/body
belly_lick,person/body
belly_markings,person/body
belly_mouth,person/body
belly_movement,person/body
belly_nipples,person/body
belly_on_back,person/body
belly_on_glass,person/body
belly_on_ground,person/body
belly_on_head,person/body
belly_on_penis,sex/body
belly_on_table,person/body
belly_outline,person/body
belly_overhang,person/body
belly_pat,person/body
belly_peeking_out,person/body
belly_piercing,person/body
belly_pinch,person/body
belly_play,person/body
belly_poke,person/body
belly_pop,person/body
belly_press,person/body
belly_prodding,person/body
belly_punch,person/body
belly_punching,expression/action
belly_reduction,person/body
belly_rest,person/body
belly_riding,person/body
belly_rolls,person/body
belly_rub,person/body
belly_rub_request,person/body
belly_shot,camera/shot
belly_size_difference,person/body
belly_slap,person/body
belly_slapping,person/body
belly_slapping_masturbation,sex/act
belly_smother,person/body
belly_squeeze,person/body
belly_squish,person/body
belly_stripes,person/body
belly_tattoo,person/body
belly_to_belly,person/body
belly_tuft,person/body
belly_udders,person/body
belly_up,person/body
belly_worship,person/body
belt,clothing/accessory
belt_accessory,clothing/accessory
belt_around_waist,clothing/accessory
belt_bag,clothing/accessory
belt_bondage,clothing/accessory
belt_boots,clothing/footwear
belt_bow,clothing/head
belt_bra,clothing/top
belt_buckle,clothing/accessory
belt_chain,clothing/accessory
belt_charm,clothing/accessory
belt_collar,clothing/accessory
belt_fed,clothing/accessory
belt_on_leg,clothing/accessory
belt_only,clothing/accessory
belt_pouch,clothing/accessory
belt_restraints,clothing/accessory
belt_ribbon,clothing/head
belt_skirt,clothing/bottom
belt_slit,clothing/accessory
belted_boots,clothing/footwear
belted_breasts,person/body
belted_coat,clothing/top
belted_dress,clothing/whole
belted_jacket,clothing/top
belted_leg_warmers,person/body
belted_shorts,clothing/bottom
belted_skirt,clothing/bottom
ben_day_dots,scene/sky
bent_arm,person/body
bent_back,person/body
bent_ear,person/body
bent_ears,person/body
bent_knees,person/body
bent_leg,person/body
bent_legs,person/body
bent_over_bed,object/other
bent_over_desk,object/other
bent_over_table,object/other
bent_over_with_legs_held_straight,person/body
bent_spoon,object/food
bent_spoon_position,object/food
bent_wrist,person/body
bento,object/food
bento_box,object/food
beret,clothing/head
berry_juice,object/food
berserker_(fate/zero)_(cosplay),style/medium
berserker_armor,clothing/accessory
bestiality,sex/act
bestiality_humiliation,sex/act
bestiality_impregnation,sex/act
bestiality_kiss,sex/act
bestiality_marriage,sex/act
bestiality_pregnancy,sex/act
betting_ticket,object/tool
between_breasts,person/body
between_butt,person/body
between_butts,person/body
between_cheeks,person/body
between_feet,person/body
between_fingers,person/body
between_legs,person/body
between_mouths,person/body
between_thighs,person/body
between_toes,person/body
beverage_between_breasts,person/body
beverage_bottle,object/food
beverage_can,object/food
bib_collar,clothing/accessory
bible_black's_school_uniform,clothing/whole
bichen_sword,object/weapon
bicycle_helmet,clothing/head
bicycles_only_sign,object/tool
bifurcated_jaw,person/body
big_anal_beads,sex/body
big_anus,sex/body
big_areola,sex/body
big_arms,person/body
big_bad_wolf_(cosplay),style/medium
big_ball_gag,object/toy
big_balls,object/toy
big_balls_small_penis,sex/body
big_belly,person/body
big_boss_(cosplay),style/medium
big_bow,clothing/head
big_bow_tie,clothing/head
big_butt,person/body
big_buttplug,sex/gear
big_cheeks,person/body
big_chest,person/body
big_chin,person/body
big_collar,clothing/accessory
big_condom,sex/gear
big_dildo,sex/gear
big_ear,person/body
big_ears,person/body
big_egg,object/food
big_eye,person/eyes
big_eyes,person/eyes
big_feet,person/body
big_female,person/count
big_female_small_male,person/count
big_fingers,person/body
big_forehead,person/body
big_glasses,clothing/accessory
big_grin,expression/face
big_hair,person/hair
big_hands,person/body
big_hat,clothing/head
big_head,person/body
big_iris,person/eyes
big_legs,person/body
big_mouth,person/body
big_mouth_(anatomy),person/body
big_muscles,person/body
big_navel,person/body
big_nose,person/body
big_outie_navel,person/body
big_penetration,sex/act
big_penis_humiliation,sex/body
big_penis_problems,sex/body
big_pupils,person/eyes
big_pussy,sex/body
big_sex_toy,sex/act
big_sheath,object/weapon
big_shoes,clothing/footwear
big_sword,object/weapon
big_teeth,person/body
big_text,style/quality
big_toes,person/body
big_tongue,person/body
big_vulva,sex/body
big_weapon,object/weapon
bigger_female,person/count
bike_dildo,sex/gear
bike_shorts,clothing/bottom
bike_shorts_pull,clothing/bottom
bike_shorts_under_shorts,clothing/bottom
bike_shorts_under_skirt,clothing/bottom
biker_cap,clothing/head
biker_clothes,clothing/other
biker_girl,person/count
biker_jacket,clothing/top
bikini,clothing/whole
bikini_armor,clothing/whole
bikini_around_one_leg,clothing/whole
bikini_bottom_around_leg,clothing/whole
bikini_bottom_aside,clothing/whole
bikini_bottom_down,clothing/whole
bikini_bottom_lift,clothing/whole
bikini_bottom_only,clothing/whole
bikini_bottom_pull,clothing/whole
bikini_bottom_removed,clothing/whole
bikini_bottom_under_shorts,clothing/whole
bikini_bralette,clothing/whole
bikini_bridge,clothing/whole
bikini_briefs,clothing/whole
bikini_bulge,clothing/whole
bikini_cowgirl,clothing/whole
bikini_crabs,clothing/whole
bikini_day,clothing/whole
bikini_down,clothing/whole
bikini_in_mouth,clothing/whole
bikini_jeans,clothing/whole
bikini_only,clothing/whole
bikini_over_clothes,clothing/whole
bikini_pull,clothing/whole
bikini_removed,clothing/whole
bikini_ribbon,clothing/whole
bikini_shorts,clothing/whole
bikini_skirt,clothing/whole
bikini_tan,clothing/whole
bikini_theft,clothing/whole
bikini_thong,clothing/whole
bikini_top_aside,clothing/whole
bikini_top_lift,clothing/whole
bikini_top_only,clothing/whole
bikini_top_pull,clothing/whole
bikini_top_removed,clothing/whole
bikini_top_under_shirt,clothing/whole
bikini_tug,clothing/whole
bikini_under_clothes,clothing/whole
bikini_under_shorts,clothing/whole
bikini_under_skirt,clothing/whole
bikini_visible_through_clothes,clothing/whole
bikkuriman_(style),style/medium
bilateral_fellatio,sex/act
bilateral_penetration,sex/act
bilibili_logo,style/quality
bilingual_text,style/quality
billiard_ball,object/toy
billiard_ball_in_ass,person/body
billiard_table,object/other
binaural_microphone,object/tool
binder_(clothing),clothing/other
binding_blade_(weapon),object/weapon
binding_shield,object/weapon
biohazard_tattoo,person/body
bioluminescent_eyes,person/eyes
bioluminescent_penis,sex/body
bionic_arm,person/body
bionic_eye,person/eyes
bionic_leg,person/body
birch_tree,scene/nature
bird's_eye_view,person/eyes
bird_boy,person/count
bird_cage,object/tool
bird_costume,clothing/whole
bird_earrings,clothing/accessory
bird_ears,person/body
bird_girl,person/count
bird_hair_ornament,clothing/head
bird_hat,clothing/head
bird_hat_ornament,clothing/head
bird_hood,clothing/head
bird_legs,person/body
bird_mask,clothing/head
bird_of_paradise_flower,scene/nature
bird_on_arm,person/body
bird_on_back,person/body
bird_on_hand,person/body
bird_on_head,person/body
bird_on_leg,person/body
bird_on_shoulder,person/body
bird_on_weapon,object/weapon
bird_tattoo,person/body
bird_youkai_group_(touhou),person/count
birthday_boy_(twisted_wonderland),person/count
birthday_cake,object/food
birthday_candle,object/tool
birthday_card,object/tool
birthday_glasses,clothing/accessory
birthday_jacket_(twisted_wonderland),clothing/top
birthday_sash,clothing/accessory
birthday_sex,sex/act
birthing_tentacles,sex/gear
biscuit_(bread),object/food
biscuit_(food),object/food
bisexual_female,person/count
bisexual_flag,object/tool
bisexual_male,person/count
bisexual_parallel_sex,sex/act
bisexual_rape,sex/act
bisexual_sandwich,object/food
bishamonten's_spear,object/weapon
bishop_(chess),object/toy
bismarck_(coat_of_arms),clothing/top
bismarck_(kancolle)_(cosplay),style/medium
bite_mark_on_arm,person/body
bite_mark_on_ass,person/body
bite_mark_on_back,person/body
bite_mark_on_breast,person/body
bite_mark_on_butt,person/body
bite_mark_on_chest,person/body
bite_mark_on_face,person/body
bite_mark_on_hand,person/body
bite_mark_on_leg,person/body
bite_mark_on_neck,person/body
bite_mark_on_shoulder,person/body
bite_mark_on_stomach,person/body
bite_mark_on_thigh,person/body
biting_another's_arm,person/body
biting_another's_clothes,clothing/other
biting_another's_finger,person/body
biting_another's_hand,person/body
biting_another's_tongue,person/body
biting_arm,person/body
biting_ass,person/body
biting_clothes,clothing/other
biting_clothing,clothing/other
biting_coin,object/tool
biting_finger,person/body
biting_hair,person/hair
biting_head,person/body
biting_leash,sex/gear
biting_neck,person/body
biting_own_finger,person/body
biting_own_hand,person/body
biting_own_tongue,person/body
biting_penis,sex/body
biting_shirt,clothing/top
biting_shoulder,person/body
biting_tongue,person/body
bitten_apple,object/food
bizarre_rain,scene/sky
bkub_(style),style/medium
black_and_orange,object/food
black_and_red_and_purple_hair,person/hair
black_anus,sex/body
black_apron,clothing/whole
black_areola,sex/body
black_arm_garter,clothing/legwear
black_arm_warmers,person/body
black_armlet,clothing/accessory
black_armor,clothing/accessory
black_armpit_hair,person/hair
black_arms,person/body
black_back,person/body
black_background,scene/background
black_backpack,clothing/accessory
black_bag,clothing/accessory
black_ball_gag,object/toy
black_balls,object/toy
black_bandages,clothing/accessory
black_bars,scene/indoor
black_baseball_cap,clothing/head
black_belly,person/body
black_belt,clothing/accessory
black_beret,clothing/head
black_bike_shorts,clothing/bottom
black_bikini,clothing/whole
black_bikini_top,clothing/whole
black_blindfold,clothing/head
black_blouse,clothing/top
black_blush,expression/face
black_bodysuit,clothing/whole
black_boots,clothing/footwear
black_border,camera/framing
black_bow,clothing/head
black_bow_tie,clothing/head
black_bowtie,clothing/accessory
black_bra,clothing/top
black_bracelet,clothing/accessory
black_breasts,person/body
black_bridal_gauntlets,clothing/accessory
black_brooch,clothing/accessory
black_butt,person/body
black_buttplug,sex/gear
black_camisole,clothing/top
black_cap,clothing/head
black_cape,clothing/top
black_cardigan,clothing/top
black_chair,object/other
black_chastity_cage,object/tool
black_chest,person/body
black_chest_hair,person/hair
black_choker,clothing/accessory
black_cloak,clothing/top
black_clothing,clothing/other
black_clouds,scene/sky
black_coat,clothing/top
black_coat_(kingdom_hearts),clothing/top
black_cock_ring,clothing/accessory
black_collar,clothing/accessory
black_crop_top,clothing/top
black_crown,clothing/head
black_crown_(object),clothing/head
black_cum,sex/act
black_curtains,object/other
black_detached_collar,clothing/accessory
black_dildo,sex/gear
black_dress,clothing/whole
black_dress_shirt,clothing/whole
black_ear,person/body
black_ear_piercing,person/body
black_ear_ring,clothing/accessory
black_ear_tips,person/body
black_ears,person/body
black_elbow_gloves,clothing/accessory
black_eye_(injury),person/eyes
black_eye_patch,person/eyes
black_eyelids,person/eyes
black_eyes,person/eyes
black_eyeshadow,person/eyes
black_face,person/body
black_facial_hair,person/hair
black_feather_hair,person/hair
black_feet,person/body
black_finger_claws,person/body
black_fingerless_gloves,clothing/accessory
black_fingernails,person/body
black_fingers,person/body
black_flower,scene/nature
black_forest_cake,scene/nature
black_freckles,person/body
black_garter,clothing/legwear
black_garter_belt,clothing/legwear
black_garter_straps,clothing/legwear
black_gauntlets,clothing/accessory
black_glasses,clothing/accessory
black_gloves,clothing/accessory
black_goggles,clothing/accessory
black_gothic_dress_(idolmaster),clothing/whole
black_hair,person/hair
black_hair_tie,person/hair
black_hair_tip,person/hair
black_hairband,clothing/head
black_hanbok,clothing/whole
black_hand,person/body
black_hands,person/body
black_hanfu,clothing/whole
black_hat,clothing/head
black_head,person/body
black_headband,clothing/head
black_headphones,object/tool
black_helmet,clothing/head
black_hood,clothing/head
black_hoodie,clothing/top
black_inner_ear,person/body
black_inner_ear_fluff,person/body
black_inner_pussy,sex/body
black_iron_great_sword,object/weapon
black_jacket,clothing/top
black_jeans,clothing/bottom
black_jewelry,clothing/accessory
black_jumpsuit,clothing/whole
black_keys_(type_moon),scene/sky
black_kimono,clothing/whole
black_knee_boots,clothing/footwear
black_knee_highs,person/body
black_knee_socks,clothing/legwear
black_knife_(elden_ring),clothing/accessory
black_latex,clothing/other
black_leash,sex/gear
black_leather_jacket,clothing/top
black_leg_warmers,person/body
black_leggings,clothing/bottom
black_legs,person/body
black_leotard,clothing/whole
black_lips,person/body
black_lobelia_(cosplay),style/medium
black_makeup,person/eyes
black_male_swimwear,person/count
black_male_underwear,person/count
black_mascara,person/eyes
black_mask,clothing/head
black_moon,scene/sky
black_moon_clan,scene/sky
black_mouth,person/body
black_neck,person/body
black_neckerchief,clothing/accessory
black_necklace,clothing/accessory
black_necktie,clothing/accessory
black_nightgown,clothing/whole
black_nose,person/body
black_nose_horn,person/body
black_one_piece_swimsuit,clothing/whole
black_order_uniform,clothing/whole
black_outfit,clothing/whole
black_overalls,clothing/whole
black_pajamas,clothing/whole
black_pants,clothing/bottom
black_pantyhose,clothing/legwear
black_penis,sex/body
black_petals,scene/nature
black_pillow,object/other
black_pouch,clothing/accessory
black_pseudo_hair,person/hair
black_pseudo_penis,sex/body
black_pubic_hair,sex/body
black_pup_mask,clothing/head
black_pussy,sex/body
black_ribbon,clothing/head
black_ring,clothing/accessory
black_robe,clothing/whole
black_rock_shooter_(character)_(cosplay),style/medium
black_rock_shooter_(cosplay),style/medium
black_rope,object/tool
black_sailor_collar,clothing/accessory
black_sandals,clothing/footwear
black_santa_costume,clothing/whole
black_sash,clothing/accessory
black_scarf,clothing/accessory
black_school_swimsuit,clothing/whole
black_sclera,person/eyes
black_sheath,object/weapon
black_sheath_slit,object/weapon
black_shirt,clothing/top
black_shoes,clothing/footwear
black_shorts,clothing/bottom
black_skin,person/body
black_skirt,clothing/bottom
black_sky,scene/sky
black_sleeveless_shirt,clothing/top
black_sling_bikini,clothing/whole
black_slingshot_swimsuit,clothing/whole
black_slippers,clothing/footwear
black_sneakers,clothing/footwear
black_soccer_ball,object/toy
black_socks,clothing/legwear
black_sofa,object/other
black_speech_bubble,style/quality
black_spiked_collar,clothing/accessory
black_spines,person/body
black_sports_bra,clothing/top
black_stockings,clothing/legwear
black_suit,clothing/whole
black_suit_jacket,clothing/whole
black_sun,scene/sky
black_sunglasses,clothing/accessory
black_surgical_mask,clothing/head
black_sweater,clothing/top
black_sweater_vest,clothing/top
black_swimming_trunks,expression/action
black_t_shirt,clothing/top
black_tank_top,clothing/top
black_tattoo,person/body
black_tea,object/food
black_tears,expression/face
black_teeth,person/body
black_tentacles,sex/gear
black_text,style/quality
black_text_border,style/quality
black_text_outline,style/quality
black_thigh_boots,clothing/footwear
black_thigh_highs,person/body
black_thigh_socks,clothing/legwear
black_thighhighs,clothing/legwear
black_thought_bubble,style/quality
black_tiara,clothing/head
black_tie_(suit),clothing/whole
black_tipped_ears,person/body
black_toe_claws,person/body
black_toes,person/body
black_tongue,person/body
black_top_hat,clothing/head
black_track_suit,clothing/whole
black_trenchcoat,clothing/top
black_tube_top,clothing/top
black_tunic,clothing/top
black_umbrella,object/tool
black_uniform,clothing/whole
black_veil,clothing/head
black_vest,clothing/top
black_vinegar_middle_school_uniform,clothing/whole
black_vulva,sex/body
black_wedding_dress,clothing/whole
black_wetsuit,clothing/whole
black_whip_(boku_no_hero_academia),object/weapon
black_widow_(cosplay),style/medium
black_wrist_cuffs,person/body
black_yoga_pants,clothing/bottom
blackberry_(fruit),object/food
blackberry_hair_ornament,clothing/head
blacked_female,person/count
blacked_male,person/count
blackjack_table,object/other
blacksmith_hammer,object/tool
blackâ˜…rock_shooter,scene/nature
bladder_penetration,sex/act
blade_arm,person/body
blade_catching,object/weapon
blade_lineage_(identity)_(project_moon),scene/sky
blade_of_mercy,object/weapon
blade_tail,object/weapon
blade_to_throat,object/weapon
bladed_weapon,object/weapon
bladeless_fan,object/tool
blake_bloom_(wuthering_waves),expression/action
blank_expression,expression/face
blank_eyes,person/eyes
blank_speech_bubble,style/quality
blanket,object/other
blanket_cape,clothing/top
blanket_grab,object/other
blanket_only,object/other
blanket_over_legs,person/body
blanket_veil,clothing/head
blaster_pistol,object/weapon
bleached_hair,person/hair
bleeding_from_forehead,person/body
bleeding_heart_(flower),scene/nature
blind_eye,person/eyes
blindfold,clothing/head
blindfold_down,clothing/head
blindfold_lift,clothing/head
blindfold_mask,clothing/head
blindfold_only,clothing/head
blindfold_pull,clothing/head
blindfold_slip,clothing/head
blinding_bangs,person/hair
blinking_inside_eyes,person/eyes
blissful_mouth,person/body
bloated_belly,person/body
blob_feet,person/body
block_heels,clothing/footwear
blocked_egg,object/food
blocked_orgasm,sex/act
blonde_armpit_hair,person/hair
blonde_eyelashes,person/eyes
blonde_facial_hair,person/hair
blonde_hair,person/hair
blonde_pubic_hair,sex/body
blood_bag,clothing/accessory
blood_edge_(stellar_blade),object/weapon
blood_from_ass,person/body
blood_from_ears,person/body
blood_from_eye,person/eyes
blood_from_eyes,person/eyes
blood_from_forehead,person/body
blood_from_mouth,person/body
blood_from_neck,person/body
blood_from_penis,sex/body
blood_from_pussy,sex/body
blood_from_vagina,sex/body
blood_in_ass,person/body
blood_in_hair,person/hair
blood_in_mouth,person/body
blood_in_pussy,sex/body
blood_in_water,scene/nature
blood_moon,scene/sky
blood_moon_(league_of_legends),scene/sky
blood_on_arm,person/body
blood_on_armor,clothing/accessory
blood_on_axe,object/weapon
blood_on_back,person/body
blood_on_balls,object/toy
blood_on_bandage,clothing/accessory
blood_on_bandages,clothing/accessory
blood_on_bed,object/other
blood_on_belly,person/body
blood_on_breast,person/body
blood_on_breasts,person/body
blood_on_chest,person/body
blood_on_clothes,clothing/other
blood_on_clothing,clothing/other
blood_on_dress,clothing/whole
blood_on_ear,person/body
blood_on_eye,person/eyes
blood_on_face,person/body
blood_on_feet,person/body
blood_on_flower,scene/nature
blood_on_foot,person/body
blood_on_gloves,clothing/accessory
blood_on_hair,person/hair
blood_on_hand,person/body
blood_on_hands,person/body
blood_on_hat,clothing/head
blood_on_head,person/body
blood_on_knife,object/weapon
blood_on_leg,person/body
blood_on_mask,clothing/head
blood_on_mirror,object/tool
blood_on_mouth,person/body
blood_on_neck,person/body
blood_on_paper,object/tool
blood_on_penis,sex/body
blood_on_pussy,sex/body
blood_on_shirt,clothing/top
blood_on_shoes,clothing/footwear
blood_on_shoulder,person/body
blood_on_snow,scene/sky
blood_on_stomach,person/body
blood_on_sword,object/weapon
blood_on_teeth,person/body
blood_on_tongue,person/body
blood_on_wall,scene/outdoor
blood_on_weapon,object/weapon
blood_pool,scene/outdoor
blood_sword,object/weapon
blood_tears,expression/face
blood_writing,expression/action
bloodhound_(apex_legends)_(cosplay),style/medium
bloodshot_eyes,person/eyes
bloody_bandages,clothing/accessory
bloody_clothes,clothing/other
bloody_dress,clothing/whole
bloody_knife,object/weapon
bloody_penis,sex/body
bloody_tears,expression/face
bloody_weapon,object/weapon
bloom_the_smile_bloom_the_dream!,expression/face
bloomers_around_one_leg,person/body
bloomers_on_head,person/body
blossoms,scene/nature
blotchy_areola,sex/body
blouse,clothing/top
blowing_balloon,object/toy
blowing_candle,object/tool
blowing_in_ear,person/body
blowing_nose,person/body
blowing_on_food,object/food
blowing_on_penis,sex/body
blowjob_face,sex/act
blowup_background,scene/background
blowup_doll,object/toy
blu_ray_logo,style/quality
blue_(among_us)_(cosplay),style/medium
blue_anus,sex/body
blue_apple,object/food
blue_apron,clothing/whole
blue_areola,sex/body
blue_arm_warmers,person/body
blue_armor,clothing/accessory
blue_arms,person/body
blue_back,person/body
blue_background,scene/background
blue_backpack,clothing/accessory
blue_bag,clothing/accessory
blue_ball_gag,object/toy
blue_balloon,object/toy
blue_balls,object/toy
blue_baseball_cap,clothing/head
blue_bed,object/other
blue_bed_sheet,object/other
blue_belly,person/body
blue_belt,clothing/accessory
blue_beret,clothing/head
blue_bike_shorts,clothing/bottom
blue_bikini,clothing/whole
blue_bikini_bottom,clothing/whole
blue_bikini_top,clothing/whole
blue_blanket,object/other
blue_blindfold,clothing/head
blue_blush,expression/face
blue_bodysuit,clothing/whole
blue_book,object/tool
blue_boots,clothing/footwear
blue_border,camera/framing
blue_bow,clothing/head
blue_bow_tie,clothing/head
blue_bowtie,clothing/accessory
blue_bra,clothing/top
blue_bracelet,clothing/accessory
blue_breasts,person/body
blue_bridal_gauntlets,clothing/accessory
blue_brooch,clothing/accessory
blue_butt,person/body
blue_camisole,clothing/top
blue_cap,clothing/head
blue_cape,clothing/top
blue_card,object/tool
blue_cardigan,clothing/top
blue_carpet,object/other
blue_chair,object/other
blue_chastity_cage,object/tool
blue_cheeks,person/body
blue_chest,person/body
blue_choker,clothing/accessory
blue_clitoral_hood,clothing/head
blue_cloak,clothing/top
blue_clothing,clothing/other
blue_clouds,scene/sky
blue_coat,clothing/top
blue_collar,clothing/accessory
blue_condom,sex/gear
blue_crop_top,clothing/top
blue_crown,clothing/head
blue_cum,sex/act
blue_curtain,object/other
blue_curtains,object/other
blue_detached_collar,clothing/accessory
blue_dildo,sex/gear
blue_dress,clothing/whole
blue_dress_shirt,clothing/whole
blue_ear_piercing,person/body
blue_ear_ring,clothing/accessory
blue_ear_tips,person/body
blue_earrings,clothing/accessory
blue_ears,person/body
blue_egg,object/food
blue_elbow_gloves,clothing/accessory
blue_eyebrows,person/eyes
blue_eyelashes,person/eyes
blue_eyelids,person/eyes
blue_eyes,person/eyes
blue_eyeshadow,person/eyes
blue_face,person/body
blue_facial_hair,person/hair
blue_feather_hair,person/hair
blue_feet,person/body
blue_finger_claws,person/body
blue_fingerless_gloves,clothing/accessory
blue_fingernails,person/body
blue_fingers,person/body
blue_flag,object/tool
blue_flower,scene/nature
blue_freckles,person/body
blue_garter,clothing/legwear
blue_garter_belt,clothing/legwear
blue_garter_straps,clothing/legwear
blue_glasses,clothing/accessory
blue_gloves,clothing/accessory
blue_goggles,clothing/accessory
blue_grass,scene/nature
blue_hair,person/hair
blue_hair_bow,clothing/head
blue_hair_tie,person/hair
blue_hair_tips,person/hair
blue_hairband,clothing/head
blue_hairclip,person/hair
blue_hanbok,clothing/whole
blue_hands,person/body
blue_hanfu,clothing/whole
blue_hat,clothing/head
blue_head,person/body
blue_headband,clothing/head
blue_headphones,object/tool
blue_helmet,clothing/head
blue_hood,clothing/head
blue_hoodie,clothing/top
blue_inner_ear,person/body
blue_inner_ear_fluff,person/body
blue_inner_pussy,sex/body
blue_jacket,clothing/top
blue_jeans,clothing/bottom
blue_jewelry,clothing/accessory
blue_jumpsuit,clothing/whole
blue_kimono,clothing/whole
blue_latex,clothing/other
blue_leaf,scene/nature
blue_leash,sex/gear
blue_leg_warmers,person/body
blue_leggings,clothing/bottom
blue_legs,person/body
blue_leotard,clothing/whole
blue_lips,person/body
blue_lock_bodysuit,clothing/whole
blue_makeup,person/eyes
blue_male_swimwear,person/count
blue_male_underwear,person/count
blue_mask,clothing/head
blue_monochrome,style/color
blue_moon,scene/sky
blue_moon_(module),scene/sky
blue_mouth,person/body
blue_neck,person/body
blue_neckerchief,clothing/accessory
blue_necklace,clothing/accessory
blue_necktie,clothing/accessory
blue_nightgown,clothing/whole
blue_nose,person/body
blue_one_piece_swimsuit,clothing/whole
blue_outfit,clothing/whole
blue_overalls,clothing/whole
blue_pajamas,clothing/whole
blue_pants,clothing/bottom
blue_pantyhose,clothing/legwear
blue_penis,sex/body
blue_petals,scene/nature
blue_pillow,object/other
blue_precum,sex/body
blue_pseudo_hair,person/hair
blue_pubic_hair,sex/body
blue_pup_mask,clothing/head
blue_pupils,person/eyes
blue_pussy,sex/body
blue_pussy_juice,sex/body
blue_ribbon,clothing/head
blue_robe,clothing/whole
blue_rope,object/tool
blue_rose_(gun),object/weapon
blue_rose_sword,object/weapon
blue_sailor_collar,clothing/accessory
blue_sandals,clothing/footwear
blue_santa_costume,clothing/whole
blue_sash,clothing/accessory
blue_scar,person/body
blue_scarf,clothing/accessory
blue_school_swimsuit,clothing/whole
blue_sclera,person/eyes
blue_screen_of_death,object/tool
blue_sheath,object/weapon
blue_shirt,clothing/top
blue_shoes,clothing/footwear
blue_shorts,clothing/bottom
blue_skin,person/body
blue_skirt,clothing/bottom
blue_sky,scene/sky
blue_slingshot_swimsuit,clothing/whole
blue_slippers,clothing/footwear
blue_sneakers,clothing/footwear
blue_socks,clothing/legwear
blue_sofa,object/other
blue_speech_bubble,style/quality
blue_spine,person/body
blue_spines,person/body
blue_sports_bra,clothing/top
blue_stockings,clothing/legwear
blue_suit,clothing/whole
blue_sunglasses,clothing/accessory
blue_sweater,clothing/top
blue_sweater_vest,clothing/top
blue_swimming_trunks,expression/action
blue_t_shirt,clothing/top
blue_tank_top,clothing/top
blue_tattoo,person/body
blue_teeth,person/body
blue_tentacles,sex/gear
blue_text,style/quality
blue_text_border,style/quality
blue_thigh_boots,clothing/footwear
blue_thigh_highs,person/body
blue_thigh_socks,clothing/legwear
blue_thighhighs,clothing/legwear
blue_tiara,clothing/head
blue_tinted_glasses,clothing/accessory
blue_toe_claws,person/body
blue_toes,person/body
blue_tongue,person/body
blue_track_suit,clothing/whole
blue_tube_top,clothing/top
blue_tunic,clothing/top
blue_umbrella,object/tool
blue_uniform,clothing/whole
blue_veil,clothing/head
blue_vest,clothing/top
blue_vulva,sex/body
blue_wall,scene/outdoor
blue_water,scene/nature
blue_wetsuit,clothing/whole
blue_wrist_cuffs,person/body
blue_wristband,clothing/accessory
bluebell_(flower),scene/nature
blueberry_(fruit),object/food
blueberry_academy_school_uniform,clothing/whole
blueberry_hair_ornament,clothing/head
blueberry_juice,object/food
bluesky_logo,style/quality
blunt_bangs,person/hair
blunt_sidelocks,person/hair
blurred_background,scene/background
blurred_character,person/count
blurred_text,style/quality
blurry_background,camera/framing
blurry_border,camera/framing
blurry_eyes,person/eyes
blurry_text,style/quality
blush,expression/face
blush_(makeup),expression/face
blush_emoticon,expression/face
blush_face,expression/face
blush_lines,expression/face
blush_marks,expression/face
blush_stickers,expression/face
blush_symbol,expression/face
blush_through_hair,expression/face
blush_visible_through_clothes,clothing/other
blush_visible_through_hands,expression/face
blushing_butt,person/body
blushing_feet,person/body
blushing_female,person/count
blushing_girls_are_cute_(template),person/count
blushing_penis,sex/body
bnahabra_(armor),clothing/accessory
boa_(clothing),clothing/other
boar_boy,person/count
boar_costume,clothing/whole
boar_ears,person/body
boar_hood,clothing/head
boar_mask,clothing/head
boater_hat,clothing/head
bob_cut,person/hair
bobby_socks,clothing/legwear
bodily_fluids_from_ass,person/body
bodily_fluids_from_mouth,person/body
bodily_fluids_from_pussy,sex/body
bodily_fluids_in_ass,person/body
bodily_fluids_in_mouth,person/body
bodily_fluids_in_pussy,sex/body
bodily_fluids_on_face,person/body
bodily_fluids_on_penis,sex/body
body_armor,clothing/accessory
body_bag,clothing/accessory
body_between_breasts,person/body
body_blush,expression/face
body_bridge,scene/outdoor
body_chain,object/tool
body_freckles,person/body
body_hair,person/hair
body_in_anus,sex/body
body_in_mouth,person/body
body_in_pussy,sex/body
body_jewelry,clothing/accessory
body_motion_path,scene/outdoor
body_of_water,scene/nature
body_part_in_ass,person/body
body_part_in_mouth,person/body
body_part_in_penis,sex/body
body_part_in_pussy,sex/body
body_pattern,scene/background
body_penetration,sex/act
body_pillow,object/other
body_rings,clothing/accessory
body_tattoo,person/body
body_writing,expression/action
body_zipper,clothing/other
bodybuilder,person/body
bodysuit,clothing/whole
bodysuit_aside,clothing/whole
bodysuit_condom,clothing/whole
bodysuit_pull,clothing/whole
bodysuit_under_clothes,clothing/whole
bofors_40_mm_gun,object/weapon
boiling_water,scene/nature
boko_(girls_und_panzer)_(cosplay),style/medium
bola_(weapon),object/weapon
bold_text,style/quality
bolero_jacket,clothing/top
bolt_action_rifle,object/weapon
bolt_hair_ornament,clothing/head
bolt_pistol,object/weapon
bomb_collar,clothing/accessory
bomb_hair_ornament,clothing/head
bomb_suit,clothing/whole
bomber_hat,clothing/head
bomber_jacket,clothing/top
bondage,sex/gear
bondage_and_chill,sex/gear
bondage_chair,sex/gear
bondage_cuffs,sex/gear
bondage_furniture,sex/gear
bondage_gear,sex/gear
bondage_gloves,clothing/accessory
bondage_harness,sex/gear
bondage_male,sex/gear
bondage_mittens,sex/gear
bondage_outfit,clothing/whole
bondage_pants,clothing/bottom
bondage_wrist_cuff,sex/gear
bone_(armor),clothing/accessory
bone_armor,clothing/accessory
bone_armor_(monster_hunter),clothing/accessory
bone_collar_tag,clothing/accessory
bone_earrings,clothing/accessory
bone_hair_ornament,clothing/head
bone_in_hair,person/hair
bone_in_mouth,person/body
bone_mask,clothing/head
bone_necklace,clothing/accessory
bone_pattern,scene/background
bone_shaped_pupils,person/eyes
bone_weapon,object/weapon
boned_meat,object/food
bones_in_condom,sex/gear
bones_in_cum,sex/act
bones_in_stomach,person/body
bongo_drum,object/tool
bongo_drums,object/tool
bonple_military_uniform,clothing/whole
bonyari_high_school_uniform,clothing/whole
boob_armor,clothing/accessory
boob_hat,clothing/head
boobies_uniform,clothing/whole
boobs_in_book_(meme),object/tool
book,object/tool
book_focus,camera/framing
book_holster,object/weapon
book_hug,expression/action
book_on_breasts,person/body
book_on_head,person/body
book_on_lap,object/tool
book_stack,object/tool
book_stand,object/tool
book_strap,object/tool
book_title,object/tool
book_to_mouth,person/body
bookshelf,object/other
bookshelf_pov,camera/angle
boom_microphone,object/tool
boonie_hat,clothing/head
boosty_logo,style/quality
boot_knife,object/weapon
boot_on_balls,object/toy
boot_on_penis,sex/body
boots,clothing/footwear
boots_(marking),clothing/footwear
boots_only,clothing/footwear
boots_removed,clothing/footwear
booty_shorts,clothing/bottom
border,camera/framing
border_operator_uniform_(world_trigger),camera/framing
bored_sex,sex/act
borrowed_character,person/count
borrowed_clothes,clothing/other
borrowed_weapon,object/weapon
borscht_(food),object/food
both_hands_on_balls,person/body
both_hands_on_penis,sex/body
both_pregnant,sex/body
bottle,object/food
bottle_between_breasts,person/body
bottle_between_thighs,person/body
bottle_cap,clothing/head
bottle_cap_challenge,clothing/head
bottle_feeding,object/food
bottle_in_ass,person/body
bottle_in_pussy,sex/body
bottle_insertion,sex/act
bottle_meme_(pixiv),object/food
bottle_on_head,person/body
bottle_opener,object/food
bottle_to_cheek,object/food
bottled_water,scene/nature
bottom_pov,camera/angle
bottom_with_big_penis,sex/body
bottomless_female,person/count
bottomless_human,person/count
bottomless_humanoid,person/count
bottomless_male,person/count
bottomless_to_nude,sex/act
bottomwear_around_ankles,person/body
bottomwear_around_legs,person/body
bottomwear_around_one_leg,person/body
bougainvillea_(flower),scene/nature
bouncing_ass,person/body
bouncing_balls,object/toy
bouncing_bed,object/other
bouncing_belly,person/body
bouncing_breasts,person/body
bouncing_butt,person/body
bouncing_ears,person/body
bouncing_flat_chest,person/body
bouncing_hair,person/hair
bouncing_penis,sex/body
bound,sex/gear
bound_and_gagged,sex/gear
bound_ankles,sex/gear
bound_arms,sex/gear
bound_breasts,sex/gear
bound_feet,sex/gear
bound_female,sex/gear
bound_fingers,sex/gear
bound_knees,sex/gear
bound_leg,sex/gear
bound_legs,sex/gear
bound_male,sex/gear
bound_midriff,sex/gear
bound_penis,sex/body
bound_puppy_pose,sex/gear
bound_snout,sex/gear
bound_tail,sex/gear
bound_thighs,sex/gear
bound_thumbs,sex/gear
bound_to_object,sex/gear
bound_to_urinal,sex/gear
bound_to_vibrator,sex/gear
bound_to_wall,sex/gear
bound_toes,sex/gear
bound_together,sex/gear
bound_top,sex/gear
bound_torso,sex/gear
bound_wings,sex/gear
bound_wrists,sex/gear
bovine_balls,object/toy
bovine_ears,person/body
bovine_penis,sex/body
bovine_pussy,sex/body
bovine_vulva,sex/body
bow,clothing/head
bow_(anatomy),clothing/head
bow_(decoration),clothing/head
bow_(feature),clothing/head
bow_(music),clothing/head
bow_(stringed_instrument),clothing/head
bow_(weapon),clothing/head
bow_accessory,clothing/head
bow_apron,clothing/whole
bow_babydoll,clothing/head
bow_bikini,clothing/whole
bow_bloomers,clothing/head
bow_bra,clothing/top
bow_button,clothing/head
bow_camisole,clothing/top
bow_choker,clothing/head
bow_collar,clothing/head
bow_dress,clothing/whole
bow_earrings,clothing/head
bow_eyepatch,clothing/head
bow_flower,clothing/head
bow_footwear,clothing/footwear
bow_garter_belt,clothing/legwear
bow_garter_straps,clothing/legwear
bow_gloves,clothing/head
bow_hair_ornament,clothing/head
bow_hairband,clothing/head
bow_hat,clothing/head
bow_headband,clothing/head
bow_headwear,clothing/head
bow_in_back,clothing/head
bow_in_front,clothing/head
bow_knot,clothing/head
bow_legged,clothing/head
bow_legwear,clothing/legwear
bow_necklace,clothing/head
bow_of_light,clothing/head
bow_on_head,clothing/head
bow_on_wing,clothing/head
bow_only,clothing/head
bow_panties,clothing/head
bow_print,clothing/head
bow_ribbon,clothing/head
bow_ring,clothing/head
bow_shaped_hair,clothing/head
bow_shirt,clothing/top
bow_shoes,clothing/footwear
bow_shorts,clothing/bottom
bow_skirt,clothing/bottom
bow_swimsuit,clothing/whole
bow_swimwear,clothing/head
bow_thigh_highs,clothing/head
bow_tie,clothing/head
bow_tie_only,clothing/head
bow_topwear,clothing/head
bow_underwear,clothing/head
bowing,expression/pose
bowing_and_scraping,expression/pose
bowl,object/food
bowl_boat,object/food
bowl_cut,person/hair
bowl_hat,clothing/head
bowl_stack,object/food
bowlegged_pose,expression/pose
bowler_hat,clothing/head
bowling_alley,scene/outdoor
bowling_ball,object/toy
bowser_(cosplay),style/medium
bowser_logo,style/quality
bowser_logo_thong,style/quality
bowser_logo_underwear,style/quality
bowser_tattoo,person/body
bowsette_(cosplay),style/medium
bowtie,clothing/accessory
box,object/tool
box_art,object/tool
box_body,object/tool
box_braids,person/hair
box_cutter,object/tool
box_of_chocolates,object/food
box_on_head,person/body
box_sentou_shoujo,object/tool
box_stack,object/tool
box_tie,object/tool
box_truck,object/tool
boxers_(clothing),clothing/other
boxing_gloves,clothing/accessory
boxing_gloves_only,clothing/accessory
boxing_ring,clothing/accessory
boxing_shorts,clothing/bottom
boy_and_girl_sandwich,person/count
boy_cow,person/count
boy_on_top,person/count
boy_sandwich,person/count
boy_scout,person/count
boy_shorts,clothing/bottom
boyfriend's_shirt,clothing/top
boys_anti_tank_rifle,person/count
bra,clothing/top
bra_around_one_arm,clothing/top
bra_aside,clothing/top
bra_clasp,clothing/top
bra_down,clothing/top
bra_in_mouth,clothing/top
bra_lift,clothing/top
bra_lines,clothing/top
bra_on_head,clothing/top
bra_only,clothing/top
bra_outline,clothing/top
bra_over_clothes,clothing/top
bra_peek,clothing/top
bra_pull,clothing/top
bra_removed,clothing/top
bra_slip,clothing/top
bra_strap,clothing/top
bra_through_clothing,clothing/top
bra_tug,clothing/top
bra_up,clothing/top
bra_visible_through_clothes,clothing/top
bracelet,clothing/accessory
bracelet_(marking),clothing/accessory
bracelet_only,clothing/accessory
bracers,clothing/accessory
braid,person/hair
braided_bangs,person/hair
braided_bun,person/hair
braided_hair,person/hair
braided_hair_rings,clothing/accessory
braided_hairband,clothing/head
braided_ponytail,person/hair
braided_pseudo_hair,person/hair
braided_scarf,clothing/accessory
braided_sidelocks,person/hair
braiding_another's_hair,person/hair
braiding_hair,person/hair
branch,scene/nature
branch_horn,scene/nature
bras_d'honneur,clothing/top
brazilian_flag,object/tool
brazilian_flag_bikini,clothing/whole
brazilian_flag_print,object/tool
brazilian_miku_(cosplay),style/medium
bread,object/food
bread_bun,person/hair
bread_crust,object/food
bread_eating_race,expression/action
bread_loaf,object/food
bread_slice,object/food
break_action_pistol,object/weapon
breaking_glass,object/food
breaking_the_fourth_wall,scene/outdoor
breaking_through_wall,scene/outdoor
breast_armor,clothing/accessory
breast_awe,person/body
breast_balls,person/body
breast_band,person/body
breast_beam,person/body
breast_bind,person/body
breast_bite,person/body
breast_biting,person/body
breast_blush,expression/face
breast_bondage,sex/gear
breast_bow,clothing/head
breast_bulge,person/body
breast_clinging,person/body
breast_conscious,person/body
breast_contest,person/body
breast_crush,person/body
breast_curtain,person/body
breast_curtain_lift,person/body
breast_curtains,person/body
breast_cutout,person/body
breast_cutouts,person/body
breast_drop,person/body
breast_envy,person/body
breast_expansion,person/body
breast_fight,person/body
breast_focus,camera/framing
breast_fondle,person/body
breast_fondling,person/body
breast_freckles,person/body
breast_grab,person/body
breast_grab_from_behind,camera/angle
breast_grabbed_from_behind,camera/angle
breast_grope,person/body
breast_groping,person/body
breast_growth,person/body
breast_harness,person/body
breast_hug,expression/action
breast_implants,person/body
breast_imprints,person/body
breast_in_mouth,person/body
breast_jiggle,person/body
breast_kiss,person/body
breast_lick,person/body
breast_lift,person/body
breast_markings,person/body
breast_massage,person/body
breast_milk_in_container,person/body
breast_milking,sex/act
breast_mousepad,person/body
breast_mutilation,person/body
breast_on_breast,person/body
breast_on_breasts,person/body
breast_on_chest,person/body
breast_on_head,person/body
breast_on_tray,person/body
breast_out,person/body
breast_outline,person/body
breast_overflow,person/body
breast_padding,person/body
breast_physics,person/body
breast_piercing,person/body
breast_pile,person/body
breast_pillow,person/body
breast_pinch,person/body
breast_play,person/body
breast_pocket,person/body
breast_poke,person/body
breast_pregnancy,person/body
breast_press,person/body
breast_pull,person/body
breast_pump,person/body
breast_punch,person/body
breast_reduction,person/body
breast_rest,person/body
breast_ribbon,clothing/head
breast_rings,clothing/accessory
breast_scar,person/body
breast_shot,camera/shot
breast_shrinking,person/body
breast_size_difference,person/body
breast_size_switch,person/body
breast_slap,person/body
breast_slider,person/body
breast_slip,person/body
breast_smother,person/body
breast_squeeze,person/body
breast_squish,person/body
breast_strap,person/body
breast_suck,person/body
breast_sucking,person/body
breast_sucking_through_clothes,clothing/other
breast_suppress,person/body
breast_sway,person/body
breast_tattoo,person/body
breast_tissue,person/body
breast_to_breast,person/body
breast_to_pectoral_docking,person/body
breast_torture,person/body
breast_transformation,person/body
breast_tuft,person/body
breast_veil,clothing/head
breast_vore,person/body
breast_worship,person/body
breast_zipper,clothing/other
breastfeeding_during_sex,sex/act
breastless_clothes,clothing/other
breastless_clothing,clothing/other
breastless_ghost_costume,clothing/whole
breastless_leotard,clothing/whole
breasts,person/body
breasts_and_teats,person/body
breasts_and_udders,person/body
breasts_apart,person/body
breasts_bigger_than_head,person/body
breasts_day,person/body
breasts_focus,camera/framing
breasts_frottage,person/body
breasts_in_a_box,person/body
breasts_on_another's_back,person/body
breasts_on_face,person/body
breasts_on_glass,person/body
breasts_on_ground,person/body
breasts_on_head,person/body
breasts_on_lap,person/body
breasts_on_shoulders,person/body
breasts_on_table,person/body
breasts_on_thighs,person/body
breasts_on_tray,person/body
breasts_out,person/body
breasts_press,person/body
breasts_shrinking,person/body
breasts_squeezed_together,person/body
breasts_squish,person/body
breasts_tied,person/body
breasts_together,person/body
breath_fog,scene/sky
breath_weapon,object/weapon
breathing_lightning,scene/sky
breathing_on_hands,person/body
bremerton_(azur_lane)_(cosplay),style/medium
brendan_(pokemon)_(cosplay),style/medium
bribery_with_sex,sex/act
brick_background,scene/background
brick_phone,object/tool
brick_road,scene/outdoor
brick_wall,scene/outdoor
bridal_bikini,clothing/whole
bridal_blade_(fate),object/weapon
bridal_chest_(fate),person/body
bridal_garter,clothing/legwear
bridal_gauntlets,clothing/accessory
bridal_gauntlets_only,clothing/accessory
bridal_legwear,clothing/legwear
bridal_swimsuit,clothing/whole
bridal_veil,clothing/head
bridge,scene/outdoor
bridge_piercing,scene/outdoor
bridge_pose,expression/pose
bridge_position,scene/outdoor
bridgeless_bra,clothing/top
bridget_(guilty_gear)_(cosplay),style/medium
briefs_around_leg,person/body
briefs_around_one_leg,person/body
brigandine_(armor),clothing/accessory
bright_background,scene/background
bright_eyes,person/eyes
bright_me_up!!_(ensemble_stars!),scene/sky
bright_pupils,person/eyes
broad_shoulders,person/body
brodie_helmet,clothing/head
broken_arm,person/body
broken_armor,clothing/accessory
broken_arrow,object/weapon
broken_bed,object/other
broken_bottle,object/food
broken_bra,clothing/top
broken_bridge,scene/outdoor
broken_chain,object/tool
broken_chair,object/other
broken_chopsticks,object/food
broken_clothing,clothing/other
broken_collar,clothing/accessory
broken_condom,sex/gear
broken_cup,object/food
broken_door,scene/outdoor
broken_egg,object/food
broken_fence,scene/outdoor
broken_finger,person/body
broken_glass,object/food
broken_glasses,clothing/accessory
broken_goggles,clothing/accessory
broken_handcuffs,sex/gear
broken_heart_hair_ornament,clothing/head
broken_helmet,clothing/head
broken_key,object/tool
broken_leg,person/body
broken_legs,person/body
broken_mask,clothing/head
broken_mirror,object/tool
broken_moon,scene/sky
broken_neck,person/body
broken_necklace,clothing/accessory
broken_pencil,object/tool
broken_phone,object/tool
broken_plate,object/food
broken_rape_victim,sex/act
broken_screen,object/tool
broken_sex_toy,sex/act
broken_shield,object/weapon
broken_skin,person/body
broken_spear,object/weapon
broken_sword,object/weapon
broken_table,object/other
broken_teeth,person/body
broken_umbrella,object/tool
broken_vase,object/tool
broken_wall,scene/outdoor
broken_weapon,object/weapon
broken_wrist,person/body
broken_zipper,clothing/other
bronya_zaychik_(cosplay),style/medium
brooch,clothing/accessory
brooch_removed,clothing/accessory
broom_guitar,expression/action
broom_ribbon,clothing/head
brow_hair,person/hair
brown_anus,sex/body
brown_apron,clothing/whole
brown_areola,sex/body
brown_arm_warmers,person/body
brown_armor,clothing/accessory
brown_arms,person/body
brown_back,person/body
brown_background,scene/background
brown_backpack,clothing/accessory
brown_bag,clothing/accessory
brown_balls,object/toy
brown_belly,person/body
brown_belt,clothing/accessory
brown_bikini,clothing/whole
brown_blush,expression/face
brown_body_hair,person/hair
brown_bodysuit,clothing/whole
brown_boots,clothing/footwear
brown_border,camera/framing
brown_bow,clothing/head
brown_bowtie,clothing/accessory
brown_bra,clothing/top
brown_bracelet,clothing/accessory
brown_breasts,person/body
brown_bridal_gauntlets,clothing/accessory
brown_butt,person/body
brown_camisole,clothing/top
brown_cape,clothing/top
brown_cardigan,clothing/top
brown_chair,object/other
brown_chest,person/body
brown_chest_hair,person/hair
brown_choker,clothing/accessory
brown_cloak,clothing/top
brown_clothing,clothing/other
brown_coat,clothing/top
brown_collar,clothing/accessory
brown_cowboy_hat,clothing/head
brown_dress,clothing/whole
brown_ear_tips,person/body
brown_ears,person/body
brown_egyptian_cat_eared_loli_(trend),person/count
brown_eye,person/eyes
brown_eye_patch,person/eyes
brown_eyelashes,person/eyes
brown_eyelids,person/eyes
brown_eyes,person/eyes
brown_eyeshadow,person/eyes
brown_face,person/body
brown_facial_hair,person/hair
brown_feather_hair,person/hair
brown_feet,person/body
brown_finger_claws,person/body
brown_fingerless_gloves,clothing/accessory
brown_fingernails,person/body
brown_fingers,person/body
brown_flower,scene/nature
brown_freckles,person/body
brown_garter_straps,clothing/legwear
brown_glasses,clothing/accessory
brown_gloves,clothing/accessory
brown_goggles,clothing/accessory
brown_hair,person/hair
brown_hairband,clothing/head
brown_hands,person/body
brown_hanfu,clothing/whole
brown_hat,clothing/head
brown_head,person/body
brown_headband,clothing/head
brown_helmet,clothing/head
brown_high_heels,clothing/footwear
brown_hood,clothing/head
brown_hoodie,clothing/top
brown_inner_ear,person/body
brown_inner_ear_fluff,person/body
brown_inner_pussy,sex/body
brown_jacket,clothing/top
brown_jewelry,clothing/accessory
brown_jumpsuit,clothing/whole
brown_kimono,clothing/whole
brown_latex,clothing/other
brown_leash,sex/gear
brown_leg_warmers,person/body
brown_leggings,clothing/bottom
brown_legs,person/body
brown_leotard,clothing/whole
brown_lips,person/body
brown_male_swimwear,person/count
brown_male_underwear,person/count
brown_mask,clothing/head
brown_mouth,person/body
brown_neck,person/body
brown_neckerchief,clothing/accessory
brown_necklace,clothing/accessory
brown_necktie,clothing/accessory
brown_nose,person/body
brown_nose_horn,person/body
brown_one_piece_swimsuit,clothing/whole
brown_overalls,clothing/whole
brown_pajamas,clothing/whole
brown_pants,clothing/bottom
brown_pantyhose,clothing/legwear
brown_penis,sex/body
brown_pillow,object/other
brown_pseudo_hair,person/hair
brown_pseudo_penis,sex/body
brown_pubic_hair,sex/body
brown_pupils,person/eyes
brown_pussy,sex/body
brown_ribbon,clothing/head
brown_robe,clothing/whole
brown_rope,object/tool
brown_sailor_collar,clothing/accessory
brown_sandals,clothing/footwear
brown_sash,clothing/accessory
brown_scarf,clothing/accessory
brown_sclera,person/eyes
brown_sheath,object/weapon
brown_shirt,clothing/top
brown_shoes,clothing/footwear
brown_shorts,clothing/bottom
brown_skin,person/body
brown_skinned_female,person/count
brown_skirt,clothing/bottom
brown_sky,scene/sky
brown_slippers,clothing/footwear
brown_socks,clothing/legwear
brown_sofa,object/other
brown_speech_bubble,style/quality
brown_sports_bra,clothing/top
brown_stockings,clothing/legwear
brown_suit,clothing/whole
brown_sweater,clothing/top
brown_sweater_vest,clothing/top
brown_t_shirt,clothing/top
brown_table,object/other
brown_tank_top,clothing/top
brown_tattoo,person/body
brown_tentacles,sex/gear
brown_text,style/quality
brown_thigh_highs,person/body
brown_thighhighs,clothing/legwear
brown_toe_claws,person/body
brown_toes,person/body
brown_tongue,person/body
brown_trenchcoat,clothing/top
brown_tube_top,clothing/top
brown_tunic,clothing/top
brown_umbrella,object/tool
brown_veil,clothing/head
brown_vest,clothing/top
brown_vulva,sex/body
brown_wall,scene/outdoor
brown_wrist_cuffs,person/body
brown_wristband,clothing/accessory
brownie_(food),object/food
browning_automatic_rifle,object/weapon
bruce_lee's_jumpsuit,clothing/whole
bruise_on_arm,person/body
bruise_on_ass,person/body
bruise_on_chest,person/body
bruise_on_face,person/body
bruise_on_hand,person/body
bruise_on_knee,person/body
bruise_on_leg,person/body
bruise_on_neck,person/body
bruise_on_shoulder,person/body
bruise_on_stomach,person/body
bruised_arm,person/body
bruised_balls,object/toy
bruised_belly,person/body
bruised_breast,person/body
bruised_butt,person/body
bruised_chest,person/body
bruised_eye,person/eyes
bruised_face,person/body
bruised_leg,person/body
bruised_neck,person/body
bruno_bucciarati_(cosplay),style/medium
bruno_mars_(cosplay),style/medium
brush_holder,object/tool
brush_stroke,object/tool
brush_tail,object/tool
brushing_another's_hair,person/hair
brushing_another's_teeth,person/body
brushing_feet,person/body
brushing_hair,person/hair
brushing_own_hair,person/hair
brushing_teeth,person/body
bryan_lee_o'malley_(style),style/medium
bubble_background,scene/background
bubble_butt,person/body
bubble_gun,object/weapon
bubble_head_nurse_(cosplay),style/medium
bubble_helmet,clothing/head
bubble_pipe,object/tool
bubble_skirt,clothing/bottom
bubble_tea,object/food
bubble_tea_challenge,object/food
bubble_tea_challenge_failure,object/food
bubble_text,style/quality
buck_teeth,person/body
bucket,object/tool
bucket_hat,clothing/head
bucket_of_chicken,object/tool
bucket_of_lava,object/tool
bucket_of_water,scene/nature
bucket_on_head,person/body
bucket_punishment,object/tool
bucket_spill,object/tool
buckled_collar,clothing/accessory
bud_(flower),scene/nature
bug_cage,object/tool
bug_net,object/tool
bugles_(food),object/food
bugles_on_fingers,person/body
building_in_pussy,sex/body
building_insertion,sex/act
building_sand_sculpture,style/medium
building_sex,sex/act
bulbous_nose,person/body
bulge_focus,camera/framing
bulge_from_behind,camera/angle
bulge_in_face,person/body
bulge_on_face,person/body
bulge_through_clothing,clothing/other
bulge_to_ass,person/body
bulge_to_face,person/body
bulging_balls,object/toy
bulging_breasts,person/body
bulging_butt,person/body
bulging_eyes,person/eyes
bulging_neck,person/body
bulging_thighs,person/body
bullet,object/weapon
bullet_belt,clothing/accessory
bullet_casing,object/weapon
bullet_earrings,clothing/accessory
bullet_hole,object/weapon
bullet_in_mouth,person/body
bullet_line,object/weapon
bullet_necklace,clothing/accessory
bullet_scar,person/body
bullet_time,object/weapon
bullet_wound,object/weapon
bulletproof_vest,clothing/top
bulma_(cosplay),style/medium
bumped_dildo,sex/gear
bumpy_areola,sex/body
bun_(food),person/hair
bun_cover,person/hair
bun_with_braided_base,person/hair
bunching_hair,person/hair
bungee_jumping,expression/action
bunk_bed,object/other
bunny_costume,clothing/whole
bunny_day,scene/sky
bunny_ears_(gesture),person/body
bunny_ears_prank,person/body
bunny_girl_suit,clothing/whole
bunny_headphones,object/tool
bunny_hood_(zelda),clothing/head
bunny_slippers,clothing/footwear
buns,person/hair
bunting_(banner),object/tool
burger,object/food
burger_costume,clothing/whole
burger_hair_ornament,clothing/head
burger_king_crown,clothing/head
burger_malfunction,object/food
burger_skater_(idolmaster),object/food
burgundy_jacket,clothing/top
burial_blade,object/weapon
buried_in_sand,scene/nature
buried_in_sculpted_sand,scene/nature
buried_penis,sex/body
burn_scar,person/body
burned_paper,object/tool
burning_clothes,clothing/other
burning_hair,person/hair
burning_paper,object/tool
burnt_clothes,clothing/other
burnt_clothing,clothing/other
burnt_food,object/food
burnt_hair,person/hair
burnt_tongue,person/body
burping_in_face,person/body
burping_up_clothing,clothing/other
burst_fire_gun,object/weapon
burst_fire_rifle,object/weapon
bursting_ass,person/body
bursting_belly,person/body
bursting_breasts,person/body
bursting_out_of_clothing,clothing/other
buruma_around_leg,person/body
buruma_around_one_leg,person/body
buruma_under_skirt,clothing/bottom
bus_stop_sign,object/tool
bush,scene/nature
bushy_hair,person/hair
business_card,object/tool
business_suit,clothing/whole
bust_(sculpture),style/medium
bust_chart,camera/shot
bust_cup,camera/shot
bust_measuring,camera/shot
buster_rifle,object/weapon
buster_shirt,clothing/top
buster_sword,object/weapon
busty_female,person/count
butch/femme_couple,person/count
butcher_knife,object/weapon
butler_bowing,expression/pose
butt,person/body
butt_absorption,person/body
butt_bite,person/body
butt_blush,expression/face
butt_bump,person/body
butt_cleavage,person/body
butt_clench,person/body
butt_close_up,person/body
butt_crack,person/body
butt_crush,person/body
butt_cutout,person/body
butt_dimples,person/body
butt_envy,person/body
butt_expansion,person/body
butt_fetish,person/body
butt_first,person/body
butt_flap,person/body
butt_fluff,person/body
butt_focus,camera/framing
butt_from_the_front,person/body
butt_grab,person/body
butt_hair,person/hair
butt_heart,person/body
butt_imprint,person/body
butt_in_face,person/body
butt_jiggle,person/body
butt_keyhole_panties,person/body
butt_kiss,person/body
butt_lick,person/body
butt_markings,person/body
butt_massage,person/body
butt_mouth,person/body
butt_on_face,person/body
butt_on_fire,person/body
butt_outline,person/body
butt_pillow,person/body
butt_pinch,person/body
butt_plug,sex/gear
butt_plug_tail,sex/gear
butt_pose,expression/pose
butt_press,person/body
butt_ripples,person/body
butt_rub,person/body
butt_rubbing,person/body
butt_scar,person/body
butt_shot,camera/shot
butt_size_difference,person/body
butt_slam,person/body
butt_slap,person/body
butt_smack,person/body
butt_smother,person/body
butt_sniffing,person/body
butt_squeeze,person/body
butt_squish,person/body
butt_stack,person/body
butt_stuck,person/body
butt_tattoo,person/body
butt_to_cheek,person/body
butt_torture,person/body
butt_touch,person/body
butt_transformation,person/body
butt_tuft,person/body
butt_window,person/body
butt_wings,person/body
butt_worship,person/body
butt_zipper,clothing/other
butter_knife,object/weapon
buttercup_(flower),scene/nature
butterfly_background,scene/background
butterfly_brooch,clothing/accessory
butterfly_choker,clothing/accessory
butterfly_costume,clothing/whole
butterfly_doors,scene/outdoor
butterfly_earrings,clothing/accessory
butterfly_eyepatch,clothing/accessory
butterfly_girl,person/count
butterfly_hair_ornament,clothing/head
butterfly_hat,clothing/head
butterfly_hat_ornament,clothing/head
butterfly_in_eye,person/eyes
butterfly_knife,object/weapon
butterfly_knife_(apex_legends),object/weapon
butterfly_mask,clothing/head
butterfly_necklace,clothing/accessory
butterfly_net,object/tool
butterfly_on_face,person/body
butterfly_on_hair,person/hair
butterfly_on_hand,person/body
butterfly_on_hat,clothing/head
butterfly_on_head,person/body
butterfly_on_knee,person/body
butterfly_on_mouth,person/body
butterfly_on_nose,person/body
butterfly_on_shoulder,person/body
butterfly_over_eye,person/eyes
butterfly_print_kimono,clothing/whole
butterfly_print_sash,clothing/accessory
butterfly_ring,clothing/accessory
butterfly_shaped_pupils,person/eyes
butterfly_sitting,expression/pose
butterfly_swords,object/weapon
butterfly_tattoo,person/body
butterfly_wings_gauntlets,clothing/accessory
buttjob_over_clothes,clothing/other
buttjob_under_clothes,clothing/other
button_down_shirt,clothing/top
button_dress,clothing/whole
button_ears,person/body
button_eyes,person/eyes
button_hair_ornament,clothing/head
button_nose,person/body
button_shirt,clothing/top
button_skirt,clothing/bottom
button_up_skirt,clothing/bottom
buttoned_clothing,clothing/other
buttplug,sex/gear
buttplug_bikini,clothing/whole
buttplug_clothing,clothing/other
buttplug_in_ass,sex/gear
buttplug_insertion,sex/act
buttplug_pull_out,sex/gear
buttplug_swimwear,sex/gear
buttplug_tail,sex/gear
buttplug_vibrator,sex/gear
butts_everywhere,person/body
butts_touching,person/body
buying_condoms,sex/gear
bygone_days_(e.g.o),scene/sky
byleth_(female)_(fire_emblem)_(cosplay),style/medium
byleth_(male)_(fire_emblem)_(cosplay),style/medium
c.c._(cosplay),style/medium
c_5m_super_galaxy,scene/sky
c_rank_uniform_(world_trigger),clothing/whole
c_section_scar,person/body
cabbie_hat,clothing/head
cabinet,object/other
cable_hair,person/hair
cable_insertion,sex/act
cable_stayed_bridge,scene/outdoor
cacao_fruit,object/food
cactus_girl,person/count
caesar_anthonio_zeppeli_(cosplay),style/medium
cafe,scene/indoor
cafe_cuties_(league_of_legends),scene/indoor
cafe_maid_(love_live!),clothing/whole
cafe_mew_mew_uniform,clothing/whole
cafe_parade_(idolmaster),scene/indoor
cage,object/tool
cage_interior,object/tool
cage_muzzle,object/tool
cagliostro_(granblue_fantasy)_(cosplay),style/medium
cake,object/food
cake_(minecraft),object/food
cake_batter,object/food
cake_cat_(honkai:_star_rail),object/food
cake_decoration,object/food
cake_hair_ornament,clothing/head
cake_hat,clothing/head
cake_on_head,person/body
cake_pop,object/food
cake_print,object/food
cake_shaped_hat,clothing/head
cake_sitting,expression/pose
cake_slice,object/food
cake_slicer,object/food
cake_stand,object/food
cake_transformation,object/food
calavera_face_paint,person/body
calem_(pokemon)_(cosplay),style/medium
calf_boots,clothing/footwear
calf_muscles,person/body
calf_socks,clothing/legwear
calico_(pattern),scene/background
calico_pattern,scene/background
callie_(splatoon)_(cosplay),style/medium
calligraphy_brush,object/tool
calligraphy_scroll,object/tool
calling_card,object/tool
camel_ears,person/body
camel_girl,person/count
camel_toe,person/body
camel_toe_from_behind,camera/angle
camelid_pussy,sex/body
camelid_vulva,sex/body
camelot_academy_of_chivalry_school_uniform,clothing/whole
camera_around_neck,person/body
camera_eyes,person/eyes
camera_hold_pose_(han_0v0),expression/pose
camera_phone,object/tool
camera_pov,camera/angle
camilla_(fire_emblem)_(cosplay),style/medium
camisole,clothing/top
camisole_lift,clothing/top
camisole_over_clothes,clothing/top
camisole_pull,clothing/top
camisole_removed,clothing/top
cammy_white_(cosplay),style/medium
camo_clothing,clothing/other
camo_hat,clothing/head
camo_headwear,clothing/head
camo_jacket,clothing/top
camo_pants,clothing/bottom
camo_shirt,clothing/top
camo_shorts,clothing/bottom
camouflage_background,scene/background
camouflage_bag,clothing/accessory
camouflage_bikini,clothing/whole
camouflage_bikini_top,clothing/whole
camouflage_bra,clothing/top
camouflage_cloak,clothing/top
camouflage_coat,clothing/top
camouflage_dress,clothing/whole
camouflage_footwear,clothing/footwear
camouflage_gloves,clothing/accessory
camouflage_hat,clothing/head
camouflage_headwear,clothing/head
camouflage_helmet,clothing/head
camouflage_hoodie,clothing/top
camouflage_jacket,clothing/top
camouflage_legwear,clothing/legwear
camouflage_male_underwear,person/count
camouflage_pants,clothing/bottom
camouflage_scarf,clothing/accessory
camouflage_shirt,clothing/top
camouflage_shorts,clothing/bottom
camouflage_skirt,clothing/bottom
camouflage_swimsuit,clothing/whole
camouflage_tank_top,clothing/top
campaign_hat,clothing/head
camping_chair,object/other
camping_tent,scene/indoor
campsite,scene/outdoor
can,object/food
can't_be_this_cute,object/food
can't_choose_your_own_family,person/count
can't_reach,object/food
can't_show_this_(meme),object/food
can_between_breasts,person/body
can_in_ass,person/body
can_insertion,sex/act
can_to_cheek,object/food
canadian_flag,object/tool
canadian_flag_bikini,clothing/whole
canadian_flag_print,object/tool
canari_plush_(pokemon),object/toy
candle,object/tool
candle_holder,object/tool
candle_in_ass,person/body
candle_insertion,sex/act
candle_no_kaori_wa_omoide_to_tomo_ni_(project_sekai),object/tool
candle_on_head,person/body
candle_on_headwear,clothing/head
candle_wax,object/tool
candy,object/food
candy_apple,object/food
candy_apple_hair_ornament,clothing/head
candy_bag,clothing/accessory
candy_bar,scene/indoor
candy_bowl,object/food
candy_bucket,object/food
candy_cane,object/food
candy_cane_dildo,sex/gear
candy_cane_hair_ornament,clothing/head
candy_cane_in_ass,person/body
candy_cane_in_mouth,person/body
candy_cane_in_pussy,sex/body
candy_cane_in_urethra,object/food
candy_cane_penis,sex/body
candy_corn,object/food
candy_earrings,clothing/accessory
candy_gore,object/food
candy_hair_ornament,clothing/head
candy_heart,object/food
candy_in_mouth,person/body
candy_island_(idolmaster),scene/nature
candy_jar,object/food
candy_print,object/food
candy_stick,object/food
candy_store,scene/indoor
candy_wrapper,object/food
canine_dildo,sex/gear
canine_ears,person/body
canine_nose,person/body
canine_penis,sex/body
canine_penis_tongue,sex/body
canine_pussy,sex/body
canine_pussy_on_anthro,sex/body
canine_sheath,object/weapon
canine_teeth,person/body
canine_vulva,sex/body
canine_vulva_outline,sex/body
canned_coffee,object/food
canned_drink,object/food
canned_fish,object/food
canned_food,object/food
cannon,object/weapon
cannon_cartridge,object/weapon
canon_couple,person/count
canopy_(forest),scene/nature
canopy_bed,object/other
canterlot_castle,scene/indoor
capcom_cup,object/food
cape,clothing/top
cape_clasp,clothing/top
cape_grab,clothing/top
cape_hold,clothing/top
cape_lift,clothing/top
cape_only,clothing/top
cape_tug,clothing/top
cape_umbrella,clothing/top
capri_pants,clothing/bottom
caprine_penis,sex/body
caprine_pussy,sex/body
caprine_vulva,sex/body
captain_america_(cosplay),style/medium
captain_morgan_pose,expression/pose
caption_box,object/tool
captive_bead_ring,clothing/accessory
capybara_ears,person/body
capybara_girl,person/count
car_hood,clothing/head
car_hood_pose,clothing/head
car_keys,object/tool
car_mouth_cake,person/body
car_sex,sex/act
caramel_(food),object/food
card,object/tool
card_(blue_hr),object/tool
card_(blue_r),object/tool
card_(blue_ur),object/tool
card_(ex_blue),object/tool
card_(ex_orange),object/food
card_(ex_red),object/tool
card_(medium),object/tool
card_(orange_hr),object/food
card_(orange_ur),object/food
card_(pvp),object/tool
card_(red_hr),object/tool
card_(red_r),object/tool
card_(red_sr),object/tool
card_(red_ur),object/tool
card_background,scene/background
card_between_breasts,person/body
card_between_fingers,person/body
card_creature,object/tool
card_crusher_(meme),object/tool
card_deck,object/tool
card_game,object/tool
card_hand,person/body
card_holster,object/weapon
card_in_hat,clothing/head
card_in_mouth,person/body
card_parody,object/tool
card_pendant,clothing/accessory
card_template,object/tool
card_with_aura,object/tool
cardboard_box,object/tool
cardiac_monitor,object/tool
cardigan,clothing/top
cardigan_around_waist,clothing/top
cardigan_lift,clothing/top
cardigan_on_shoulders,clothing/top
cardigan_partially_removed,clothing/top
cardigan_pull,clothing/top
cardigan_under_jacket,clothing/top
cardigan_vest,clothing/top
caren_hortensia_(cosplay),style/medium
caressing_breasts,person/body
caressing_chin,person/body
caressing_face,person/body
caressing_head,person/body
cargo_net,object/tool
cargo_pants,clothing/bottom
cargo_shorts,clothing/bottom
carnival_mask,clothing/head
carnivorous_plant,scene/nature
carpet,object/other
carpet_beater,object/other
carpet_floor,object/other
carried_breast_rest,person/body
carrot_background,scene/background
carrot_butt_plug,sex/gear
carrot_cake,object/food
carrot_dildo,sex/gear
carrot_earrings,clothing/accessory
carrot_hair_ornament,clothing/head
carrot_in_ass,person/body
carrot_in_pussy,sex/body
carrot_juice,object/food
carrot_necklace,clothing/accessory
carrot_nose,person/body
carrot_pen,object/tool
carrot_pillow,object/other
carrot_shaped_pillow,object/other
carrying,expression/action
carrying_another,expression/action
carrying_baby,expression/action
carrying_bag,clothing/accessory
carrying_clothes,clothing/other
carrying_clothing,clothing/other
carrying_multiple_partners,expression/action
carrying_multiple_people,expression/action
carrying_over_shoulder,expression/action
carrying_overhead,expression/action
carrying_partner,expression/action
carrying_person,expression/action
carrying_pole,expression/action
carrying_position,expression/action
carrying_under_arm,expression/action
cartoon_bone,style/medium
cartoon_eyes,style/medium
cartoon_freckles,style/medium
cartoon_gloves,style/medium
cartoon_logic,style/medium
cartoon_physics,style/medium
cartoon_violence,style/medium
cartoon_wings,style/medium
cash_cannon,object/weapon
casino_card_table,object/tool
casino_table,object/other
castella_(food),object/food
caster_of_the_nocturnal_castle,scene/indoor
casting_couch,object/other
castle,scene/indoor
castle_dedede,scene/indoor
castle_wall,scene/indoor
casual_clothes,clothing/other
casual_clothing,clothing/other
casual_ejaculation,sex/act
casual_incest,sex/act
casual_masturbation,sex/act
casual_nudity,sex/act
casual_one_piece_swimsuit,clothing/whole
casual_orgasm,sex/act
casual_outfit,clothing/whole
casual_sex,sex/act
cat's_tongue,person/body
cat_bag,clothing/accessory
cat_between_legs,person/body
cat_boy,person/count
cat_bra,clothing/top
cat_brooch,clothing/accessory
cat_burger,object/food
cat_cafe,scene/indoor
cat_choker,clothing/accessory
cat_costume,clothing/whole
cat_covering_ears_(meme),person/body
cat_day,scene/sky
cat_ear_bikini,clothing/whole
cat_ear_hairband,clothing/head
cat_ear_headband,clothing/head
cat_ear_headphones,person/body
cat_ear_helmet,clothing/head
cat_ear_legwear,clothing/legwear
cat_ear_panties,person/body
cat_earrings,clothing/accessory
cat_ears,person/body
cat_ears_headband,clothing/head
cat_eye_framed_eyewear,person/eyes
cat_eye_glasses,clothing/accessory
cat_eyes,person/eyes
cat_feet,person/body
cat_food,object/food
cat_girl,person/count
cat_gloves,clothing/accessory
cat_hair_ornament,clothing/head
cat_hat,clothing/head
cat_hat_ornament,clothing/head
cat_helmet,clothing/head
cat_hood,clothing/head
cat_keyhole_bra,clothing/top
cat_mask,clothing/head
cat_necklace,clothing/accessory
cat_nose,person/body
cat_o_ring,clothing/accessory
cat_on_chest,person/body
cat_on_head,person/body
cat_on_person,person/count
cat_on_shoulder,person/body
cat_pajamas,clothing/whole
cat_pendant,clothing/accessory
cat_penis,sex/body
cat_pillow,object/other
cat_shadow_puppet,object/toy
cat_shadow_puppet_(meme),object/toy
cat_shaped_pillow,object/other
cat_slippers,clothing/footwear
cat_smile,expression/face
cat_stockings,clothing/legwear
cat_tattoo,person/body
cat_toy,object/toy
cat_zipper,clothing/other
catch_condom,sex/gear
catcher's_mask,clothing/head
caterpillar_(alice_in_wonderland)_(cosplay),style/medium
caterpillar_girl,person/count
cats_are_scared_of_cucumbers,expression/face
cats_are_scared_of_cucumbers_(meme),expression/face
cattail_(plant),scene/nature
catwoman_costume_(2018),clothing/whole
caught_masturbating,sex/act
caught_using_toilet,scene/indoor
caution_sign,object/tool
cavalier_hat,clothing/head
cavalry_sword,object/weapon
cave,scene/nature
cave_background,scene/nature
cave_interior,scene/nature
cave_painting,style/medium
cave_paintings,style/medium
cavorite_ball,object/toy
cecilia_flower_(genshin_impact),scene/nature
ceiling_fan,object/tool
ceiling_lamp,object/tool
celestial_being_uniform,clothing/whole
celestica_flute,object/tool
cellphone_photo,style/medium
cellphone_vibrator,sex/gear
celtic_tattoos,person/body
cement_shoes,clothing/footwear
cemetery,scene/outdoor
cendrillmon's_mouse,object/tool
censor_bar,scene/indoor
censored_anus,style/quality
censored_balls,style/quality
censored_breasts,style/quality
censored_by_face,style/quality
censored_by_text,style/quality
censored_clitoris,style/quality
censored_eyes,style/quality
censored_face,style/quality
censored_feet,style/quality
censored_food,style/quality
censored_genitalia,style/quality
censored_gesture,style/quality
censored_identity,style/quality
censored_kiss,style/quality
censored_nipples,style/quality
censored_penis,style/quality
censored_profanity,style/quality
censored_pussy,style/quality
censored_speech,style/quality
censored_testicles,style/quality
censored_text,style/quality
censored_thought,style/quality
censored_urethra,style/quality
censored_violence,style/quality
censored_vulva,style/quality
censored_with_cum,style/quality
center_flap_bangs,person/hair
centered_hair_bow,clothing/head
centipede_girl,person/count
centipede_tattoo,person/body
cephalopod_eyes,person/eyes
cerberus_(helltaker)_(cosplay),style/medium
cereal_bowl,object/food
cereal_box,object/tool
ceremonial_blade_(honkai:_star_rail),object/weapon
ceres_fauna_(cosplay),style/medium
cervical_insertion,sex/act
cervical_penetration,sex/act
cervical_prolapse,sex/body
cervine_penis,sex/body
cervine_pussy,sex/body
cervine_vulva,sex/body
cervix_punching,expression/action
cetacean_penis,sex/body
cetacean_pussy,sex/body
cetacean_vulva,sex/body
chabudai_(table),object/other
chads_dancing_to_california_gurls_(meme),expression/action
chain,object/tool
chain_accessory,object/tool
chain_around_arm,person/body
chain_around_neck,person/body
chain_axe,object/weapon
chain_belt,clothing/accessory
chain_between_breasts,person/body
chain_blades,object/weapon
chain_bondage,sex/gear
chain_bracelet,clothing/accessory
chain_collar,clothing/accessory
chain_earrings,clothing/accessory
chain_gun,object/weapon
chain_hairband,clothing/head
chain_headband,clothing/head
chain_jewelry,clothing/accessory
chain_leash,sex/gear
chain_link_fence,scene/outdoor
chain_necklace,clothing/accessory
chain_piercing,object/tool
chain_position,object/tool
chain_print,object/tool
chain_pull,object/tool
chain_weapon,object/weapon
chain_whip,object/weapon
chained_ankles,person/body
chained_collar,clothing/accessory
chained_legs,person/body
chained_to_wall,scene/outdoor
chained_wrists,person/body
chainlink_fence,scene/outdoor
chainmail_bikini,clothing/whole
chainsaw_man's_handjob_scene,sex/act
chair,object/other
chair_bondage,sex/gear
chair_breaking,object/other
chair_position,object/other
chair_tipping,object/other
chaldea_boys_collection,person/count
chaldea_combat_uniform,clothing/whole
chaldea_logo,style/quality
chaldea_master_uniform,clothing/whole
chaldea_staff_uniform,clothing/whole
chaldea_uniform,clothing/whole
chalkboard_sign,object/tool
chalkboard_writing,expression/action
chameleon_boy,person/count
chameleon_girl,person/count
champagne_bottle,object/food
champagne_flute,object/tool
champagne_glass,object/food
champion's_tunic_(zelda),clothing/top
champion_uniform,clothing/whole
championship_belt,clothing/accessory
chanchanko_(clothes),clothing/other
changing_clothes,clothing/other
changing_clothing,clothing/other
changing_room,scene/indoor
changing_table,object/other
channel_(caststation)_(style),style/medium
chaperon_hat,clothing/head
char_aznable_(cosplay),style/medium
character_age,person/count
character_and_genderswap,person/count
character_background,person/count
character_backpack,clothing/accessory
character_badge,person/count
character_bag,clothing/accessory
character_ball,person/count
character_balloon,person/count
character_bio,person/count
character_censor,person/count
character_charm,person/count
character_chart,person/count
character_cookie,person/count
character_costume,clothing/whole
character_cutout,person/count
character_description,person/count
character_doll,person/count
character_doll_in_itabag,person/count
character_figure,person/count
character_food,person/count
character_hair_ornament,clothing/head
character_hat,clothing/head
character_hat_ornament,clothing/head
character_hood,clothing/head
character_logo,style/quality
character_map,person/count
character_mask,clothing/head
character_miniature,person/count
character_ornament,person/count
character_pillow,person/count
character_pin,person/count
character_plushie,person/count
character_popsicle,person/count
character_prepared_as_food,person/count
character_print,person/count
character_profile,person/count
character_select,person/count
character_sheet,person/count
character_signature,style/quality
character_single,person/count
character_sticker,person/count
character_tattoo,person/body
character_themed_artificial_vagina,sex/body
character_themed_food,person/count
character_traits,person/count
character_transformation,person/count
character_watermark,style/quality
charge_blade,object/weapon
charge_rifle,object/weapon
charged_armor_(totk),clothing/accessory
charging_phone,object/tool
charizard_(cosplay),style/medium
charizard_pose,expression/pose
charles_schulz_(style),style/medium
charlotte_(madoka_magica)_(cosplay),style/medium
charm_(jewelry),clothing/accessory
chastity_belt,clothing/accessory
chastity_belt_only,clothing/accessory
chastity_bra,clothing/top
chastity_cage,object/tool
chastity_cage_barrel_lock,object/tool
chastity_cage_emission,object/tool
chastity_cage_off,object/tool
chastity_cage_only,object/tool
chastity_cage_strap,object/tool
chastity_key,object/tool
chastity_plug,sex/gear
chastity_ring,clothing/accessory
chat_box,object/tool
checker_pattern,scene/background
checkerboard_cookie,object/food
checkerboard_cookie_hair_ornament,clothing/head
checkered_apron,clothing/whole
checkered_background,scene/background
checkered_belt,clothing/accessory
checkered_bikini,clothing/whole
checkered_bikini_top,clothing/whole
checkered_blanket,object/other
checkered_border,camera/framing
checkered_bow,clothing/head
checkered_bowtie,clothing/accessory
checkered_bra,clothing/top
checkered_bracelet,clothing/accessory
checkered_cape,clothing/top
checkered_carpet,object/other
checkered_choker,clothing/accessory
checkered_clothes,clothing/other
checkered_clothing,clothing/other
checkered_coat,clothing/top
checkered_collar,clothing/accessory
checkered_dress,clothing/whole
checkered_flag,object/tool
checkered_footwear,clothing/footwear
checkered_gloves,clothing/accessory
checkered_hairband,clothing/head
checkered_hat,clothing/head
checkered_headwear,clothing/head
checkered_jacket,clothing/top
checkered_kimono,clothing/whole
checkered_leg_warmers,person/body
checkered_legwear,clothing/legwear
checkered_neckerchief,clothing/accessory
checkered_necktie,clothing/accessory
checkered_pants,clothing/bottom
checkered_pantyhose,clothing/legwear
checkered_pillow,object/other
checkered_ribbon,clothing/head
checkered_sash,clothing/accessory
checkered_scarf,clothing/accessory
checkered_shirt,clothing/top
checkered_shoes,clothing/footwear
checkered_shorts,clothing/bottom
checkered_skirt,clothing/bottom
checkered_socks,clothing/legwear
checkered_sweater,clothing/top
checkered_sweater_vest,clothing/top
checkered_swimsuit,clothing/whole
checkered_tank_top,clothing/top
checkered_thighhighs,clothing/legwear
checkered_vest,clothing/top
checkered_wall,scene/outdoor
checkered_wristband,clothing/accessory
checking_watch,object/tool
cheek_blush,expression/face
cheek_on_glass,object/food
cheek_pistol,object/weapon
cheek_scar,person/body
cheek_tattoo,person/body
cheek_to_breast,person/body
cheeky_smile,expression/face
cheerful_candy_(module),object/food
cheerleader_outfit,clothing/whole
cheerleading_pose,expression/pose
cheese_hair_ornament,clothing/head
cheetah_boy,person/count
cheetah_ears,person/body
cheetah_girl,person/count
chef_hat,clothing/head
chef_uniform,clothing/whole
chelsea_hair_cut,person/hair
chen_(cosplay),style/medium
chen_hai_(azur_lane)_(cosplay),style/medium
chenqing_flute,object/tool
cherish_ball,object/toy
cherry_background,scene/background
cherry_blossom,scene/nature
cherry_blossom_print,scene/nature
cherry_blossom_tree,scene/nature
cherry_blossoms,scene/nature
cherry_earrings,clothing/accessory
cherry_girls,person/count
cherry_hair_ornament,clothing/head
cherry_hat_ornament,clothing/head
cherry_tree,scene/nature
cherryton_school_uniform,clothing/whole
cheshire_(azur_lane)_(cosplay),style/medium
cheshire_cat_(alice_in_wonderland)_(cosplay),style/medium
cheshire_cat_(cosplay),style/medium
chess,object/toy
chess_board,object/toy
chess_piece,object/toy
chest_(container),person/body
chest_(furniture),person/body
chest_belt,clothing/accessory
chest_binder,person/body
chest_blush,expression/face
chest_bow,clothing/head
chest_cannon,person/body
chest_crystal,person/body
chest_eye,person/eyes
chest_fluffjob,person/body
chest_freckles,person/body
chest_fur,person/body
chest_gem,person/body
chest_grab,person/body
chest_guard,person/body
chest_hair,person/hair
chest_hair_peek,person/hair
chest_harness,person/body
chest_height,person/body
chest_horn,person/body
chest_jewel,person/body
chest_lick,person/body
chest_markings,person/body
chest_mouth,person/body
chest_of_drawers,person/body
chest_on_pillow,person/body
chest_piercing,person/body
chest_plate,person/body
chest_protector,person/body
chest_pussy,sex/body
chest_ribbon,clothing/head
chest_rig,person/body
chest_rub,person/body
chest_sarashi,person/body
chest_scar,person/body
chest_spike,person/body
chest_stand,person/body
chest_strap,person/body
chest_tattoo,person/body
chest_to_chest,person/body
chest_torture,person/body
chest_tuft,person/body
chest_vulva,sex/body
chest_window,person/body
chest_wound,person/body
chest_wraps,person/body
chestnut_mouth,person/body
chew_toy,object/toy
chewing_grass,scene/nature
chi_chi_(dragon_ball)_(cosplay),style/medium
chi_hatan_military_uniform,clothing/whole
chi_hatan_school_uniform,clothing/whole
chibi,style/medium
chibi_inset,style/medium
chibi_on_head,style/medium
chibi_on_shoulder,style/medium
chibi_only,style/medium
chick_costume,clothing/whole
chick_on_head,person/body
chicken_(food),object/food
chicken_boy,person/count
chicken_costume,clothing/whole
chicken_feet,person/body
chicken_girl,person/count
chicken_hat,clothing/head
chicken_leg,person/body
chicken_mask,clothing/head
chicken_meat,object/food
chicken_sandwich,object/food
chiffon_cake,object/food
chignon,person/hair
chihaya_(clothing),clothing/other
chikuma_mask,clothing/head
child,person/count
child's_drawing,person/count
child_abuse,person/count
child_carry,person/count
child_grooming,person/count
child_murder,person/count
child_on_child,person/count
child_penetrated,person/count
child_penetrating,person/count
child_safety_seat,person/count
child_swap,person/count
children's_book,person/count
children's_day,person/count
chilean_flag,object/tool
chilla_(arms),person/body
chima_(clothes),clothing/other
chin_chin,person/body
chin_grab,person/body
chin_guard,person/body
chin_horn,person/body
chin_on_head,person/body
chin_on_palm_challenge,person/body
chin_piercing,person/body
chin_rest,person/body
chin_rub,person/body
chin_scar,person/body
chin_scratch,person/body
chin_spike,person/body
chin_spikes,person/body
chin_strap,person/body
chin_stud,person/body
chin_tuft,person/body
china_dress,clothing/whole
chinchilla_ears,person/body
chinchilla_girl,person/count
chinese_armor,clothing/accessory
chinese_border,camera/framing
chinese_chess,object/toy
chinese_clothes,clothing/other
chinese_clothing,clothing/other
chinese_cock_trap,sex/body
chinese_coin,object/tool
chinese_dress,clothing/whole
chinese_food,object/food
chinese_hairpin,clothing/head
chinese_hat,clothing/head
chinese_knot_border,camera/framing
chinese_lantern,object/tool
chinese_lantern_(plant),scene/nature
chinese_paper_cut,object/tool
chinese_restaurant,scene/indoor
chinese_spoon,object/food
chinese_styled_maid's_passionate_welcome_(love_live!),clothing/whole
chinese_track_school_uniform,clothing/whole
chip_bag,clothing/accessory
chipmunk_costume,clothing/whole
chipmunk_ears,person/body
chipmunk_girl,person/count
chipped_sword,object/weapon
chips_(food),object/food
chiropteran_penis,sex/body
chisato_and_takina_kicking_each_other's_butt_(meme),expression/action
chisato_carrying_takina_(lycoris_recoil),expression/action
chiseled_face,person/body
chloe_von_einzbern_(archer_install)_(cosplay),style/medium
choco_girl,person/count
chocolate,object/food
chocolate_banana,object/food
chocolate_bar,scene/indoor
chocolate_bath,object/food
chocolate_bunny,object/food
chocolate_cake,object/food
chocolate_chip,object/food
chocolate_chip_cookie,object/food
chocolate_chips,object/food
chocolate_cigarette,object/food
chocolate_clothes,clothing/other
chocolate_coin,object/food
chocolate_cornet,object/food
chocolate_covered,object/food
chocolate_covered_food,object/food
chocolate_donut,object/food
chocolate_doughnut,object/food
chocolate_drip,object/food
chocolate_egg,object/food
chocolate_fountain,object/food
chocolate_hair_ornament,clothing/head
chocolate_heart,object/food
chocolate_heaven_(fate/grand_order),object/food
chocolate_icing,object/food
chocolate_lady_no_karasawagi,object/food
chocolate_making,object/food
chocolate_milk,object/food
chocolate_misu_(cosplay),style/medium
chocolate_on_ass,person/body
chocolate_on_body,object/food
chocolate_on_breasts,person/body
chocolate_on_clothes,clothing/other
chocolate_on_face,person/body
chocolate_on_foot,person/body
chocolate_on_hand,person/body
chocolate_on_legs,person/body
chocolate_on_nipples,object/food
chocolate_on_pectorals,object/food
chocolate_on_penis,sex/body
chocolate_on_pussy,sex/body
chocolate_print,object/food
chocolate_river_no_sono_saki_ni,scene/nature
chocolate_sauce,object/food
chocolate_statue,object/food
chocolate_strawberry,object/food
chocolate_syrup,object/food
choice_scarf,clothing/accessory
choir_outfit_(utdr),clothing/whole
choker,clothing/accessory
choker_bell,clothing/accessory
choker_jewel,clothing/accessory
choker_only,clothing/accessory
choker_over_clothes,clothing/accessory
choker_pull,clothing/accessory
choker_removed,clothing/accessory
choker_snapping,clothing/accessory
choking_on_cum,sex/act
choking_on_penis,sex/body
choko_(cup),object/food
chopper_crying_(meme),expression/face
choppy_bangs,person/hair
chopsticks,object/food
chopsticks_in_mouth,person/body
choukai_(kancolle)_(cosplay),style/medium
chouzetsusaikawa_tenshi_chan_(cosplay),style/medium
christian_private_white_clover_academy_school_uniform,clothing/whole
christmas_cake,object/food
christmas_card,object/tool
christmas_clothing,clothing/other
christmas_costume,clothing/whole
christmas_dress,clothing/whole
christmas_headwear,clothing/head
christmas_legwear,clothing/legwear
christmas_ornaments_in_hair,person/hair
christmas_outfit,clothing/whole
christmas_sweater,clothing/top
christmas_tree,scene/nature
christmas_tree_costume,clothing/whole
christmas_tree_hair_ornament,clothing/head
christmas_tree_print,scene/nature
christmas_tree_topper,scene/nature
chronopattern_dress,clothing/whole
chrysos_heirs_school_uniform,clothing/whole
chubby_cheeks,person/body
chubby_face,person/body
chubby_penis,sex/body
chubby_woman,person/count
chui_(weapon),object/weapon
chun_li_(cosplay),style/medium
chuo_academy_school_uniform,clothing/whole
chuo_tanegashima_high_school_uniform,clothing/whole
church,scene/indoor
church_bell,scene/indoor
church_interior,scene/indoor
churning_balls,object/toy
cicada_hug,expression/action
cigar_in_mouth,person/body
cigarette,object/tool
cigarette_box,object/tool
cigarette_burn,object/tool
cigarette_butt,person/body
cigarette_candy,object/food
cigarette_holder,object/tool
cigarette_in_hand,person/body
cigarette_in_mouth,person/body
cigarette_kiss,object/tool
cigarette_pack,object/tool
cigarette_smoke,object/tool
cinderella_(disney)_(cosplay),style/medium
cinderella_(fairy_tale_character)_(cosplay),style/medium
cinderella_(grimm)_(cosplay),style/medium
cinderella_bust,camera/shot
cinderella_girls_card_parody,person/count
cinnamon_bun,person/hair
cinnamoroll_(cosplay),style/medium
cinq_association_(identity)_(project_moon),scene/sky
cinq_association_east_uniform,clothing/whole
cinq_association_south_uniform,clothing/whole
cinq_association_west_uniform,clothing/whole
circle_background,scene/background
circle_eyebrows,person/eyes
circle_eyes,person/eyes
circle_hands,person/body
circle_skirt,clothing/bottom
circular_border,camera/framing
circumcision_scar,person/body
circus_tent,scene/indoor
cirno_(cosplay),style/medium
cirno_day,scene/sky
citrus_fruit,object/food
city,scene/outdoor
city_background,scene/outdoor
city_below,scene/outdoor
city_crushing,scene/outdoor
city_destruction,scene/outdoor
city_lights,scene/outdoor
city_scape,scene/outdoor
city_skyline,scene/outdoor
city_wall,scene/outdoor
cjk_character,person/count
cjk_character_on_clothing,clothing/other
clamp_(circle)_(style),style/medium
clarisse_(granblue_fantasy)_(cosplay),style/medium
clasped_dress,clothing/whole
clasped_hands,person/body
class_card_(prisma_illya),object/tool
classical_maid_(project_sekai),clothing/whole
classroom,scene/indoor
classroom_desk,scene/indoor
classroom_nudity,sex/act
claude_monet_(style),style/medium
clavia_digital_musical_instruments,object/tool
claw_(weapon),object/weapon
claw_bra,clothing/top
claw_fingers,person/body
claw_foot_bathtub,person/body
claw_hair_clip,person/hair
claw_hammer,object/tool
claw_pose,expression/pose
claw_ring,clothing/accessory
claw_toes,person/body
clawed_boots,clothing/footwear
clawed_feet,person/body
clawed_gauntlets,clothing/accessory
clawed_gloves,clothing/accessory
clawed_hands,person/body
claymore_(sword),object/weapon
cleaning_brush,object/tool
cleaning_cock,sex/body
cleaning_fellatio,sex/act
cleaning_glasses,clothing/accessory
cleaning_gun,object/weapon
cleaning_pool,scene/outdoor
cleaning_tool,object/tool
cleaning_vulva,sex/body
cleaning_weapon,object/weapon
cleansed_crystal_mirror,object/tool
cleanup_blowjob,sex/act
cleanup_fellatio,sex/act
clear_card,object/tool
clear_insertion,sex/act
clear_sky,scene/sky
clear_water,scene/nature
cleavage,person/body
cleavage_cutout,person/body
cleavage_cutout_tug,person/body
cleavage_overflow,person/body
cleavage_reach,person/body
cleavage_storage,person/body
cleaver_(knife),object/weapon
cleaver_(weapon),object/weapon
cleft_anus,sex/body
cleft_chin,person/body
clematis_(flower),scene/nature
clenched_butt,person/body
clenched_eyes,person/eyes
clenched_feet,person/body
clenched_fingers,person/body
clenched_hand,person/body
clenched_hands,person/body
clenched_teeth,person/body
clenching_anus,sex/body
clenching_balls,object/toy
clerical_collar,clothing/accessory
cliff,scene/nature
cliff_side,scene/nature
cliffs,scene/nature
climbing,expression/action
climbing_ladder,expression/action
climbing_on,expression/action
climbing_set_(zelda),expression/action
climbing_tree,expression/action
climbing_wall,expression/action
clip_(weapon),object/weapon
clipped_ear,person/body
clipping_fingernails,person/body
clitoral_hood,clothing/head
clitoral_hood_piercing,clothing/head
clitoral_hood_ring,clothing/head
clitoral_masturbation,sex/act
clitoral_penetration,sex/act
clitoral_stimulation_through_clothes,clothing/other
clitoral_stimulation_through_clothing,clothing/other
clitoral_suction_vibrator,sex/gear
clitoris_bar,scene/indoor
clitoris_chain,object/tool
clitoris_leash,sex/gear
clitoris_ring,clothing/accessory
clitoris_to_collar,clothing/accessory
clitoris_vibrator,sex/gear
cloaca_ejaculation,sex/act
cloaca_juice,object/food
cloaca_juice_drip,object/food
cloaca_juice_on_cloaca,object/food
cloaca_juice_on_own_cloaca,object/food
cloaca_juice_on_penis,sex/body
cloaca_juice_string,object/food
cloacal_masturbation,sex/act
cloacal_orgasm,sex/act
cloacal_penetration,sex/act
cloacal_penis,sex/body
cloacal_prolapse,sex/body
cloak,clothing/top
cloak_lift,clothing/top
cloak_only,clothing/top
cloche_hat,clothing/head
clock,object/tool
clock_eyes,person/eyes
clock_hair_ornament,clothing/head
clock_hands,person/body
clock_necklace,clothing/accessory
clock_print,object/tool
clock_tower,object/tool
clog_sandals,clothing/footwear
clogged_toilet,scene/indoor
close_up_pussy,sex/body
closed_book,object/tool
closed_curtains,object/other
closed_door,scene/outdoor
closed_eyes,expression/face
closed_frown,expression/face
closed_hands,person/body
closed_jacket,clothing/top
closed_lab_coat,clothing/top
closed_mouth,expression/face
closed_sheath_slit,object/weapon
closed_smile,expression/face
closed_umbrella,object/tool
closet_sex,sex/act
closing_book,object/tool
closing_door,scene/outdoor
closing_eyes,person/eyes
clothed/nude,sex/act
clothed_after_sex,sex/act
clothed_ambiguous_nude_male,sex/act
clothed_breasts,person/body
clothed_female,person/count
clothed_female_nude_female,sex/act
clothed_female_nude_male,sex/act
clothed_human,person/count
clothed_humanoid,person/count
clothed_male,person/count
clothed_male_nude_female,sex/act
clothed_male_nude_male,sex/act
clothed_male_underwear_female,person/count
clothed_masturbation,sex/act
clothed_on_nude,sex/act
clothed_sex,sex/act
clothed_to_nude,sex/act
clothes_around_waist,clothing/other
clothes_between_breasts,clothing/other
clothes_between_exposed_breasts,clothing/other
clothes_between_thighs,clothing/other
clothes_blanket,clothing/other
clothes_dissolving_potion,clothing/other
clothes_down,clothing/other
clothes_dryer,clothing/other
clothes_falling_off,clothing/other
clothes_focus,camera/framing
clothes_gag,clothing/other
clothes_grab,clothing/other
clothes_hanger,clothing/other
clothes_in_front,clothing/other
clothes_in_mouth,clothing/other
clothes_iron,clothing/other
clothes_lift,clothing/other
clothes_line,clothing/other
clothes_on/clothes_off,clothing/other
clothes_on_and_off,clothing/other
clothes_on_bed,clothing/other
clothes_on_floor,clothing/other
clothes_on_ground,clothing/other
clothes_on_shoulders,clothing/other
clothes_on_wall,clothing/other
clothes_only,clothing/other
clothes_over_shoulder,clothing/other
clothes_pile,clothing/other
clothes_pin,clothing/other
clothes_pull,clothing/other
clothes_rack,clothing/other
clothes_rip,clothing/other
clothes_sex,clothing/other
clothes_shop,clothing/other
clothes_theft,clothing/other
clothes_tug,clothing/other
clothes_writing,clothing/other
clothing,clothing/other
clothing_around_legs,clothing/other
clothing_around_one_leg,clothing/other
clothing_around_waist,clothing/other
clothing_aside,clothing/other
clothing_between_breasts,clothing/other
clothing_bite,clothing/other
clothing_bow,clothing/head
clothing_bulge,clothing/other
clothing_by_feet,clothing/other
clothing_cord,clothing/other
clothing_cutout,clothing/other
clothing_destruction,clothing/other
clothing_down,clothing/other
clothing_focus,camera/framing
clothing_grab,clothing/other
clothing_in_condom,clothing/other
clothing_in_mouth,clothing/other
clothing_lift,clothing/other
clothing_loss,clothing/other
clothing_on_floor,clothing/other
clothing_on_ground,clothing/other
clothing_penetration,clothing/other
clothing_pull,clothing/other
clothing_removed,clothing/other
clothing_ring,clothing/accessory
clothing_scraps,clothing/other
clothing_store,clothing/other
clothing_swap,clothing/other
clothing_tag,clothing/other
clothing_theft,clothing/other
clothing_transformation,clothing/other
cloud_background,scene/background
cloud_focus,camera/framing
cloud_hair,person/hair
cloud_hair_ornament,clothing/head
cloud_strife_(cosplay),style/medium
cloud_tattoo,person/body
cloudy_sky,scene/sky
clover_(flower),scene/nature
clover_(plant),scene/nature
clover_background,scene/background
clover_brooch,clothing/accessory
clover_earrings,clothing/accessory
clover_hair_ornament,clothing/head
clover_leaf,scene/nature
clover_shaped_pupils,person/eyes
clown_costume,clothing/whole
clown_girl,person/count
clown_makeup,person/eyes
clown_mask,clothing/head
clown_nose,person/body
clown_shoes,clothing/footwear
clownpiece_(cosplay),style/medium
club_(weapon),object/weapon
club_arms,person/body
club_hair_ornament,clothing/head
clubs_(suit),clothing/whole
clutch_(bag),clothing/accessory
clutch_purse,clothing/accessory
clutching_blanket,object/other
clutching_chest,person/body
clutching_clothes,clothing/other
clutching_head,person/body
clutching_stomach,person/body
clyster_syringe,object/tool
coat,clothing/top
coat_around_waist,clothing/top
coat_cape,clothing/top
coat_dress,clothing/whole
coat_grab,clothing/top
coat_hold,clothing/top
coat_hook,clothing/top
coat_lift,clothing/top
coat_markings,clothing/top
coat_of_arms,clothing/top
coat_on_head,clothing/top
coat_on_shoulders,clothing/top
coat_only,clothing/top
coat_over_head,clothing/top
coat_over_shoulders,clothing/top
coat_partially_removed,clothing/top
coat_rack,clothing/top
coat_stash,clothing/top
coat_tug,clothing/top
cobalt_scar_(e.g.o),person/body
cock_and_ball_torture,sex/body
cock_and_balls_blowjob,sex/act
cock_armor,clothing/accessory
cock_birth,sex/body
cock_bone_disposal,sex/body
cock_docking,sex/body
cock_gag,sex/body
cock_hanging,sex/body
cock_hungry,sex/body
cock_naga,sex/body
cock_parasite,sex/body
cock_ring,clothing/accessory
cock_ring_behind_knot,clothing/accessory
cock_ring_vibrator,clothing/accessory
cock_sheath,sex/body
cock_sock,sex/body
cock_stocks,sex/body
cock_teasing,sex/body
cock_transformation,sex/body
cock_udder,sex/body
cock_vore,sex/body
cock_warmer,sex/body
cock_warming,sex/body
cocked_hammer,object/tool
cocked_hip,person/body
cocking_gun,object/weapon
cockroach_girl,person/count
cocksleeve_in_mouth,person/body
cocksleeve_insertion,sex/act
cocktail_dress,clothing/whole
cocktail_flower,scene/nature
cocktail_glass,object/food
cocktail_umbrella,object/tool
cocky_grin,expression/face
cocky_smile,expression/face
coconut_bra,clothing/top
coconut_cup,object/food
coconut_drink,object/food
coconut_tree,scene/nature
coffee,object/food
coffee_bean,object/food
coffee_beans,object/food
coffee_filter,object/food
coffee_grinder,object/food
coffee_machine,object/food
coffee_maker,object/food
coffee_milk,object/food
coffee_mug,object/food
coffee_pot,object/food
coffee_shop,scene/indoor
coffee_siphon,object/food
coffee_table,object/food
coiled_sword,object/weapon
coiling_around_arm,person/body
coiling_around_leg,person/body
coiling_around_neck,person/body
coiling_around_penis,sex/body
coiling_around_torso,person/body
coin,object/tool
coin_(ornament),object/tool
coin_flip,object/tool
coin_hair_ornament,clothing/head
coin_hat_ornament,clothing/head
coin_mask,clothing/head
coin_on_string,object/tool
coin_pouch,clothing/accessory
coin_purse,clothing/accessory
coin_slot,object/tool
coin_stack,object/tool
coin_sword,object/weapon
coke_bottle,object/food
coke_bottle_glasses,clothing/accessory
cold_insertion,sex/act
collaborative_cunnilingus,sex/act
collaborative_fellatio,sex/act
collaborative_handjob,sex/act
collaborative_oral,sex/act
collaborative_penis_lick,sex/body
collaborative_sex,sex/act
collage,style/medium
collage_background,style/medium
collar,clothing/accessory
collar_bikini_miku_(meme),clothing/whole
collar_chain_(jewelry),clothing/accessory
collar_grab,clothing/accessory
collar_jewel,clothing/accessory
collar_of_keidranification,clothing/accessory
collar_on_penis,clothing/accessory
collar_only,clothing/accessory
collar_pull,clothing/accessory
collar_ring,clothing/accessory
collar_shirt,clothing/top
collar_tabs,clothing/accessory
collar_tag,clothing/accessory
collar_to_collar,clothing/accessory
collar_tug,clothing/accessory
collarbone,person/body
collarbone_peek,person/body
collarbone_piercing,person/body
collared_apron,clothing/whole
collared_bikini,clothing/whole
collared_bodysuit,clothing/whole
collared_cape,clothing/top
collared_cloak,clothing/top
collared_coat,clothing/top
collared_dress,clothing/whole
collared_jacket,clothing/top
collared_jumpsuit,clothing/whole
collared_leotard,clothing/whole
collared_pajamas,clothing/whole
collared_robe,clothing/whole
collared_shirt,clothing/top
collared_socks,clothing/legwear
collared_suit,clothing/whole
collared_sweater,clothing/top
collared_tunic,clothing/top
collared_vest,clothing/top
colombia_pose_(meme),expression/pose
colombian_clothes,clothing/other
colombian_flag,object/tool
colonel_sanders_(cosplay),style/medium
color_background,scene/background
color_coded_speech_bubble,style/quality
color_coded_text,style/quality
color_coded_text_box,style/quality
color_coded_thought_bubble,style/quality
color_sketch,style/medium
colored_anus,sex/body
colored_armpit_hair,person/hair
colored_bangs,person/hair
colored_blindfold,clothing/head
colored_chastity_cage,object/tool
colored_condom,sex/gear
colored_cum,sex/act
colored_edge_bikini,clothing/whole
colored_edge_bra,clothing/top
colored_eyebrows,person/eyes
colored_eyelashes,person/eyes
colored_eyepatch,clothing/accessory
colored_fingernails,person/body
colored_inner_animal_ears,person/body
colored_inner_hair,person/hair
colored_lactation,sex/act
colored_lineart,style/medium
colored_mouth,person/body
colored_pencil,object/tool
colored_penis,sex/body
colored_pubic_hair,sex/body
colored_pussy,sex/body
colored_pussy_juice,sex/body
colored_sclera,person/eyes
colored_seam_clothing,clothing/other
colored_skin,person/body
colored_speech_bubble,style/quality
colored_tears,expression/face
colored_teeth,person/body
colored_text,style/quality
colored_text_highlight,style/quality
colored_tongue,person/body
colored_with_greyscale_background,style/color
colorful,style/color
colorful_background,style/color
colorful_cloudy_sky,style/color
colorful_dreams!_colorful_smiles!_(love_live!),style/color
colorful_festival_(project_sekai),style/color
colorpoint_(pattern),scene/background
column_lineup_background,scene/background
comb_(brush),object/tool
combat_boots,clothing/footwear
combat_gloves,clothing/accessory
combat_helmet,clothing/head
combat_knife,object/weapon
combat_maid,clothing/whole
combat_shirt,clothing/top
combination_vibrator,sex/gear
combination_weapon,object/weapon
combination_wrench,object/tool
comedic_sweatdrop,expression/face
comedy_and_tragedy_masks,clothing/head
comic_background,scene/background
comic_book,object/tool
comically_large_ears,person/body
comically_sharp_chin,person/body
commission_watermark,style/quality
company_logo,style/quality
comparing_breasts,person/body
comparing_butts,person/body
comparing_penis,sex/body
compass_uniform,clothing/whole
compensated_rape,sex/act
competition_school_swimsuit,clothing/whole
competition_swimsuit,clothing/whole
competitive_sex,sex/act
completely_nude,sex/act
completionist_cape_(runescape),clothing/top
complex_shading,style/color
compound_bow,clothing/head
compound_eyes,person/eyes
compressed_breasts,person/body
compression_shirt,clothing/top
compression_shorts,clothing/bottom
compression_tools,object/tool
computer,object/tool
computer_chip,object/tool
computer_desk,object/tool
computer_fan,object/tool
computer_keyboard,object/tool
computer_monitor,object/tool
computer_mouse,object/tool
computer_screen,object/tool
computer_tower,object/tool
computer_virus_(program),object/tool
concealed_weapon,object/weapon
concrete_wall,scene/outdoor
condensed_milk,object/food
condom,sex/gear
condom_balloon,sex/gear
condom_belt,clothing/accessory
condom_between_breast,sex/gear
condom_between_breasts,sex/gear
condom_box,sex/gear
condom_decoration,sex/gear
condom_dispenser,sex/gear
condom_disposal,sex/gear
condom_drain,sex/gear
condom_gagging,sex/gear
condom_hair_ornament,clothing/head
condom_in_ass,sex/gear
condom_in_clothes,clothing/other
condom_in_hair,sex/gear
condom_in_mouth,sex/gear
condom_in_pocket,sex/gear
condom_in_pussy,sex/body
condom_in_uterus,sex/gear
condom_inside,sex/gear
condom_jet_bulge,sex/gear
condom_left_in,sex/gear
condom_left_inside,sex/gear
condom_necklace,clothing/accessory
condom_on_ass,sex/gear
condom_on_head,sex/gear
condom_on_nipples,sex/gear
condom_on_object,sex/gear
condom_on_penis,sex/body
condom_on_tongue,sex/gear
condom_packet_strip,sex/gear
condom_pull,sex/gear
condom_pull_out,sex/gear
condom_refusal,sex/gear
condom_skirt,clothing/bottom
condom_strip,sex/gear
condom_suit,clothing/whole
condom_thigh_strap,sex/gear
condom_wrapper,sex/gear
condom_wrapper_in_clothes,clothing/other
conductor_hat,clothing/head
cone_hair_bun,person/hair
confederate_flag,object/tool
confetti,object/toy
confetti_ball,object/toy
confetti_streamer,object/toy
confident_female,person/count
confident_male,person/count
conical_hat,clothing/head
conical_teeth,person/body
coniferous_tree,scene/nature
conjoined_eyes,person/eyes
conjoined_speech_bubble,style/quality
conjoined_thought_bubble,style/quality
conjoined_twins,person/count
consensual_tentacles,sex/gear
consistent_pov,camera/angle
constellation_costume,clothing/whole
constellation_hair_ornament,clothing/head
constellation_tattoo,person/body
constricted_pupils,person/eyes
construction_site,scene/outdoor
container_bondage,sex/gear
container_of_milk,object/food
contemporary_traditional_clothes,clothing/other
content_smile,expression/face
contextual_arrow,object/weapon
continue_screen,object/tool
contrast_collar,clothing/accessory
control_bar,scene/indoor
control_collar,clothing/accessory
controller,object/toy
controller_between_breasts,person/body
controller_hair_ornament,clothing/head
controller_on_furniture,object/toy
controller_on_ground,object/toy
convenience_store,scene/indoor
convenient_arm,person/body
convenient_breasts,person/body
convenient_hair,person/hair
convenient_hand,person/body
convenient_head,person/body
convenient_leg,person/body
convenient_skirt,clothing/bottom
convenient_tentacle,sex/gear
convention_room,scene/indoor
conversational_sign,object/tool
converse_shoes,clothing/footwear
convex_breasts,person/body
conveyor_belt,clothing/accessory
conveyor_belt_sushi,clothing/accessory
convincing_weapon,object/weapon
cooked_food,object/food
cookie,object/food
cookie_cutter,object/food
cookie_hair_ornament,clothing/head
cookie_jar,object/food
cookie_print,object/food
cooking,expression/action
cooking_oil,expression/action
cooking_pot,expression/action
cooking_together,expression/action
cooking_tongs,expression/action
cooking_with_body,expression/action
cooking_with_cum,sex/act
cooking_with_furs,expression/action
cooking_with_humanoids,expression/action
cooking_with_love,expression/action
cooking_with_scalies,expression/action
cool_your_head,person/body
coontail_hair,person/hair
cooperative_breast_smother,person/body
cooperative_fellatio,sex/act
cooperative_handjob,sex/act
coordinated_clothes_writing,clothing/other
copyright_logo,style/quality
coral_hair_ornament,clothing/head
corded_phone,object/tool
cordless_phone,object/tool
core_(girls'_frontline),person/count
corinthian_helmet,clothing/head
cork_gun,object/weapon
corked_bottle,object/food
corn_field,scene/outdoor
corrective_rape,sex/act
corrin_(female)_(fire_emblem)_(cosplay),style/medium
corrugated_arms,person/body
corrugated_legs,person/body
corrugated_neck,person/body
corset_dress,clothing/whole
cosmic_background,scene/background
cosmic_hair,person/hair
cosmic_penis,sex/body
cosmos_(flower),scene/nature
cosplay,style/medium
cosplay_lolita,style/medium
cosplay_pikachu_(costume),style/medium
costume,clothing/whole
costume_chart,clothing/whole
costume_combination,clothing/whole
costume_party,clothing/whole
costume_switch,clothing/whole
costume_transformation,clothing/whole
cotton_(plant),scene/nature
cotton_ball,object/toy
cotton_candy,object/food
cotton_candy_ei_ei_oh!,object/food
couch,object/other
coughing_cum,sex/act
coughing_flowers,scene/nature
countershade_anus,sex/body
countershade_armpits,person/body
countershade_arms,person/body
countershade_balls,object/toy
countershade_belly,person/body
countershade_border,camera/framing
countershade_breasts,person/body
countershade_butt,person/body
countershade_crotch,sex/body
countershade_ears,person/body
countershade_face,person/body
countershade_feet,person/body
countershade_fingers,person/body
countershade_hair,person/hair
countershade_hands,person/body
countershade_head,person/body
countershade_legs,person/body
countershade_neck,person/body
countershade_penis,sex/body
countershade_pussy,sex/body
countershade_sheath,object/weapon
countershade_skin,person/body
countershade_tentacles,sex/gear
countershade_thighs,person/body
countershade_toes,person/body
countershade_torso,person/body
countershade_vulva,sex/body
counting_money,object/tool
country_girl,person/count
countryside,scene/outdoor
couple,person/count
couple_sex,sex/act
couples,person/count
covenant_halo_(girls'_frontline_2),person/count
cover_sketch,style/medium
covered_abs,person/body
covered_anus,sex/body
covered_armpit,person/body
covered_breasts,person/body
covered_collarbone,person/body
covered_eye,person/eyes
covered_eyes,person/eyes
covered_face,person/body
covered_fellatio,sex/act
covered_groin,sex/body
covered_knees,person/body
covered_mouth,person/body
covered_navel,person/body
covered_penetration,sex/act
covered_penis,sex/body
covered_sideboob,person/body
covered_underboob,person/body
covered_vulva,sex/body
covering_another's_breasts,person/body
covering_another's_crotch,sex/body
covering_another's_ears,person/body
covering_another's_eye,person/eyes
covering_another's_eyes,person/eyes
covering_another's_mouth,person/body
covering_anus,sex/body
covering_ass,person/body
covering_breasts,person/body
covering_butt,person/body
covering_chest,person/body
covering_crotch,sex/body
covering_ears,person/body
covering_face,person/body
covering_forehead,person/body
covering_head,person/body
covering_navel,person/body
covering_nose,person/body
covering_one_breast,person/body
covering_one_eye,person/eyes
covering_own_breasts,person/body
covering_own_ears,person/body
covering_own_eyes,person/eyes
covering_own_face,person/body
covering_own_mouth,person/body
covering_penis,sex/body
covering_pussy,sex/body
covering_stomach,person/body
covering_vulva,sex/body
covering_with_blanket,object/other
cow_boy,person/count
cow_costume,clothing/whole
cow_ear_hairband,clothing/head
cow_ears,person/body
cow_ears_hairband,clothing/head
cow_girl,person/count
cow_hair_ornament,clothing/head
cow_hat,clothing/head
cow_hood,clothing/head
cow_horns_crown,clothing/head
cow_mask,clothing/head
cow_outfit,clothing/whole
cow_print_apron,clothing/whole
cow_print_bikini,clothing/whole
cow_print_bra,clothing/top
cow_print_bridal_gauntlets,clothing/accessory
cow_print_elbow_gloves,clothing/accessory
cow_print_gloves,clothing/accessory
cow_print_jacket,clothing/top
cow_print_legwear,clothing/legwear
cow_print_thigh_highs,person/body
cow_print_thighhighs,clothing/legwear
cow_suit,clothing/whole
cowbell_collar,clothing/accessory
cowboy_boots,clothing/footwear
cowboy_clothes,clothing/other
cowboy_hat,clothing/head
cowboy_hat_only,clothing/head
cowboy_outfit,clothing/whole
cowboy_shot,camera/shot
cowgirl_outfit,clothing/whole
cowl_neck,person/body
cowprint_leggings,clothing/bottom
coyote_boy,person/count
crab_girl,person/count
crab_hair_ornament,clothing/head
crab_leg,person/body
crab_on_head,person/body
crab_on_shoulder,person/body
crab_stealing_clothing,clothing/other
cracked_armor,clothing/accessory
cracked_background,scene/background
cracked_egg,object/food
cracked_face,person/body
cracked_glass,object/food
cracked_helmet,clothing/head
cracked_kawaii_mask,clothing/head
cracked_mask,clothing/head
cracked_phone,object/tool
cracked_screen,object/tool
cracked_skin,person/body
cracked_wall,scene/outdoor
cracking_egg,object/food
crackling_box_(reverse:1999),object/tool
cradling_head,person/body
cradling_phone,object/tool
crafting_table_(minecraft),object/other
craig_mccracken_(style),style/medium
crate,object/tool
crazy_b_(ensemble_stars!),scene/sky
crazy_eyes,person/eyes
crazy_grin,expression/face
crazy_laugh,expression/face
crazy_smile,expression/face
cream_(food),object/food
cream_background,scene/background
cream_belly,person/body
cream_hair,person/hair
cream_on_breasts,person/body
cream_on_face,person/body
creature_as_food,object/food
creature_focus,camera/framing
creature_on_arm,person/body
creature_on_hand,person/body
creature_on_head,person/body
creature_on_shoulder,person/body
credit_card,object/tool
creeper_(cosplay),style/medium
creepy_chin_joey_wheeler_(meme),person/body
creepy_eyes,person/eyes
creepy_face,person/body
creepy_smile,expression/face
crescent_belt_buckle,clothing/accessory
crescent_brooch,clothing/accessory
crescent_choker,clothing/accessory
crescent_earrings,clothing/accessory
crescent_hair_ornament,clothing/head
crescent_hat_ornament,clothing/head
crescent_moon,scene/sky
crescent_moon_(marking),scene/sky
crescent_moon_symbol,scene/sky
crescent_necklace,clothing/accessory
crescent_pendant,clothing/accessory
crescent_shaped_pupils,person/eyes
crescent_tattoo,person/body
crested_hair,person/hair
crew_neck,person/body
crew_served_weapon,object/weapon
crew_socks,clothing/legwear
crewmate_(among_us)_(cosplay),style/medium
crimes_against_food,object/food
crimson_moon's_semblance_(genshin_impact),scene/sky
crimson_scar_(e.g.o),person/body
crisis_moon_compact,scene/sky
criss_cross_back_straps,person/body
criss_cross_bikini,clothing/whole
criss_crossed_composition,camera/framing
crocodile_boy,person/count
crocodile_girl,person/count
crocodile_hair_ornament,clothing/head
crocodilian_penis,sex/body
crocus_(flower),scene/nature
crooked_smile,expression/face
crooked_teeth,person/body
crop_hoodie,clothing/top
crop_top,clothing/top
crop_top_lift,clothing/top
crop_top_only,clothing/top
crop_top_overhang,clothing/top
cropped_arm,camera/shot
cropped_arms,camera/shot
cropped_cardigan,camera/shot
cropped_ears,camera/shot
cropped_feet,camera/shot
cropped_head,camera/shot
cropped_hoodie,camera/shot
cropped_jacket,camera/shot
cropped_kimono,camera/shot
cropped_legs,camera/shot
cropped_shirt,camera/shot
cropped_shoulders,camera/shot
cropped_sweater,camera/shot
cropped_tank_top,camera/shot
cropped_topwear,camera/shot
cropped_torso,camera/shot
cropped_vest,camera/shot
cross_(weapon),object/weapon
cross_academy_school_uniform,clothing/whole
cross_background,scene/background
cross_bracelet,clothing/accessory
cross_brooch,clothing/accessory
cross_choker,clothing/accessory
cross_ear_piercing,person/body
cross_ear_ring,clothing/accessory
cross_earrings,clothing/accessory
cross_eyes,person/eyes
cross_hair_ornament,clothing/head
cross_hat_ornament,clothing/head
cross_in_eye,person/eyes
cross_laced_apron,clothing/whole
cross_laced_bikini,clothing/whole
cross_laced_bikini_top,clothing/whole
cross_laced_boots,clothing/footwear
cross_laced_bra,clothing/top
cross_laced_clothes,clothing/other
cross_laced_collar,clothing/accessory
cross_laced_dress,clothing/whole
cross_laced_gloves,clothing/accessory
cross_laced_hairband,clothing/head
cross_laced_headwear,clothing/head
cross_laced_jacket,clothing/top
cross_laced_legwear,clothing/legwear
cross_laced_leotard,clothing/whole
cross_laced_one_piece_swimsuit,clothing/whole
cross_laced_pants,clothing/bottom
cross_laced_sandals,clothing/footwear
cross_laced_shoes,clothing/footwear
cross_laced_shorts,clothing/bottom
cross_laced_skirt,clothing/bottom
cross_laced_sweater,clothing/top
cross_laced_vest,clothing/top
cross_necklace,clothing/accessory
cross_pendant,clothing/accessory
cross_pupils,person/eyes
cross_scar,person/body
cross_shaped_pupils,person/eyes
cross_species_cosplay,style/medium
cross_tattoo,person/body
crossbody_bag,clothing/accessory
crossdraw_holster,object/weapon
crossdressing_female,person/count
crossdressing_male,person/count
crossed_ankles,person/body
crossed_arms,person/body
crossed_bangs,person/hair
crossed_belts,clothing/accessory
crossed_feet,person/body
crossed_fingers,person/body
crossed_knees,person/body
crossed_legs,expression/pose
crossed_swords,object/weapon
crossed_weapons,object/weapon
crossed_wrists,person/body
crosshair_pupils,person/eyes
crosslegged_pose,expression/pose
crossover_cosplay,style/medium
crotch,sex/body
crotch_apron,clothing/whole
crotch_attack,sex/body
crotch_blush,sex/body
crotch_breasts,sex/body
crotch_crab,sex/body
crotch_cutout,sex/body
crotch_fins,sex/body
crotch_focus,camera/framing
crotch_fur,sex/body
crotch_grab,sex/body
crotch_head,sex/body
crotch_kick,sex/body
crotch_lines,sex/body
crotch_markings,sex/body
crotch_mousepad,sex/body
crotch_plate,sex/body
crotch_pull,sex/body
crotch_ribbon,clothing/head
crotch_rope,sex/body
crotch_rope_pull,sex/body
crotch_rub,sex/body
crotch_seam,sex/body
crotch_shot,camera/shot
crotch_sniffing,sex/body
crotch_stomping,sex/body
crotch_strap,sex/body
crotch_teats,sex/body
crotch_tentacles,sex/body
crotch_tuft,sex/body
crotch_zipper,clothing/other
crotchless_bikini,clothing/whole
crotchless_bodysuit,clothing/whole
crotchless_clothing,clothing/other
crotchless_leotard,clothing/whole
crotchless_pants,clothing/bottom
crotchless_pantyhose,clothing/legwear
crotchless_shorts,clothing/bottom
crotchless_skirt,clothing/bottom
crotchless_swimsuit,clothing/whole
crouching_over_dildo,sex/gear
crouching_sex,sex/act
crow's_feet,person/body
crowd,person/count
crowd_scene,person/count
crowd_surfing,person/count
crowd_watching,person/count
crown,clothing/head
crown_(symbol),clothing/head
crown_bow,clothing/head
crown_braid,clothing/head
crown_earrings,clothing/head
crown_hair_ornament,clothing/head
crown_hat,clothing/head
crown_hat_ornament,clothing/head
crown_necklace,clothing/head
crown_of_insight,clothing/head
crown_of_thorns,clothing/head
crown_only,clothing/head
crown_ornament,clothing/head
crown_print,clothing/head
crows_feet,person/body
crt_monitor,object/tool
crumbs_on_face,person/body
crumpled_paper,object/tool
crushed_can,object/food
crushing_food,object/food
crying,expression/face
crying_aqua_(meme),expression/face
crying_asagiri_aya_(meme),expression/face
crying_blood,expression/face
crying_cat_(meme),expression/face
crying_emoji,expression/face
crying_kasumi_(blue_archive),expression/face
crying_kasumi_(blue_archive)_(meme),expression/face
crying_laughing,expression/face
crying_sound_effect,expression/face
crying_with_eyes_closed,expression/face
crying_with_eyes_open,expression/face
crypto_(apex_legends)_(cosplay),style/medium
crystal_ball,object/toy
crystal_earrings,clothing/accessory
crystal_eye,person/eyes
crystal_flower,scene/nature
crystal_hair,person/hair
crystal_hair_ornament,clothing/head
crystal_night_party_(idolmaster),scene/sky
crystal_star_(sailor_moon),scene/sky
crystal_sword,object/weapon
cu_chulainn_(fate/stay_night)_(cosplay),style/medium
cu_chulainn_alter_(fate)_(cosplay),style/medium
cube_earrings,clothing/accessory
cube_hair_ornament,clothing/head
cube_hat_ornament,clothing/head
cuck_chair,object/other
cuck_chair_(meme),object/other
cucked_over_the_phone,object/tool
cuckold_pov,camera/angle
cuckoo_clock,object/tool
cuddling_handjob,sex/act
cue_ball,object/toy
cuff_bracelet,clothing/accessory
cuffed_wrists,person/body
cuffs_(clothing),clothing/other
cuffs_to_collar,clothing/accessory
cum,sex/act
cum_all_over,sex/act
cum_as_food,sex/act
cum_as_lube,sex/act
cum_as_milk,sex/act
cum_ballooning,sex/act
cum_bath,sex/act
cum_between_breasts,sex/act
cum_between_legs,sex/act
cum_between_thighs,sex/act
cum_between_toes,sex/act
cum_blockage,sex/act
cum_bubble,sex/act
cum_bucket,sex/act
cum_buildup,sex/act
cum_burp,sex/act
cum_cannon,sex/act
cum_censor,sex/act
cum_circulation,sex/act
cum_collecting,sex/act
cum_container,sex/act
cum_covered,sex/act
cum_covered_penis,sex/act
cum_disposal,sex/act
cum_drenched,sex/act
cum_drip,sex/act
cum_dripping_from_ass,sex/act
cum_dripping_from_face,sex/act
cum_dripping_from_mouth,sex/act
cum_dripping_from_penis,sex/act
cum_dripping_on_floor,sex/act
cum_dripping_out_of_pussy,sex/act
cum_drool,sex/act
cum_drop,sex/act
cum_drunk,sex/act
cum_dump,sex/act
cum_dumpster,sex/act
cum_enema,sex/act
cum_everywhere,sex/act
cum_exchange,sex/act
cum_explosion,sex/act
cum_expulsion,sex/act
cum_fart,sex/act
cum_feeding,sex/act
cum_filling,sex/act
cum_flood,sex/act
cum_flooding,sex/act
cum_flow,sex/act
cum_fountain,sex/act
cum_from_ass,sex/act
cum_from_cloaca,sex/act
cum_from_ear,sex/act
cum_from_eyes,sex/act
cum_from_gills,sex/act
cum_from_kissing,sex/act
cum_from_mouth,sex/act
cum_from_navel,sex/act
cum_from_nipples,sex/act
cum_from_nose,sex/act
cum_from_offscreen,sex/act
cum_from_penis,sex/act
cum_from_pussy,sex/act
cum_from_slit,sex/act
cum_from_spanking,sex/act
cum_from_vagina,sex/act
cum_funnel,sex/act
cum_glazed,sex/act
cum_gushing,sex/act
cum_heart,sex/act
cum_hose,sex/act
cum_in_a_cup,sex/act
cum_in_air,sex/act
cum_in_ass,sex/act
cum_in_balls,sex/act
cum_in_beak,sex/act
cum_in_beverage,sex/act
cum_in_bladder,sex/act
cum_in_bottle,sex/act
cum_in_bowl,sex/act
cum_in_brain,sex/act
cum_in_bucket,sex/act
cum_in_chastity_cage,sex/act
cum_in_cloaca,sex/act
cum_in_clothes,clothing/other
cum_in_clothing,clothing/other
cum_in_coffee,sex/act
cum_in_container,sex/act
cum_in_cup,sex/act
cum_in_diaper,sex/act
cum_in_ear,sex/act
cum_in_eye,sex/act
cum_in_face,sex/act
cum_in_fallopian_tubes,sex/act
cum_in_food,sex/act
cum_in_footwear,clothing/footwear
cum_in_foreskin,sex/act
cum_in_ghost,sex/act
cum_in_gills,sex/act
cum_in_gloves,clothing/accessory
cum_in_goo,sex/act
cum_in_hair,sex/act
cum_in_head,sex/act
cum_in_headwear,clothing/head
cum_in_intestines,sex/act
cum_in_jar,sex/act
cum_in_jockstrap,sex/act
cum_in_milking_machine,sex/act
cum_in_mouth,sex/act
cum_in_navel,sex/act
cum_in_nipple,sex/act
cum_in_nipples,sex/act
cum_in_nose,sex/act
cum_in_ovaries,sex/act
cum_in_own_ass,sex/act
cum_in_own_hair,sex/act
cum_in_own_mouth,sex/act
cum_in_own_pussy,sex/act
cum_in_own_slit,sex/act
cum_in_own_vagina,sex/act
cum_in_panties,sex/act
cum_in_pants,clothing/bottom
cum_in_partner's_clothing,clothing/other
cum_in_partner's_mouth,sex/act
cum_in_penis,sex/act
cum_in_plushie,sex/act
cum_in_pumpkin,sex/act
cum_in_pussy,sex/act
cum_in_self,sex/act
cum_in_sex_toy,sex/act
cum_in_sheath,sex/act
cum_in_slit,sex/act
cum_in_stomach,sex/act
cum_in_tentacles,sex/act
cum_in_throat,sex/act
cum_in_toes,sex/act
cum_in_toilet,sex/act
cum_in_underwear,sex/act
cum_in_urethra,sex/act
cum_in_uterus,sex/act
cum_in_vagina,sex/act
cum_in_water,sex/act
cum_in_womb,sex/act
cum_inflated_balls,sex/act
cum_inflated_belly,sex/act
cum_inflated_breasts,sex/act
cum_inflation,sex/act
cum_inflation_progression,sex/act
cum_inside,sex/act
cum_inside_prey,sex/act
cum_inside_without_penetration,sex/act
cum_kiss,sex/act
cum_leaking_from_ass,sex/act
cum_leaking_out,sex/act
cum_leaking_out_of_pussy,sex/act
cum_manipulation,sex/act
cum_meter,sex/act
cum_milking,sex/act
cum_on_abs,sex/act
cum_on_another,sex/act
cum_on_another's_butt,sex/act
cum_on_anus,sex/act
cum_on_arm,sex/act
cum_on_armpit,sex/act
cum_on_armpits,sex/act
cum_on_arms,sex/act
cum_on_ass,sex/act
cum_on_back,sex/act
cum_on_balls,sex/act
cum_on_beak,sex/act
cum_on_bed,sex/act
cum_on_bedding,sex/act
cum_on_belly,sex/act
cum_on_body,sex/act
cum_on_boots,clothing/footwear
cum_on_breasts,sex/act
cum_on_building,sex/act
cum_on_butt,sex/act
cum_on_cake,sex/act
cum_on_camera,sex/act
cum_on_car,sex/act
cum_on_ceiling,sex/act
cum_on_chair,sex/act
cum_on_chastity_cage,sex/act
cum_on_cheek,sex/act
cum_on_chest,sex/act
cum_on_chest_fluff,sex/act
cum_on_chin,sex/act
cum_on_city,sex/act
cum_on_claws,sex/act
cum_on_cloaca,sex/act
cum_on_clothes,clothing/other
cum_on_clothing,clothing/other
cum_on_command,sex/act
cum_on_crotch,sex/act
cum_on_desk,sex/act
cum_on_diaper,sex/act
cum_on_dildo,sex/act
cum_on_each_other,sex/act
cum_on_ear,sex/act
cum_on_egg,sex/act
cum_on_eye,sex/act
cum_on_eyelid,sex/act
cum_on_eyewear,sex/act
cum_on_face,sex/act
cum_on_feathers,sex/act
cum_on_feces,sex/act
cum_on_feet,sex/act
cum_on_figure,sex/act
cum_on_fingers,sex/act
cum_on_floor,sex/act
cum_on_food,sex/act
cum_on_footwear,clothing/footwear
cum_on_forehead,sex/act
cum_on_fur,sex/act
cum_on_furniture,sex/act
cum_on_glass,sex/act
cum_on_glasses,clothing/accessory
cum_on_gloves,clothing/accessory
cum_on_goggles,clothing/accessory
cum_on_grass,sex/act
cum_on_ground,sex/act
cum_on_hair,sex/act
cum_on_hand,sex/act
cum_on_hands,sex/act
cum_on_hat,clothing/head
cum_on_head,sex/act
cum_on_headwear,clothing/head
cum_on_hips,sex/act
cum_on_hoof,sex/act
cum_on_horn,sex/act
cum_on_horns,sex/act
cum_on_knot,sex/act
cum_on_leg,sex/act
cum_on_legs,sex/act
cum_on_legwear,clothing/legwear
cum_on_lips,sex/act
cum_on_lower_body,camera/shot
cum_on_male,sex/act
cum_on_mask,clothing/head
cum_on_mirror,sex/act
cum_on_moobs,sex/act
cum_on_muzzle,sex/act
cum_on_navel,sex/act
cum_on_neck,sex/act
cum_on_nipples,sex/act
cum_on_object,sex/act
cum_on_own_arm,sex/act
cum_on_own_balls,sex/act
cum_on_own_belly,sex/act
cum_on_own_breasts,sex/act
cum_on_own_butt,sex/act
cum_on_own_chest,sex/act
cum_on_own_face,sex/act
cum_on_own_feet,sex/act
cum_on_own_hand,sex/act
cum_on_own_head,sex/act
cum_on_own_knot,sex/act
cum_on_own_leg,sex/act
cum_on_own_neck,sex/act
cum_on_own_penis,sex/act
cum_on_own_sheath,sex/act
cum_on_own_tail,sex/act
cum_on_own_tongue,sex/act
cum_on_own_wings,sex/act
cum_on_panties,sex/act
cum_on_pants,clothing/bottom
cum_on_partner,sex/act
cum_on_partner's_belly,sex/act
cum_on_partner's_butt,sex/act
cum_on_partner's_chest,sex/act
cum_on_partner's_face,sex/act
cum_on_partner's_hand,sex/act
cum_on_partner's_leg,sex/act
cum_on_partner's_penis,sex/act
cum_on_paw,sex/act
cum_on_pawpads,sex/act
cum_on_pectorals,sex/act
cum_on_penis,sex/act
cum_on_perineum,sex/act
cum_on_phone,sex/act
cum_on_picture,sex/act
cum_on_pillow,sex/act
cum_on_plushie,sex/act
cum_on_pubes,sex/act
cum_on_pussy,sex/act
cum_on_screen,sex/act
cum_on_self,sex/act
cum_on_sex_toy,sex/act
cum_on_sheath,sex/act
cum_on_sheets,sex/act
cum_on_shirt,clothing/top
cum_on_shoes,clothing/footwear
cum_on_shoulder,sex/act
cum_on_shoulders,sex/act
cum_on_skirt,clothing/bottom
cum_on_slit,sex/act
cum_on_snout,sex/act
cum_on_socks,clothing/legwear
cum_on_sofa,sex/act
cum_on_soles,sex/act
cum_on_stockings,clothing/legwear
cum_on_stomach,sex/act
cum_on_table,sex/act
cum_on_tail,sex/act
cum_on_teats,sex/act
cum_on_tentacle,sex/act
cum_on_testicles,sex/act
cum_on_thigh_highs,sex/act
cum_on_tongue,sex/act
cum_on_topwear,sex/act
cum_on_torso,sex/act
cum_on_toy,sex/act
cum_on_tree,sex/act
cum_on_underside,sex/act
cum_on_underwear,sex/act
cum_on_upper_body,camera/shot
cum_on_viewer,sex/act
cum_on_vulva,sex/act
cum_on_wall,sex/act
cum_on_window,sex/act
cum_on_wings,sex/act
cum_overflow,sex/act
cum_peril,sex/act
cum_play,sex/act
cum_plugged,sex/act
cum_pool,sex/act
cum_pooling,sex/act
cum_puddle,sex/act
cum_pump,sex/act
cum_request,sex/act
cum_reservoir_in_penis,sex/act
cum_rocket,sex/act
cum_shower,sex/act
cum_slave,sex/act
cum_smuggling,sex/act
cum_spill,sex/act
cum_splash,sex/act
cum_splatter,sex/act
cum_spray,sex/act
cum_spurt,sex/act
cum_squirting,sex/act
cum_stain,sex/act
cum_stains,sex/act
cum_strand,sex/act
cum_string,sex/act
cum_swap,sex/act
cum_tank,sex/act
cum_taste,sex/act
cum_through,sex/act
cum_through_clothes,clothing/other
cum_through_clothing,clothing/other
cum_through_jockstrap,sex/act
cum_through_pants,clothing/bottom
cum_through_toes,sex/act
cum_through_underwear,sex/act
cum_trail,sex/act
cum_transfer,sex/act
cum_transformation,sex/act
cum_tube,sex/act
cum_underwater,sex/act
cum_unplugged,sex/act
cum_vomit,sex/act
cum_vore,sex/act
cum_waterfall,sex/act
cum_while_chaste,sex/act
cum_while_fingered,sex/act
cum_while_flaccid,sex/act
cum_while_penetrated,sex/act
cum_while_rimmed,sex/act
cum_while_rimming,sex/act
cum_while_sheathed,sex/act
cum_while_toyed,sex/act
cum_while_urethral_penetration,sex/act
cum_writing,sex/act
cumdrip_from_penis,sex/body
cumdrip_through_clothes,clothing/other
cumflated_belly,person/body
cumming_from_anal_sex,sex/act
cumming_from_penetration,sex/act
cumming_onto_feet,person/body
cumshot_in_ass,person/body
cumshot_in_mouth,person/body
cumshot_in_own_mouth,person/body
cumshot_in_pussy,sex/body
cumshot_on_chest,person/body
cumshot_on_face,person/body
cunnilingus,sex/act
cunnilingus_gesture,sex/act
cunnilingus_pov,camera/angle
cunnilingus_request,sex/act
cunnilingus_through_clothes,clothing/other
cunnilingus_through_clothing,clothing/other
cunnilingus_while_penetrated,sex/act
cunt_busting,sex/body
cunt_punt,sex/body
cuntboy,sex/body
cuntboy_with_male,sex/body
cup,object/food
cup_hilt,object/weapon
cup_on_head,person/body
cup_ramen,object/food
cup_size,object/food
cup_to_cheek,object/food
cupboard,object/other
cupcake_costume,clothing/whole
cupid's_arrow,object/weapon
cupless_bikini,clothing/whole
cupless_bra,clothing/top
cupped_hands,person/body
cupping_breasts,person/body
cupping_chin,person/body
cupping_glass,object/food
cupping_hand,person/body
cupping_hands,person/body
cupping_head,person/body
cure_beauty_(cosplay),style/medium
cure_berry_(cosplay),style/medium
cure_black_(cosplay),style/medium
cure_black_pose,expression/pose
cure_blossom_(cosplay),style/medium
cure_diamond_(cosplay),style/medium
cure_dream_(cosplay),style/medium
cure_happy_(cosplay),style/medium
cure_happy_pose,expression/pose
cure_honey_(cosplay),style/medium
cure_lovely_(cosplay),style/medium
cure_march_(cosplay),style/medium
cure_marine_(cosplay),style/medium
cure_melody_(cosplay),style/medium
cure_peace_(cosplay),style/medium
cure_peach_(cosplay),style/medium
cure_pine_(cosplay),style/medium
cure_rhythm_(cosplay),style/medium
cure_sky_(cosplay),style/medium
cure_sunshine_(cosplay),style/medium
cure_white_(cosplay),style/medium
cure_white_pose,expression/pose
curled_fingers,person/body
curled_hair,person/hair
curled_tongue,person/body
curling_stone,scene/nature
curling_toes,person/body
curly_eyebrows,person/eyes
curly_hair,person/hair
curly_sidelocks,person/hair
curren_chan_(umamusume)_(cosplay),style/medium
curry_bread,object/food
curry_rice,object/food
cursed_clothing,clothing/other
cursed_collar,clothing/accessory
curtain_call_challenge_(meme),object/other
curtain_grab,object/other
curtained_hair,person/hair
curtains,object/other
curtains_closed,object/other
curtains_open,object/other
curved_eyebrows,person/eyes
curved_monitor,object/tool
curved_penis,sex/body
curved_text,style/quality
curvy_female,person/count
curvy_figure,person/count
curvy_humanoid,person/count
curvy_male,person/count
cut_bangs,person/hair
cut_ear,person/body
cute_pose,expression/pose
cute_weapon,object/weapon
cutesexyrobutts_(style),style/medium
cutie_honey_(character)_(cosplay),style/medium
cutie_mark_on_balls,object/toy
cutie_moon_rod,scene/sky
cutlass_(girls_und_panzer)_(cosplay),style/medium
cutoff_jeans,clothing/bottom
cutout_above_navel,person/body
cutout_below_navel,person/body
cutout_bikini,clothing/whole
cutout_eyelashes,person/eyes
cutout_gloves,clothing/accessory
cutout_heels,clothing/footwear
cutting_another's_hair,person/hair
cutting_clothes,clothing/other
cutting_clothing,clothing/other
cutting_hair,person/hair
cutting_out_below_the_eyes_is_hot_(meme),person/eyes
cutting_own_hair,person/hair
cyan_background,scene/background
cyan_eyes,person/eyes
cyan_mouth,person/body
cyber_elf_(mega_man),person/count
cybernetic_arm,person/body
cybernetic_ear,person/body
cybernetic_eye,person/eyes
cybernetic_face,person/body
cybernetic_hand,person/body
cybernetic_head,person/body
cybernetic_jaw,person/body
cybernetic_leg,person/body
cybernetic_penis,sex/body
cybernetic_spine,person/body
cyberpunk_clothes,clothing/other
cycling_uniform,clothing/whole
cylinder_(weapon),object/weapon
cynthia_(pokemon)_(cosplay),style/medium
czech_flag,object/tool
d'orsay_heels,clothing/footwear
d.va_(overwatch)_(cosplay),style/medium
d_day,scene/sky
d_pad_hair_ornament,clothing/head
d_ring,clothing/accessory
d_sword,object/weapon
daddy_mug,object/food
daffodil_(flower),scene/nature
dagger,object/weapon
dahlia_academy_boarding_school_uniform,clothing/whole
daicon_bunny_girl_(cosplay),style/medium
daidouji_tomoyo_(cosplay),style/medium
daisy_(flower),scene/nature
daisy_chain,object/tool
daito_academy_school_uniform,clothing/whole
daiwa_scarlet_(umamusume)_(cosplay),style/medium
daiyousei_(cosplay),style/medium
dakimakura_pillow,object/other
damaged_armor,clothing/accessory
damaged_clothing,clothing/other
damaged_wall,scene/outdoor
damask_pattern,scene/background
dance_on_the_galaxy_(idolmaster),scene/sky
dance_shoes,clothing/footwear
dance_studio,scene/indoor
dancer's_costume_(dq),clothing/whole
dancer_outfit,clothing/whole
dancing,expression/action
dancing_arona_(meme),expression/action
dancing_flower,expression/action
dancing_pallbearers_(meme),expression/action
dancing_stars_on_me!,expression/action
dandelion_clock,object/tool
danganronpa_10th_anniversary_costume,clothing/whole
dangle_earrings,clothing/accessory
dangling_arms,person/body
dangling_doggystyle,sex/act
dangling_eye,person/eyes
dangling_legs,person/body
dango_(food),object/food
dango_hair_ornament,clothing/head
dango_milk_(genshin_impact),object/food
danish_flag,object/tool
danish_text,style/quality
dante_(devil_may_cry)_(cosplay),style/medium
dao_(weapon),object/weapon
dappled_moonlight,scene/sky
dappled_sunlight,style/color
dark_anus,sex/body
dark_areola,sex/body
dark_armor,clothing/accessory
dark_arms,person/body
dark_back,person/body
dark_background,scene/background
dark_balls,object/toy
dark_belly,person/body
dark_belt,clothing/accessory
dark_boots,clothing/footwear
dark_border,camera/framing
dark_breasts,person/body
dark_brown_hair,person/hair
dark_butt,person/body
dark_chest,person/body
dark_clothing,clothing/other
dark_clouds,scene/sky
dark_collar,clothing/accessory
dark_dress,clothing/whole
dark_ears,person/body
dark_eye_patch,person/eyes
dark_eyebrows,person/eyes
dark_eyelashes,person/eyes
dark_eyelids,person/eyes
dark_eyes,person/eyes
dark_eyeshadow,person/eyes
dark_face,person/body
dark_feet,person/body
dark_fingernails,person/body
dark_fingers,person/body
dark_footwear,clothing/footwear
dark_gloves,clothing/accessory
dark_green_leaves,scene/nature
dark_hair,person/hair
dark_hands,person/body
dark_head,person/body
dark_headwear,clothing/head
dark_inner_ear,person/body
dark_legs,person/body
dark_legwear,clothing/legwear
dark_lips,person/body
dark_magician_girl_(cosplay),style/medium
dark_neck,person/body
dark_nose,person/body
dark_penis,sex/body
dark_pit_staff_(kid_icarus),person/count
dark_pupils,person/eyes
dark_room,scene/indoor
dark_sclera,person/eyes
dark_shirt,clothing/top
dark_shoes,clothing/footwear
dark_signer_uniform,clothing/whole
dark_skin,person/body
dark_skinned_female,person/count
dark_skinned_male,person/count
dark_sky,scene/sky
dark_socks,clothing/legwear
dark_stockings,clothing/legwear
dark_tattoo,person/body
dark_text,style/quality
dark_text_border,style/quality
dark_thigh_highs,person/body
dark_toes,person/body
dark_tongue,person/body
darkened_anus,sex/body
darkened_balls,object/toy
darkened_eyelids,person/eyes
darkened_inner_ear,person/body
darkened_nose,person/body
darkened_penis,sex/body
darkened_pussy,sex/body
darkened_sheath,object/weapon
darkened_skin,person/body
darkened_vulva,sex/body
darkness_(konosuba)_(cosplay),style/medium
dart_gun,object/weapon
darth_vader_(cosplay),style/medium
daruma_doll,object/toy
dash_store_touhou_collaboration,scene/indoor
dashed_border,camera/framing
dashed_eyes,person/eyes
dat_ass_(meme),person/body
date_clan_blades_(touken_ranbu),object/weapon
date_pov,camera/angle
datemaki_(food),object/food
dawn,scene/sky
dawn_(pokemon)_(cosplay),style/medium
dawn_1945,scene/sky
day,scene/sky
day_and_night,scene/sky
day_count,scene/sky
dazzler_(weapon),object/weapon
dazzling_white_town,scene/outdoor
dead_eyes,person/eyes
dead_man's_curve,person/count
dead_plants,scene/nature
dead_tree,scene/nature
deadpool_(cosplay),style/medium
dearly_stars_(idolmaster),scene/sky
death_box_(apex_legends),object/tool
death_by_penis,sex/body
death_during_sex,sex/act
death_flag,object/tool
death_focus,camera/framing
decidueye_(cosplay),style/medium
deck_chair,object/other
deck_chair_position,object/other
deck_of_cards,object/tool
decorated_bow,clothing/head
decorating_christmas_tree,scene/nature
deep_anal,sex/body
deep_aqua_mirror,object/tool
deep_cleavage,person/body
deep_cunnilingus,sex/act
deep_insertion,sex/act
deep_navel,person/body
deep_penetration,sex/act
deep_sea,scene/nature
deep_skin,person/body
deep_tongue,person/body
deeply_arched_back,person/body
deer_boy,person/count
deer_costume,clothing/whole
deer_ears,person/body
deer_girl,person/count
deer_head,person/body
deer_hood,clothing/head
deerstalker_hat,clothing/head
defeat_sex,sex/act
defensive_wall,scene/outdoor
deformed_anus,sex/body
deformed_face,person/body
degradation_text,style/quality
dejiko_(cosplay),style/medium
dekopon_(fruit),object/food
deku's_photo_of_hagakure_toru,style/medium
deku_mask,clothing/head
deku_shield,object/weapon
delivery_uniform,clothing/whole
delmogeny_uniform,clothing/whole
demanding_sex,sex/act
demon_boy,person/count
demon_costume,clothing/whole
demon_ears,person/body
demon_eyes,person/eyes
demon_girl,person/count
demon_girl_(cosplay),style/medium
demon_hood,clothing/head
demon_king_academy_school_uniform,clothing/whole
demon_king_academy_uniform,clothing/whole
demon_realm_(monster_girl_encyclopedia),person/count
demon_slayer_uniform,clothing/whole
demonic_eyes,person/eyes
denim_apron,clothing/whole
denim_bikini,clothing/whole
denim_clothing,clothing/other
denim_dress,clothing/whole
denim_jacket,clothing/top
denim_overalls,clothing/whole
denim_shirt,clothing/top
denim_shorts,clothing/bottom
denim_skirt,clothing/bottom
denim_vest,clothing/top
denji_(chainsaw_man)_(cosplay),style/medium
dental_chair,object/other
depth_of_field,camera/framing
derp_eyes,person/eyes
describing_anus,sex/body
describing_balls,object/toy
describing_breasts,person/body
describing_butt,person/body
describing_penis,sex/body
describing_pussy,sex/body
describing_pussy_type,sex/body
desert,scene/nature
desert_background,scene/nature
desert_camouflage,scene/nature
desert_eagle,scene/nature
desert_tech_mdr,scene/nature
desert_voe_set_(zelda),scene/nature
desire_grand_prix_uniform,clothing/whole
desk,object/other
desk_fan,object/tool
desk_lamp,object/tool
desk_slam,object/other
dessert_cum,sex/act
destroyed_city,scene/outdoor
destroyed_clothing,clothing/other
detachable_arms,person/body
detachable_head,person/body
detachable_legs,person/body
detachable_penis,sex/body
detached_ahoge,person/hair
detached_arm,person/body
detached_cape,clothing/top
detached_collar,clothing/accessory
detached_ears,person/body
detached_eyes,person/eyes
detached_hair,person/hair
detached_hand,person/body
detached_hood,clothing/head
detached_leggings,clothing/bottom
detached_legs,person/body
detached_oral,sex/act
detached_pants,clothing/bottom
detached_sheath,object/weapon
detailed_anus,sex/body
detailed_armpit,person/body
detailed_background,scene/background
detailed_balls,object/toy
detailed_breasts,person/body
detailed_clothing,clothing/other
detailed_ear,person/body
detailed_eyes,person/eyes
detailed_feet,person/body
detailed_food,object/food
detailed_hair,person/hair
detailed_mouth,person/body
detailed_navel,person/body
detailed_penis,sex/body
detailed_pussy,sex/body
detailed_shading,style/color
detailed_vulva,sex/body
detective_hat,clothing/head
deva_battle_suit,clothing/whole
deviantart_logo,style/quality
devil_costume,clothing/whole
devil_fruit,object/food
devil_fruit_power,object/food
devil_girl,person/count
devil_sword_dante,object/weapon
deviljho_(armor),clothing/accessory
devious_grin,expression/face
deviruchi_hat,clothing/head
devyat'_association_north_uniform,clothing/whole
devyat_association_(identity)_(project_moon),scene/sky
diagonal_bangs,person/hair
diagonal_striped_background,scene/background
diagonal_striped_bikini,clothing/whole
diagonal_striped_border,camera/framing
diagonal_striped_bow,clothing/head
diagonal_striped_bowtie,clothing/accessory
diagonal_striped_clothes,clothing/other
diagonal_striped_hat,clothing/head
diagonal_striped_headwear,clothing/head
diagonal_striped_legwear,clothing/legwear
diagonal_striped_neckerchief,clothing/accessory
diagonal_striped_necktie,clothing/accessory
diagonal_striped_ribbon,clothing/head
diagonal_striped_shirt,clothing/top
diagonal_striped_skirt,clothing/bottom
diagonal_striped_thighhighs,clothing/legwear
dialated_pupils,person/eyes
dialog_balloon,object/toy
dialogue_box,object/tool
diamond_brooch,clothing/accessory
diamond_choker,clothing/accessory
diamond_clan_outfit,clothing/whole
diamond_collar_tag,clothing/accessory
diamond_crown,clothing/head
diamond_dust_(girls_band_cry),person/count
diamond_earrings,clothing/accessory
diamond_eyes,person/eyes
diamond_hair_ornament,clothing/head
diamond_hairband,clothing/head
diamond_hands,person/body
diamond_in_eye,person/eyes
diamond_mouth,person/body
diamond_necklace,clothing/accessory
diamond_pattern,scene/background
diamond_plate,object/food
diamond_pupils,person/eyes
diamond_ring,clothing/accessory
diamond_shaped_brooch,clothing/accessory
diamond_shaped_earrings,clothing/accessory
diamond_shaped_pupils,person/eyes
diamond_sword,object/weapon
diamonds_(suit),clothing/whole
diaper_bag,clothing/accessory
diaper_focus,camera/framing
diaper_in_face,person/body
diaper_lying_around,expression/pose
diaper_masturbation,sex/act
diaper_on_face,person/body
diaper_penetration,sex/act
diaper_sex,sex/act
diaper_tent,scene/indoor
diaper_under_clothing,clothing/other
diaper_under_latex,clothing/other
diaper_under_skirt,clothing/bottom
diapered_female,person/count
diapered_male,person/count
diarmuid_ua_duibhne_(lancer)_(fate)_(cosplay),style/medium
diasomnia_dorm_uniform,clothing/whole
dice,object/toy
dice_earrings,clothing/accessory
dice_hair_ornament,clothing/head
dice_necklace,clothing/accessory
dice_roll,object/toy
dicephalic_twins,person/count
dichromatic_eyes,person/eyes
dick_in_a_box,object/tool
dick_sucking_lips,person/body
dickgirl_penetrating,sex/body
dicknipple_balls,object/toy
dieci_association_(identity)_(project_moon),scene/sky
dieci_association_south_uniform,clothing/whole
diegetic_signature,style/quality
different_zoom_layer,camera/shot
digesting_girl,person/count
digging_into_butt,person/body
digimon_day,scene/sky
digimon_on_head,person/body
digit_ring,clothing/accessory
digital_clock,object/tool
digital_eyes,person/eyes
digital_media_player,style/medium
digital_rain,scene/sky
digital_sketch,style/medium
digitigrade_footwear,clothing/footwear
digitigrade_heels,clothing/footwear
dilated_pupils,person/eyes
dilation_belt,clothing/accessory
dilation_insertion,sex/act
dildo,sex/gear
dildo_(bad_dragon),sex/gear
dildo_bicycle,sex/gear
dildo_fellatio,sex/act
dildo_gag,sex/gear
dildo_harness,sex/gear
dildo_in_ass,sex/gear
dildo_in_cloaca,sex/gear
dildo_in_mouth,sex/gear
dildo_in_penis,sex/body
dildo_in_pussy,sex/body
dildo_in_slit,sex/gear
dildo_in_urethra,sex/gear
dildo_in_vagina,sex/body
dildo_insertion,sex/act
dildo_knotting,sex/gear
dildo_lick,sex/gear
dildo_mask,clothing/head
dildo_penetration,sex/act
dildo_pull_out,sex/gear
dildo_reveal,sex/gear
dildo_riding,sex/gear
dildo_saddle,sex/gear
dildo_series,sex/gear
dildo_shitting,sex/gear
dildo_sitting,sex/gear
dildo_sitting_reveal,sex/gear
dildo_size_difference,sex/gear
dildo_under_clothes,clothing/other
dildo_under_mask,clothing/head
dildo_under_panties,sex/gear
dildo_vibrator,sex/gear
dildo_with_face,sex/gear
dimension_mirror,object/tool
dining_room,scene/indoor
dining_table,object/other
dinner_table,object/other
dinosaur_boy,person/count
dinosaur_costume,clothing/whole
dinosaur_girl,person/count
dinosaur_hood,clothing/head
dio_brando's_pose,expression/pose
dio_brando's_pose_(jojo),expression/pose
dio_brando_(cosplay),style/medium
dipstick_arms,person/body
dipstick_ear_fins,person/body
dipstick_ears,person/body
dipstick_fingers,person/body
dipstick_hair,person/hair
dipstick_legs,person/body
dipstick_nose,person/body
dipstick_penis,sex/body
dipstick_tentacles,sex/gear
dipstick_toes,person/body
directed_energy_weapon,object/weapon
directional_arrow,object/weapon
directional_arrow_hair_ornament,clothing/head
director's_chair,object/other
dirt_path,scene/outdoor
dirt_road,scene/outdoor
dirty_anal,sex/body
dirty_anus,sex/body
dirty_ass,person/body
dirty_clothes,clothing/other
dirty_clothing,clothing/other
dirty_face,person/body
dirty_feet,person/body
dirty_footwear,clothing/footwear
dirty_hands,person/body
dirty_legwear,clothing/legwear
dirty_room,scene/indoor
dirty_socks,clothing/legwear
disappearing_clothing,clothing/other
discarded_armor,clothing/accessory
discarded_bikini,clothing/whole
discarded_bra,clothing/top
discarded_clothing,clothing/other
discarded_condom,sex/gear
discarded_footwear,clothing/footwear
discarded_hat,clothing/head
discarded_pants,clothing/bottom
discarded_sex_toy,sex/act
discarded_shirt,clothing/top
discarded_shoes,clothing/footwear
discarded_shorts,clothing/bottom
discarded_socks,clothing/legwear
discarded_weapon,object/weapon
disco_ball,object/toy
discord_logo,style/quality
discreet_vibrator,sex/gear
disembodied_arm,person/body
disembodied_balls,object/toy
disembodied_breast,person/body
disembodied_breasts,person/body
disembodied_butt,person/body
disembodied_eye,person/eyes
disembodied_eyes,person/eyes
disembodied_finger,person/body
disembodied_foot,person/body
disembodied_hand,person/body
disembodied_hands,person/body
disembodied_head,person/body
disembodied_leg,person/body
disembodied_mouth,person/body
disembodied_penis,sex/body
disembodied_pussy,sex/body
disembodied_tentacle,sex/gear
disembodied_tongue,person/body
disembodied_torso,person/body
disembodied_vulva,sex/body
disgusted_expression,expression/face
disgusted_face,person/body
disinterested_sex,sex/act
disposable_coffee_cup,object/food
disposable_cup,object/food
disposable_gloves,clothing/accessory
disposable_ice_cream_cup,object/food
dissolving_clothes,clothing/other
dissolving_clothing,clothing/other
distorted_text,style/quality
distortion_(project_moon),scene/sky
distracted_sex,sex/act
dithered_background,scene/background
ditto_face,person/body
dive_ball,object/toy
divine_water_(fate),scene/nature
diving_helmet,clothing/head
diving_mask,clothing/head
diving_mask_around_neck,clothing/head
diving_mask_on_head,clothing/head
diving_mask_removed,clothing/head
diving_suit,clothing/whole
dixie_cup_hat,clothing/head
diyap_(style),style/medium
dizzy_(guilty_gear)_(cosplay),style/medium
dizzy_eyes,person/eyes
djeeta_(granblue_fantasy)_(cosplay),style/medium
djinn_(golden_sun),scene/sky
dock,scene/outdoor
dock_(anatomy),scene/outdoor
dock_(tail),scene/outdoor
dock_piercing,scene/outdoor
docks,scene/outdoor
doctor's_coat,clothing/top
doctor's_coat_(arknights),clothing/top
doctor's_office,scene/indoor
doctor_(arknights)_(cosplay),style/medium
doe_foot_applicator,person/body
dog_bed,object/other
dog_bowl,object/food
dog_boy,person/count
dog_costume,clothing/whole
dog_dildo,sex/gear
dog_ear_hairband,clothing/head
dog_ears,person/body
dog_food,object/food
dog_girl,person/count
dog_hair_ornament,clothing/head
dog_hat,clothing/head
dog_head,person/body
dog_hood,clothing/head
dog_mask,clothing/head
dog_nose,person/body
dog_on_head,person/body
dog_park,scene/outdoor
dog_penis,sex/body
dog_shadow_puppet,object/toy
dog_slippers,clothing/footwear
dog_tag_necklace,clothing/accessory
dog_toy,object/toy
doggystyle,sex/act
dogwood_(flower),scene/nature
dojikko_pose,expression/pose
doki_doki_literature_club_school_uniform,clothing/whole
doll,object/toy
doll_girl,person/count
doll_hair_ornament,clothing/head
doll_head,person/body
doll_house,object/toy
doll_joints,object/toy
doll_on_head,person/body
doll_on_shoulder,person/body
doll_panty_check,object/toy
dollar_sign,object/tool
dolls_kissing,expression/action
dolman_(jacket),clothing/top
dolphin_earrings,clothing/accessory
dolphin_girl,person/count
dolphin_hair_ornament,clothing/head
dolphin_pendant,clothing/accessory
dolphin_penis,sex/body
dolphin_shorts,clothing/bottom
doma_umaru_(cosplay),style/medium
dominant_female,person/count
dominant_futanari,sex/body
dominant_human,person/count
dominant_humanoid,person/count
dominant_male,person/count
dominant_pov,camera/angle
dominator_(gun),object/weapon
domino_high_school_uniform,clothing/whole
domino_mask,clothing/head
don't_worry_i'm_wearing,clothing/other
donald_duck_(cosplay),style/medium
donald_duck_sailor_hat,clothing/head
donation_box,object/tool
donbee_(food),object/food
dondurma_(ice_cream),object/food
dongtan_dress,clothing/whole
donkey_ears,person/body
donkey_girl,person/count
donut,object/food
donut_bracelet,clothing/accessory
donut_hair_bun,person/hair
donut_hair_ornament,clothing/head
donut_innertube,object/food
donut_mouth,person/body
donut_pillow,object/food
donut_pool_toy,scene/outdoor
donut_print,object/food
donut_shaped_pillow,object/food
donut_stamp,object/food
doodle,style/medium
doodle_inset,style/medium
doodles,style/medium
doomguy_(cosplay),style/medium
door,scene/outdoor
door_chain,scene/outdoor
door_handle,scene/outdoor
door_knob,scene/outdoor
door_open,scene/outdoor
door_slam,scene/outdoor
doors,scene/outdoor
doorway,scene/outdoor
doqute_doll_photoshoot_parody_(meme),object/toy
doqute_stuffed_doll,object/toy
doraemon_(character)_(cosplay),style/medium
doremy_sweet_(cosplay),style/medium
dorm_room,scene/indoor
dormouse_(alice_in_wonderland)_(cosplay),style/medium
dorothea_arnault_(cosplay),style/medium
dorothea_arnault_(plegian)_(cosplay),style/medium
dorsiflexion_(wrist),person/body
dot_eyes,person/eyes
dot_mouth,person/body
dot_nose,person/body
dot_pupils,person/eyes
dotabata_cafe_rec!!_(project_sekai),scene/indoor
dotera_(clothes),clothing/other
dotted_background,scene/background
dotted_line_speech_bubble,style/quality
double_anal,sex/body
double_anal_fisting,sex/body
double_arm_grab,person/body
double_arm_hug,expression/action
double_barrel_shotgun,object/tool
double_barreled_pistol,object/weapon
double_barrels,object/tool
double_beam_cannon,object/weapon
double_biceps_pose,expression/pose
double_bikini,clothing/whole
double_bitted_axe,object/weapon
double_blade,object/weapon
double_bladed_axe,object/weapon
double_bladed_sword,object/weapon
double_breast_grab,person/body
double_breast_sucking,person/body
double_bun,person/hair
double_chin,person/body
double_decker_hamburger_bun,person/hair
double_dildo,sex/gear
double_dildo_fellatio,sex/act
double_dildo_in_ass,sex/gear
double_dildo_in_mouth,sex/gear
double_dildo_in_pussy,sex/body
double_dildo_insertion,sex/act
double_drum_magazine,object/weapon
double_ended_arrow,object/weapon
double_eyepatch,clothing/accessory
double_face_punch,person/body
double_fellatio,sex/act
double_finger_gun,person/body
double_finger_heart,person/body
double_flare_skirt_one_piece,clothing/bottom
double_fox_shadow_puppet,object/toy
double_frill_skirt_swimsuit,clothing/whole
double_handjob,sex/act
double_insertion,sex/act
double_knotted_dildo,sex/gear
double_masturbation,sex/act
double_middle_finger,person/body
double_neck_guitar,expression/action
double_nipple_penetration,sex/act
double_ok_sign,expression/action
double_oral,sex/act
double_parted_bangs,person/hair
double_parted_hair,person/hair
double_penetration,sex/act
double_pov,camera/angle
double_rainbow,scene/sky
double_shaka_sign,object/tool
double_shoulder_grab,person/body
double_sided_axe,object/weapon
double_sided_wrench,object/tool
double_soul_(mega_man),person/count
double_stack_magazine,object/weapon
double_thumbs_up,expression/action
double_v_sign,expression/action
doughnut_box,object/tool
doughnut_hair_bun,person/hair
doughnut_hair_ornament,clothing/head
doughnut_on_ear,person/body
doughnut_pillow,object/other
doughnut_shaped_pillow,object/other
down_blouse,clothing/top
down_boy!!_(meme),person/count
down_jacket,clothing/top
down_the_leg_bulge,person/body
downcast_eyes,person/eyes
downturned_eyes,person/eyes
downward_dog_pose,expression/pose
dr._ratio's_book_(honkai:_star_rail),object/tool
dracula_(cosplay),style/medium
dragon_(arms),person/body
dragon_ball_(object),object/toy
dragon_boy,person/count
dragon_costume,clothing/whole
dragon_dildo,sex/gear
dragon_ears,person/body
dragon_fist_(dragon_ball),object/toy
dragon_fruit,object/food
dragon_girl,person/count
dragon_hat,clothing/head
dragon_hood,clothing/head
dragon_mask,clothing/head
dragon_on_head,person/body
dragon_on_human,person/count
dragon_on_shoulder,person/body
dragon_sword,object/weapon
dragon_tattoo,person/body
dragonfly_hair_ornament,clothing/head
dragonslayer_(sword),object/weapon
drama_mask,clothing/head
dramatic_pose,expression/pose
dramatic_stars_(idolmaster),scene/sky
draw_an_original_girl_with_all_the_traits_that_your_followers_like,person/count
draw_me_like_one_of_your_french_girls_(meme),person/count
draw_this_in_your_style_challenge,style/medium
drawer,object/other
drawers,object/other
drawing_arrow,object/weapon
drawing_bow,clothing/head
drawing_gun,object/weapon
drawing_on_another's_face,person/body
drawing_on_fourth_wall,scene/outdoor
drawing_on_own_face,person/body
drawing_on_sand,scene/nature
drawing_pen,object/tool
drawing_sword,object/weapon
drawn_crown,clothing/head
drawn_ears,person/body
drawn_eyes,person/eyes
drawn_flower,scene/nature
drawn_nose,person/body
drawn_on_eyes,person/eyes
drawstring_bag,clothing/accessory
drawstring_clothing,clothing/other
drawstring_hoodie,clothing/top
drawstring_pants,clothing/bottom
drawstring_shorts,clothing/bottom
dream_academy_school_uniform,clothing/whole
dream_ball,object/toy
dream_c_club_uniform,clothing/whole
dream_space_occult_class_(touhou),scene/sky
dreamcast_controller,object/toy
dress,clothing/whole
dress_aside,clothing/whole
dress_bow,clothing/whole
dress_down,clothing/whole
dress_flip,clothing/whole
dress_flower,clothing/whole
dress_form,clothing/whole
dress_grab,clothing/whole
dress_in_mouth,clothing/whole
dress_lift,clothing/whole
dress_of_heaven,clothing/whole
dress_only,clothing/whole
dress_over_shirt,clothing/whole
dress_pants,clothing/whole
dress_pull,clothing/whole
dress_removed,clothing/whole
dress_ribbon,clothing/whole
dress_ruff,clothing/whole
dress_shirt,clothing/whole
dress_shoes,clothing/whole
dress_slip,clothing/whole
dress_straps,clothing/whole
dress_suit,clothing/whole
dress_swimsuit,clothing/whole
dress_tug,clothing/whole
dress_under_shirt,clothing/whole
dress_uniform,clothing/whole
dress_up,clothing/whole
dress_vest,clothing/whole
dressing_room,scene/indoor
dried_flower,scene/nature
drill_arm,person/body
drill_hair,person/hair
drill_hand,person/body
drill_ponytail,person/hair
drill_sidelocks,person/hair
drillhorn_sword,object/weapon
drink,object/food
drink_bag,clothing/accessory
drink_can,object/food
drink_carton,object/food
drink_focus,camera/framing
drink_me,object/food
drink_me_potion,object/food
drink_pouch,clothing/accessory
drinking,expression/action
drinking_alcohol,expression/action
drinking_beer,expression/action
drinking_blood,expression/action
drinking_coffee,expression/action
drinking_cum,sex/act
drinking_fountain,expression/action
drinking_from_bowl,expression/action
drinking_from_condom,sex/gear
drinking_glass,expression/action
drinking_horn,expression/action
drinking_milk,expression/action
drinking_orgasm,sex/act
drinking_own_cum,sex/act
drinking_own_milk,expression/action
drinking_own_urine,expression/action
drinking_pee,expression/action
drinking_potion,expression/action
drinking_precum,sex/body
drinking_pussy_juice,sex/body
drinking_soda,expression/action
drinking_straw,expression/action
drinking_straw_in_mouth,expression/action
drinking_tea,expression/action
drinking_urine,expression/action
drinking_water,expression/action
dripping_eye,person/eyes
dripping_milk,object/food
dripping_penis,sex/body
dripping_pussy,sex/body
dripping_speech_bubble,style/quality
dripping_sweat,expression/face
dripping_text,style/quality
dripping_tongue,person/body
dripping_vulva,sex/body
dripping_water,scene/nature
driving_nude,sex/act
drool_on_face,person/body
drool_on_feet,person/body
drooling,expression/face
drooling_blood,expression/face
drooling_into_mouth,expression/face
drooling_on_partner,expression/face
drooling_onto_other,expression/face
drooling_tongue,expression/face
drooped_ears,person/body
droopy_ears,person/body
droopy_eyes,person/eyes
drop_earrings,clothing/accessory
drop_shaped_pupils,person/eyes
dropped_food,object/food
drowning_in_cum,sex/act
drugged_sex,sex/act
drum,object/tool
drum_(container),object/tool
drum_bath,object/tool
drum_magazine,object/weapon
drum_major,object/tool
drum_set,object/tool
drumstick_(food),object/food
drunk_sex,sex/act
drupe_(fruit),object/food
dry_anal_orgasm,sex/act
dry_grass,scene/nature
dry_orgasm,sex/act
dry_suit,clothing/whole
dry_vaginal_orgasm,sex/act
dryad_fruit_(dungeon_meshi),object/food
drying_another's_hair,person/hair
drying_clothes,clothing/other
drying_hair,person/hair
drying_own_hair,person/hair
dss_choker,clothing/accessory
dual_arm_cannons,person/body
dual_drum_magazine,object/weapon
dual_holding,expression/action
duck_boy,person/count
duck_costume,clothing/whole
duck_girl,person/count
duck_hair_ornament,clothing/head
duck_hood,clothing/head
duck_penis,sex/body
duckface_fellatio,sex/act
duel_academy_uniform_(yu_gi_oh!_5d's),clothing/whole
duel_academy_uniform_(yu_gi_oh!_arc_v),clothing/whole
duel_academy_uniform_(yu_gi_oh!_gx),clothing/whole
duellist's_cap_(tier_6),clothing/head
duffel_bag,clothing/accessory
duffel_coat,clothing/top
duffel_jacket,clothing/top
dull_blade_(genshin_impact),object/weapon
dull_eyes,person/eyes
dunce_cap,clothing/head
dunhuang_style,style/medium
dunkin'_donuts,object/food
duo_focus,camera/framing
dusk,scene/sky
dusk_ball,scene/sky
duster_coat,clothing/top
dutch_angle,camera/angle
dutch_braided_ponytail,person/hair
dutch_clothes,clothing/other
dutch_flag,object/tool
dvd_logo,style/quality
dyed_ahoge,person/hair
dyed_bangs,person/hair
dyed_hair,person/hair
dying_eyes,person/eyes
dynamax_ball,object/toy
dynamax_clouds,scene/sky
dynamic_pose,expression/pose
e.g.o_(project_moon),scene/sky
e621_logo,style/quality
e_girl,person/count
e_kid_fashion,person/count
ea_(fate/stay_night),scene/sky
eagle_spread_blowjob,sex/act
ear_accessory,person/body
ear_armor,clothing/accessory
ear_bar,person/body
ear_barbell,person/body
ear_bell,person/body
ear_birthmark,person/body
ear_bite,person/body
ear_biting,person/body
ear_blush,expression/face
ear_bow,clothing/head
ear_bow_(anatomy),clothing/head
ear_chain,person/body
ear_cleaning,person/body
ear_clip,person/body
ear_covers,person/body
ear_cuff,person/body
ear_cuffs,person/body
ear_down,person/body
ear_expansion,person/body
ear_fins,person/body
ear_flick,person/body
ear_flop,person/body
ear_flower,person/body
ear_focus,camera/framing
ear_fondling,person/body
ear_frill,person/body
ear_fur,person/body
ear_grab,person/body
ear_growth,person/body
ear_hair,person/hair
ear_hands,person/body
ear_insertion,sex/act
ear_jewelry,clothing/accessory
ear_lick,person/body
ear_licking,person/body
ear_markings,person/body
ear_motion,person/body
ear_mouth,person/body
ear_nibble,person/body
ear_nom,person/body
ear_on_shoulder,person/body
ear_ornament,person/body
ear_over_eye,person/eyes
ear_penetration,sex/act
ear_petting,person/body
ear_picking,person/body
ear_piercing,person/body
ear_play,person/body
ear_protection,person/body
ear_pull,person/body
ear_ribbon,clothing/head
ear_ring,clothing/accessory
ear_rub,person/body
ear_scar,person/body
ear_scratch,person/body
ear_scrunchie,person/body
ear_sex,sex/act
ear_size_difference,person/body
ear_stalk,person/body
ear_stripes,person/body
ear_stud,person/body
ear_tag,person/body
ear_tails,person/body
ear_tattoo,person/body
ear_threading,person/body
ear_through_crown,clothing/head
ear_to_ear,person/body
ear_transformation,person/body
ear_tuft,person/body
ear_tufts,person/body
ear_tug,person/body
ear_tunnel,person/body
ear_twitch,person/body
ear_visible_through_hair,person/hair
ear_wag,person/body
ear_wiggle,person/body
ear_wings,person/body
ear_wreath,person/body
earflap_hat,clothing/head
early_modern_english_text,style/quality
earmuffs_around_neck,person/body
earphones_around_neck,person/body
earphones_on_animal_ears,person/body
earrings,clothing/accessory
earrings_only,clothing/accessory
ears,person/body
ears_as_hair,person/hair
ears_aside,person/body
ears_down,person/body
ears_flat,person/body
ears_front,person/body
ears_outwards,person/body
ears_through_headwear,clothing/head
ears_through_hood,clothing/head
ears_tied_back,person/body
ears_under_headwear,clothing/head
ears_up,person/body
ears_visible_through_hair,person/hair
earth_(planet),scene/sky
earth_federation_space_forces,scene/sky
eas_(fresh_precure!)_(cosplay),style/medium
east_asian_clothing,clothing/other
easter_anal_beads,sex/body
easter_balls,object/toy
easter_breasts,person/body
easter_egg,object/food
easter_island,scene/nature
eastern_cinq_association_(identity)_(project_moon),scene/sky
easy_chair,object/other
eating,expression/action
eating_bugs,expression/action
eating_cake,expression/action
eating_candy,expression/action
eating_clothes,clothing/other
eating_contest,expression/action
eating_cookie,expression/action
eating_cum,sex/act
eating_during_class,expression/action
eating_during_sex,sex/act
eating_feces,expression/action
eating_flesh,expression/action
eating_flower,expression/action
eating_food,expression/action
eating_fruit,expression/action
eating_grass,expression/action
eating_hair,expression/action
eating_ice_cream,expression/action
eating_non_food,expression/action
ebiblue_(style),style/medium
ebon_dagger,object/weapon
echidna_penis,sex/body
eclair_(food),object/food
ecruteak_city,scene/outdoor
edamame_(food),object/food
edelgard_von_hresvelg_(cosplay),style/medium
edelweiss_(flower),scene/nature
eden_academy_school_uniform,clothing/whole
eden_gross_cooking_reaction_(meme),expression/action
edie_crop_hoodie,clothing/top
edogawa_conan_(cosplay),style/medium
edward_elric_(cosplay),style/medium
eel_boy,person/count
eel_girl,person/count
eel_hat,clothing/head
eel_insertion,sex/act
eevee_(cosplay),style/medium
eevee_backpack,clothing/accessory
eevee_ears,person/body
egg,object/food
egg_(food),object/food
egg_basket,object/food
egg_belly,person/body
egg_bulge,object/food
egg_carton,object/food
egg_chair,object/food
egg_earrings,clothing/accessory
egg_from_ass,person/body
egg_from_cloaca,object/food
egg_from_mouth,person/body
egg_from_ovipositor,object/food
egg_from_penis,sex/body
egg_from_pussy,sex/body
egg_from_urethra,object/food
egg_hair_ornament,clothing/head
egg_implantation,object/food
egg_in_ass,person/body
egg_in_balls,object/food
egg_in_mouth,person/body
egg_in_pussy,sex/body
egg_in_urethra,object/food
egg_in_uterus,object/food
egg_in_vagina,sex/body
egg_inflation,object/food
egg_insertion,sex/act
egg_laying,object/food
egg_play,object/food
egg_print,object/food
egg_sac,object/food
egg_tart,object/food
egg_transfer,object/food
egg_transformation,object/food
egg_vibrator,sex/gear
egg_yolk,object/food
egghead_island,scene/nature
eggplant_costume,clothing/whole
eggs_benedict,object/food
eggs_in_belly,person/body
eggshell_hat,clothing/head
egyptian_clothes,clothing/other
egyptian_clothing,clothing/other
egyptian_toe,person/body
eight_frame_image,object/other
eight_of_diamonds_(playing_card),expression/action
eimi_(blue_archive)_(cosplay),style/medium
eishin_flash_(umamusume)_(cosplay),style/medium
ejaculating_dildo,sex/gear
ejaculation,sex/act
ejaculation_under_clothes,clothing/other
ejaculation_while_penetrating,sex/act
ejaculation_while_toyed,sex/act
elbow,person/body
elbow_blade,person/body
elbow_blush,expression/face
elbow_carry,person/body
elbow_cuffs,person/body
elbow_cutout,person/body
elbow_drop,person/body
elbow_feathers,person/body
elbow_fin,person/body
elbow_fur,person/body
elbow_gloves,clothing/accessory
elbow_gloves_only,clothing/accessory
elbow_markings,person/body
elbow_on_another's_head,person/body
elbow_on_another's_shoulder,person/body
elbow_on_arm,person/body
elbow_on_knee,person/body
elbow_on_leg,person/body
elbow_on_table,person/body
elbow_on_thigh,person/body
elbow_pads,person/body
elbow_rest,person/body
elbow_sleeve,person/body
elbow_sleeves,person/body
elbow_spikes,person/body
elbow_tuft,person/body
elbows_on_knees,person/body
elbows_on_table,person/body
elden_ring_(object),clothing/accessory
elder_spear,object/weapon
elderly_female,person/count
elderly_human,person/count
elderly_male,person/count
electric_bass_guitar,expression/action
electric_chair,object/other
electric_eyes,person/eyes
electric_fan,object/tool
electric_guitar,expression/action
electric_plug,sex/gear
electric_plug_tail,sex/gear
electric_screaming_(e.g.o),expression/face
electric_wind_instrument,scene/sky
electrical_hair,person/hair
electrical_plug,sex/gear
electrical_plug_tail,sex/gear
electrode_dildo,sex/gear
electrode_in_ass,person/body
electrode_on_balls,object/toy
electrode_on_breasts,person/body
electrode_on_penis,sex/body
electronic_cigarette,object/tool
electronic_musical_instrument,object/tool
electroshock_weapon,object/weapon
elegant_dress,clothing/whole
elegg_(nikke)_(cosplay),style/medium
elephant_boy,person/count
elephant_costume,clothing/whole
elephant_ears,person/body
elephant_fruit,object/food
elephant_girl,person/count
elephant_hat,clothing/head
elephant_penis,sex/body
elephant_toe_hands,person/body
elephant_toes,person/body
elesa_(pokemon)_(cosplay),style/medium
elevator_door,scene/outdoor
elf_costume,clothing/whole
elf_ear,person/body
elf_hat,clothing/head
eliwood_(fire_emblem)_(cosplay),style/medium
elizabeth_bathory_(brave)_(fate)_(cosplay),style/medium
elizabeth_bathory_(fate)_(cosplay),style/medium
elizabeth_bathory_(fate/extra)_(cosplay),style/medium
elizabeth_bathory_(fate/extra_ccc)_(cosplay),style/medium
elk_shield,object/weapon
ellen_baker_(cosplay),style/medium
ellen_joe_(cosplay),style/medium
elmo_dormitory_outfit,clothing/whole
elmo_training_outfit,clothing/whole
elphelt_valentine_(cosplay),style/medium
elpis_flower,scene/nature
elsa_(frozen)_(cosplay),style/medium
elysia_(honkai_impact)_(cosplay),style/medium
em_being_(mega_man),person/count
em_wave_change_(mega_man),expression/action
embarrased_female,person/count
embarrassed,expression/face
embarrassed_expression,expression/face
embarrassed_horny,expression/face
embarrassed_male,expression/face
embarrassed_naked_male,sex/act
embarrassed_nude_male,sex/act
embarrassing_nudity,sex/act
embedded_penetrable_sex_toy,sex/act
embellished_costume,clothing/whole
emblem_ring,clothing/accessory
embracing_during_sex,sex/act
embroidered_bra,clothing/top
embroidered_dress,clothing/whole
embroidered_garter_belt,clothing/legwear
embroidered_legwear,clothing/legwear
embroidery,style/medium
embroidery_hoop,style/medium
emilia_(re:zero)_(cosplay),style/medium
emilie_de_rochefort_(cosplay),style/medium
eminem_throwing_a_fat_rat_(meme),person/body
emitting_cum,sex/act
emitting_precum,sex/body
emiya_family_(fate),person/count
emiya_shirou_(cosplay),style/medium
emmet_(pokemon)_(cosplay),style/medium
emoji_clothing,clothing/other
emoji_hair_ornament,clothing/head
emoticon_on_clothing,clothing/other
emotionless_sex,sex/act
emperor's_children,person/count
emperor's_sword,object/weapon
emperor_penguin_(kemono_friends)_(cosplay),style/medium
empire_waist,person/body
employee_uniform,clothing/whole
empty_bottle,object/food
empty_bowl,object/food
empty_eye_socket,person/eyes
empty_eye_sockets,person/eyes
empty_eyes,person/eyes
empty_picture_frame,object/other
empty_plate,object/food
empty_pool,scene/outdoor
empty_sheath,object/weapon
empty_speech_bubble,style/quality
emptying_balls,object/toy
end_table,object/other
endfield_industries_logo,style/quality
endless_cum,sex/act
endless_orgasm,sex/act
enema_bag,clothing/accessory
enema_syringe,object/tool
energy_arrow,object/weapon
energy_axe,object/weapon
energy_ball,object/toy
energy_blade,object/weapon
energy_bullet,object/weapon
energy_cannon,object/weapon
energy_drink,object/food
energy_field,scene/outdoor
energy_gun,object/weapon
energy_hair,person/hair
energy_ring,clothing/accessory
energy_scythe,object/weapon
energy_shield,object/weapon
energy_spear,object/weapon
energy_sword,object/weapon
energy_weapon,object/weapon
energy_whip,object/weapon
engine_blade,object/weapon
engineer_(tf2)_(cosplay),style/medium
english_flag,object/tool
engrish_text,style/quality
engulfing_lightning_(genshin_impact),scene/sky
enhancement_capsule_(girls'_frontline),person/count
enkephalin_(project_moon),scene/sky
enkidu_(weapon)_(fate),object/weapon
enoshima_junko_(cosplay),style/medium
enten_(sword),object/weapon
enterprise_(azur_lane)_(cosplay),style/medium
entrenching_tool,object/tool
entry_plug,sex/gear
entwined_arms,person/body
entwined_legs,person/body
entwined_toes,person/body
entwined_tongues,person/body
ephraim_(fire_emblem)_(cosplay),style/medium
equal_sign,object/tool
equine_anus,sex/body
equine_balls,object/toy
equine_dildo,sex/gear
equine_ears,person/body
equine_legs,person/body
equine_penis,sex/body
equine_penis_tongue,sex/body
equine_penis_with_foreskin,sex/body
equine_pussy,sex/body
equine_vulva,sex/body
equipment_screen,object/tool
erdrick's_shield,object/weapon
erdrick's_sword,object/weapon
erdtree_(elden_ring),clothing/accessory
erect_nipple_under_clothes,clothing/other
erect_pseudo_penis,sex/body
erection_through_clothing,clothing/other
erection_under_blanket,object/other
erection_under_clothes,clothing/other
erection_under_clothing,clothing/other
erection_under_dress,clothing/whole
erection_under_pants,clothing/bottom
erection_under_shirt,clothing/top
erection_under_shorts,clothing/bottom
erection_under_skirt,clothing/bottom
eremite_desert_clearwater_(genshin_impact)_(cosplay),style/medium
ereshkigal_(fate)_(cosplay),style/medium
escape_room,scene/indoor
escaping_text,style/quality
escudo_sword_(rayearth),object/weapon
esp_guitars,expression/action
espeon_(cosplay),style/medium
essex_face,person/body
estonian_flag,object/tool
eternal_moon_article,scene/sky
ethan_(pokemon)_(cosplay),style/medium
ethereal_hair,person/hair
etna_(disgaea)_(cosplay),style/medium
etorofu_(kancolle)_(cosplay),style/medium
eula_(genshin_impact)_(cosplay),style/medium
eurasian_tree_sparrow,scene/nature
europe_map,object/tool
euryale_(fate)_(cosplay),style/medium
eve_(stellar_blade)_(cosplay),style/medium
evelynn_(league_of_legends)_(cosplay),style/medium
evening_dress,clothing/whole
evening_gloves,clothing/accessory
evening_gown,clothing/whole
everfree_forest,scene/nature
evergreen_tree,scene/nature
everything_is_cake_(meme),object/food
evil_eyes,person/eyes
evil_face,person/body
evil_grin,expression/face
evil_laugh,expression/face
evil_smile,expression/face
evolution_stone,scene/nature
evolution_through_sex,sex/act
evolutionary_family,person/count
evolutionary_stone,scene/nature
evolved_virgin_killer_sweater,clothing/top
exaggerated_mastectomy_scar,person/body
exam_table,object/other
examination_room,scene/indoor
examination_table,object/other
excalibur_(fate/stay_night),scene/sky
excalibur_academy_school_uniform,clothing/whole
excalibur_academy_uniform,clothing/whole
excessive_anal_juice,sex/body
excessive_armpit_hair,person/hair
excessive_body_hair,person/hair
excessive_cum,sex/act
excessive_drooling,expression/face
excessive_eggs,object/food
excessive_hair,person/hair
excessive_lactation,sex/act
excessive_milk,object/food
excessive_precum,sex/body
excessive_pubic_hair,sex/body
excessive_pussy_juice,sex/body
excessive_sweat,expression/face
excited_expression,expression/face
excited_female,person/count
excited_for_sex,sex/act
executioner's_sword,object/weapon
executioner_hood,clothing/head
exercise_ball,object/toy
exercise_clothing,clothing/other
exhaust_pipe,object/tool
exhibitionism,sex/act
exit_sign,object/tool
expedition_uniform,clothing/whole
experience_bar,scene/indoor
explicit_text,style/quality
exploded_head,person/body
exploding_clothes,clothing/other
exploding_clothing,clothing/other
explosion_background,scene/background
explosive_insertion,sex/act
explosive_orgasm,sex/act
explosive_weapon,object/weapon
exposed_armpit,person/body
exposed_ass,person/body
exposed_back,person/body
exposed_balls,object/toy
exposed_belly,person/body
exposed_bra,clothing/top
exposed_breast_tissue,person/body
exposed_breasts,person/body
exposed_butt,person/body
exposed_chest,person/body
exposed_crotch,sex/body
exposed_feet,person/body
exposed_hips,person/body
exposed_muscle,person/body
exposed_rib_cage,object/tool
exposed_shoulder,person/body
exposed_teeth,person/body
exposed_thighs,person/body
exposing_pussy,sex/body
expression_35,expression/face
expression_avatar,expression/face
expression_chart,expression/face
expression_cutaway,expression/face
expression_meme,expression/face
expression_print,expression/face
expressions,expression/face
expressive_clothes,clothing/other
expressive_hair,person/hair
expressive_mask,clothing/head
extended_arm,person/body
extended_arms,person/body
extended_barrel,object/tool
extended_leg,person/body
extended_legs,person/body
extended_magazine,object/weapon
extended_range_bass_guitar,expression/action
extended_range_guitar,expression/action
external_wall,scene/outdoor
extra_arms,person/body
extra_breasts,person/body
extra_ears,person/body
extra_eyebrows,person/eyes
extra_eyes,person/eyes
extra_faces,person/body
extra_hands,person/body
extra_legs,person/body
extra_mouth,person/body
extra_pupils,person/eyes
extra_teeth,person/body
extra_tongue,person/body
extreme_gaping,sex/body
extreme_muscles,person/body
extreme_penetration,sex/act
extruded_text,style/quality
eye_bags,clothing/accessory
eye_banner_(trend),person/eyes
eye_beam,person/eyes
eye_behind_hair,person/hair
eye_black,person/eyes
eye_brooch,clothing/accessory
eye_chart,person/eyes
eye_color_connection,person/eyes
eye_color_transformation,person/eyes
eye_contact,camera/framing
eye_covering,person/eyes
eye_drops,person/eyes
eye_expansion,person/eyes
eye_focus,camera/framing
eye_glint,person/eyes
eye_glitter,person/eyes
eye_gouge,person/eyes
eye_hair_ornament,clothing/head
eye_in_mouth,person/eyes
eye_in_palm,person/eyes
eye_injury,person/eyes
eye_makeup,person/eyes
eye_markings,person/eyes
eye_mask,clothing/head
eye_mist,person/eyes
eye_of_ender,person/eyes
eye_of_horus,person/eyes
eye_of_ra,person/eyes
eye_of_senri,person/eyes
eye_on_hat,clothing/head
eye_patch,person/eyes
eye_patch_(marking),person/eyes
eye_patch_bikini,clothing/whole
eye_patch_only,person/eyes
eye_penetration,sex/act
eye_piercing,person/eyes
eye_poke,person/eyes
eye_pop,person/eyes
eye_popping,person/eyes
eye_pov,camera/angle
eye_print,person/eyes
eye_protectors,person/eyes
eye_reflection,person/eyes
eye_ridges,person/eyes
eye_roll,person/eyes
eye_scar,person/eyes
eye_shimmer,person/eyes
eye_shot,camera/shot
eye_slugger,person/eyes
eye_socket,person/eyes
eye_spot,person/eyes
eye_spots,person/eyes
eye_symbol,person/eyes
eye_tattoo,person/eyes
eye_through_hair,person/hair
eye_torture,person/eyes
eye_trail,person/eyes
eye_twitch,person/eyes
eye_visible_through_hair,person/hair
eye_waterline,person/eyes
eye_wound,person/eyes
eyeball_earrings,clothing/accessory
eyeball_hair_ornament,clothing/head
eyeball_hat_ornament,clothing/head
eyebrow_ring,clothing/accessory
eyebrow_scar,person/body
eyebrow_through_hair,person/hair
eyebrow_through_hat,clothing/head
eyebrow_through_pseudo_hair,person/hair
eyebrows_(marking),person/eyes
eyebrows_hidden_by_hair,person/hair
eyebrows_visble_through_hair,person/hair
eyebrows_visible_through_hat,clothing/head
eyebrows_visible_through_headband,clothing/head
eyebrows_visible_through_mask,clothing/head
eyelashes,person/eyes
eyelashes_through_hair,person/hair
eyelid_piercing,person/eyes
eyelid_pull,person/eyes
eyelid_pull_taunt,person/eyes
eyepatch,clothing/accessory
eyepatch_bikini,clothing/whole
eyepatch_lift,clothing/accessory
eyepatch_pull,clothing/accessory
eyepatch_slingshot_swimsuit,clothing/whole
eyes_always_closed,person/eyes
eyes_close_up,person/eyes
eyes_closed,person/eyes
eyes_closing,person/eyes
eyes_everywhere,person/eyes
eyes_in_darkness,person/eyes
eyes_in_shadow,person/eyes
eyes_mostly_closed,person/eyes
eyes_of_grima,person/eyes
eyes_of_horus_(warhammer_40k),person/eyes
eyes_of_ibad,person/eyes
eyes_on_body,person/eyes
eyes_on_the_prize,person/eyes
eyes_on_wings,person/eyes
eyes_out_of_frame,person/eyes
eyes_popping_out,person/eyes
eyes_rolled_up,person/eyes
eyes_rolling_back,person/eyes
eyes_up,person/eyes
eyes_visible_through_eyewear,person/eyes
eyes_visible_through_hair,person/hair
eyes_visible_through_headwear,clothing/head
eyeshadow,person/eyes
eyeshadow_under_eye,person/eyes
eyewear_around_neck,person/body
eyewear_in_mouth,person/body
eyewear_on_head,person/body
eyewear_on_headwear,clothing/head
eyewear_visible_through_hair,person/hair
f_16_fighting_falcon,expression/action
faberge_egg,object/food
face_between_breasts,person/body
face_blush,expression/face
face_closeup,camera/shot
face_covered,person/body
face_cutout,person/body
face_down,person/body
face_filter,person/body
face_focus,camera/framing
face_fucking,person/body
face_grab,person/body
face_hold,person/body
face_hug,expression/action
face_hugging,expression/action
face_imprint,person/body
face_in_armpit,person/body
face_in_ass,person/body
face_in_balls,person/body
face_in_belly,person/body
face_in_breasts,person/body
face_in_chest,person/body
face_in_crotch,sex/body
face_in_hands,person/body
face_in_pillow,person/body
face_in_pussy,sex/body
face_in_shadow,person/body
face_in_sheath,person/body
face_jewel,person/body
face_kick,person/body
face_lick,person/body
face_mask,clothing/head
face_mounting,person/body
face_of_the_people_who_sank_all_their_money_into_the_fx_(meme),person/body
face_on_belly,person/body
face_on_breast,person/body
face_on_butt,person/body
face_on_chest,person/body
face_on_penis,sex/body
face_paint,person/body
face_panties,person/body
face_piercing,person/body
face_powder,person/body
face_punch,person/body
face_riding,person/body
face_shield,person/body
face_slap,person/body
face_squeeze,person/body
face_squish,person/body
face_stretching,person/body
face_tentacles,sex/gear
face_to_breasts,person/body
face_to_face,person/body
face_to_pecs,person/body
face_torture,person/body
face_underwear,person/body
face_veil,clothing/head
facebook_logo,style/quality
faceless_character,person/count
faceless_female,person/count
faceless_human,person/count
faceless_humanoid,person/count
faceless_male,person/count
faces_touching,person/body
facesitting_pov,camera/angle
facial_chain_piercing,object/tool
facial_expression_training,expression/face
facial_expressions,expression/face
facial_hair,person/hair
facial_hair_growth,person/hair
facial_hair_through_mask,clothing/head
facial_mask,clothing/head
facial_scar,person/body
facial_tattoo,person/body
fading_border,camera/framing
fainting_couch,object/other
fair_skin,person/body
fairimon_(cosplay),style/medium
fairy_sword_arondight,object/weapon
fairy_sword_galatine,object/weapon
fairy_tail_logo,style/quality
fake_animal_ears,person/body
fake_box_art,object/tool
fake_breasts,person/body
fake_bunny_ears,person/body
fake_cat_ears,person/body
fake_cow_ears,person/body
fake_dog_ears,person/body
fake_ears,person/body
fake_ears_hairband,clothing/head
fake_eyelashes,person/eyes
fake_eyes,person/eyes
fake_facial_hair,person/hair
fake_fox_ears,person/body
fake_hair_bun,person/hair
fake_head_wings,person/body
fake_magazine_cover,object/weapon
fake_money,object/tool
fake_nose,person/body
fake_penis_shadow,sex/body
fake_phone_screenshot,object/tool
fake_photograph,style/medium
fake_pointy_ears,person/body
fake_rabbit_ears,person/body
fake_scar,person/body
fake_screencap,style/medium
fake_tears,expression/face
fake_text,style/quality
fake_trading_card,object/tool
falconry_hood,clothing/head
falin_touden_(chimera)_(cosplay),style/medium
fall_guy_(cosplay),style/medium
fallen_angel_ero_maid_costume,clothing/whole
fallen_tree,scene/nature
falling,expression/action
falling_asleep,expression/action
falling_down,expression/action
falling_feathers,expression/action
falling_flower,expression/action
falling_leaves,expression/action
falling_money,expression/action
falling_object,expression/action
falling_over,expression/action
falling_paper,expression/action
falling_penetration,sex/act
falling_petals,expression/action
falling_rock,expression/action
falling_star,expression/action
fallopian_penetration,sex/act
false_arm,person/body
false_clothes,clothing/other
false_smile,expression/face
famicom_controller,object/toy
familia_uniform,clothing/whole
family,person/count
family_bonding,person/count
family_burger_(chainsaw_man),person/count
family_crest,person/count
family_guy_death_pose_(meme),expression/pose
family_hierarch_candidate_(identity)_(project_moon),person/count
family_photo,style/medium
family_portrait,camera/shot
family_tree,person/count
fams_(group),person/count
fan_(object),object/tool
fan_between_breasts,person/body
fan_comic,object/tool
fan_designs,object/tool
fan_hair_ornament,clothing/head
fan_mohawk,object/tool
fan_over_face,person/body
fan_print,object/tool
fan_screaming_at_madison_beer_(meme),expression/face
fan_speaking,object/tool
fan_tail,object/tool
fan_to_mouth,person/body
fanbox_logo,style/quality
fancy_clothing,clothing/other
fancy_dress,clothing/whole
fang_necklace,clothing/accessory
fanged_bangs,person/hair
fanged_bite_mark_on_neck,person/body
fangs_on_penis,sex/body
fanning_breasts,person/body
fanning_crotch,sex/body
fanning_face,person/body
fans,object/tool
fantasy_axe,object/weapon
fantasy_clothing,clothing/other
fantasy_weapon,object/weapon
fantia_logo,style/quality
fare_gate,scene/outdoor
farm,scene/outdoor
fart_exiting_nose,person/body
fart_loli,person/count
farting_during_sex,sex/act
farting_female,person/count
farting_in_face,person/body
farting_in_mouth,person/body
farting_on_face,person/body
farting_on_penis,sex/body
farting_underwater,scene/nature
fast_ball,object/toy
fast_food,object/food
fast_food_(food),object/food
fast_food_employee,object/food
fast_food_restaurant,scene/indoor
fast_food_uniform,clothing/whole
fast_helmet,clothing/head
fast_sex,sex/act
fat,person/body
fat_arms,person/body
fat_belly,person/body
fat_face,person/body
fat_joke,person/body
fat_legs,person/body
fat_man,person/body
fat_mons,person/body
fat_neck,person/body
fat_pikachu,person/body
fat_rolls,person/body
fat_shaming,person/body
fat_woman,person/body
fatal_fury_cap,clothing/head
fate_testarossa_(cosplay),style/medium
father_shot_by_son_(meme),camera/shot
fatui_coat,clothing/top
fatui_logo,style/quality
faux_figurine,style/medium
faux_gaping,sex/body
faux_gaping_anus,sex/body
faux_gaping_nipple,sex/body
faux_gaping_pussy,sex/body
faux_photograph,style/medium
faux_text,style/quality
faux_traditional_media,style/medium
favonius_sword_(genshin_impact),object/weapon
feather_beret,clothing/head
feather_cape,clothing/top
feather_choker,clothing/accessory
feather_coat,clothing/top
feather_collar,clothing/accessory
feather_dress,clothing/whole
feather_ear,person/body
feather_ear_ring,clothing/accessory
feather_earrings,clothing/accessory
feather_fan,object/tool
feather_fingers,person/body
feather_hair,person/hair
feather_hair_ornament,clothing/head
feather_hands,person/body
feather_hat,clothing/head
feather_in_hair,person/hair
feather_in_mouth,person/body
feather_jewelry,clothing/accessory
feather_necklace,clothing/accessory
feather_nib_pen,object/tool
feather_skirt,clothing/bottom
feather_trimmed_cape,clothing/top
feather_trimmed_coat,clothing/top
feather_trimmed_dress,clothing/whole
feather_trimmed_gloves,clothing/accessory
feather_trimmed_jacket,clothing/top
feather_trimmed_leotard,clothing/whole
feathered_arms,person/body
feathered_cape,clothing/top
feathered_ears,person/body
feathered_hair,person/hair
feature_phone,object/tool
feature_scout_1_(ensemble_stars!),scene/sky
feature_scout_2_(ensemble_stars!),scene/sky
featureless_arms,person/body
featureless_breasts,person/body
featureless_butt,person/body
featureless_chest,person/body
featureless_crotch,sex/body
featureless_face,person/body
featureless_feet,person/body
featureless_hands,person/body
featureless_legs,person/body
featureless_penis,sex/body
feces_as_food,object/food
feces_in_ass,person/body
feces_in_bowl,object/food
feces_in_mouth,person/body
feces_in_own_mouth,person/body
feces_in_pussy,sex/body
feces_in_toilet,scene/indoor
feces_on_anus,sex/body
feces_on_arm,person/body
feces_on_balls,object/toy
feces_on_belly,person/body
feces_on_breasts,person/body
feces_on_butt,person/body
feces_on_chest,person/body
feces_on_face,person/body
feces_on_feet,person/body
feces_on_hand,person/body
feces_on_leg,person/body
feces_on_penis,sex/body
feces_on_tongue,person/body
feeding_bottle,object/food
feeldoe_in_pussy,sex/body
feeling_body_hair,person/hair
feeling_chest,person/body
feeling_facial_hair,person/hair
feeling_muscles,person/body
feet,person/body
feet_above_head,person/body
feet_against_wall,person/body
feet_behind_head,person/body
feet_burger_(meme),person/body
feet_crossed,person/body
feet_cupped_balls,person/body
feet_everywhere,person/body
feet_first,person/body
feet_in_air,person/body
feet_in_food,person/body
feet_in_water,person/body
feet_on_another's_face,person/body
feet_on_chair,person/body
feet_on_desk,person/body
feet_on_legs,person/body
feet_on_penis,sex/body
feet_on_shoulders,person/body
feet_on_table,person/body
feet_on_thighs,person/body
feet_on_toy,person/body
feet_only,person/body
feet_out_of_frame,person/body
feet_over_edge,person/body
feet_tied,person/body
feet_together,person/body
feet_together_knees_apart,person/body
feet_towards_viewer,person/body
feet_up,person/body
felicia_(cosplay),style/medium
felicia_(darkstalkers)_(cosplay),style/medium
felicia_(fire_emblem)_(cosplay),style/medium
feline_ears,person/body
feline_penis,sex/body
feline_pussy,sex/body
feline_sheath,object/weapon
feline_vulva,sex/body
fell_bullet_(e.g.o),object/weapon
fellatio,sex/act
fellatio_gesture,sex/act
fellatio_hold,sex/act
fellatio_over_clothes,clothing/other
fellatio_pov,camera/angle
fellatio_request,sex/act
fellatio_sandwich,sex/act
fellatio_through_clothes,clothing/other
fellatio_under_mask,clothing/head
fellatio_while_masturbating,sex/act
fellatio_while_pecjob,sex/act
fellatio_while_penetrated,sex/act
fellatio_while_penetrating,sex/act
felling_axe,object/weapon
felyne_(cosplay),style/medium
female/ambiguous,person/count
female/female,person/count
female/female_symbol,person/count
female/tentacles,sex/gear
female_admiral_(kancolle)_(cosplay),style/medium
female_adolescent,person/count
female_anthro,person/count
female_butler,person/count
female_byleth_(fire_emblem)_(cosplay),style/medium
female_collaborator,person/count
female_corrin_(fire_emblem)_(cosplay),style/medium
female_death,person/count
female_defloration,person/count
female_dominating_female,person/count
female_dominating_gynomorph,person/count
female_dominating_human,person/count
female_dominating_male,person/count
female_ejaculation,sex/act
female_ejaculation_through_clothes,clothing/other
female_facesitting_female,person/count
female_facesitting_male,person/count
female_farting,person/count
female_feral,person/count
female_fertilization,person/count
female_fingered,person/count
female_fingering,person/count
female_fingering_female,person/count
female_fingering_male,person/count
female_focus,camera/framing
female_footjob,person/count
female_goblin,person/count
female_human,person/count
female_human/male_anthro,person/count
female_humanoid,person/count
female_knight,person/count
female_licking_male,person/count
female_masturbation,sex/act
female_on_anthro,person/count
female_on_back,person/body
female_on_bottom,person/count
female_on_feral,person/count
female_on_human,person/count
female_on_humanoid,person/count
female_on_side,person/count
female_on_taur,person/count
female_on_top,person/count
female_orc,person/count
female_orgasm,sex/act
female_peed_on,person/count
female_peeing,person/count
female_peeing_on_male,person/count
female_penetrated,person/count
female_penetrating,person/count
female_penetrating_andromorph,person/count
female_penetrating_anthro,person/count
female_penetrating_female,person/count
female_penetrating_gynomorph,person/count
female_penetrating_herm,person/count
female_penetrating_human,person/count
female_penetrating_intersex,person/count
female_penetrating_male,person/count
female_pervert,person/count
female_pooping,person/count
female_pov,camera/angle
female_pred,person/count
female_prey,person/count
female_protagonist_(pokemon_go)_(cosplay),style/medium
female_pubic_hair,sex/body
female_rape,sex/act
female_raped,person/count
female_raping_female,person/count
female_raping_male,person/count
female_rapist,person/count
female_rimmed,person/count
female_rimming,person/count
female_rimming_female,person/count
female_rimming_feral,person/count
female_rimming_gynomorph,person/count
female_rimming_intersex,person/count
female_rimming_male,person/count
female_robin_(fire_emblem)_(cosplay),style/medium
female_service_cap,clothing/head
female_soldier,person/count
female_stolas,person/count
female_sub,person/count
female_supporting_yaoi,person/count
female_symbol,person/count
female_taur,person/count
female_urethra,person/count
female_virgin,person/count
female_watching,person/count
feminine_pose,expression/pose
fen_cichlid_girls_academy_school_uniform,clothing/whole
fence,scene/outdoor
fence_post,scene/outdoor
fencing_suit,clothing/whole
fenix_uniform,clothing/whole
fennekin_(cosplay),style/medium
feral_armor,clothing/accessory
feral_bondage,sex/gear
feral_dominating_female,person/count
feral_dominating_human,person/count
feral_dominating_male,person/count
feral_focus,camera/framing
feral_heels,clothing/footwear
feral_penetrating_female,person/count
feral_penetrating_human,person/count
feral_penetrating_humanoid,person/count
feral_penetrating_male,person/count
feral_pov,camera/angle
feral_rape,sex/act
feral_raping_human,person/count
feral_rimming_human,person/count
feral_to_human,person/count
feral_to_humanoid,person/count
feral_with_hair,person/hair
feral_with_hands,person/body
fern_(sousou_no_frieren)_(cosplay),style/medium
ferret_ears,person/body
ferret_girl,person/count
fertility_pills,object/tool
fertility_tattoo,person/body
festive_clothing,clothing/other
fetal_pose,expression/pose
fez_hat,clothing/head
ff_gradient,style/color
fictional_magazine_cover,object/weapon
field,scene/outdoor
field_background,scene/outdoor
field_cap,clothing/head
field_of_blades,scene/outdoor
field_radio,scene/outdoor
field_ration,scene/outdoor
fields,scene/outdoor
fiery_background,scene/background
fiery_clothing,clothing/other
fiery_ears,person/body
fiery_hair,person/hair
fiery_headphones,object/tool
fifa_world_cup_trophy,object/food
fifth_position_of_the_arms,person/body
fig_leaf,scene/nature
fig_sign,object/tool
fighting,expression/action
fighting_game,expression/action
fighting_over_boy,expression/action
fighting_pose,expression/pose
fighting_ring,clothing/accessory
fighting_stance,expression/action
fighting_type_theme_(pokemon),expression/action
figure,person/count
figure_four_leglock,person/count
figure_four_sitting,expression/pose
figure_skating,person/count
figure_skating_dress,clothing/whole
figure_stage,person/count
figure_stand,person/count
figures_taking_selfie_(meme),person/count
figurine,style/medium
file_cabinet,object/other
filing_cabinet,object/other
filled_belly,person/body
filled_condom,sex/gear
filled_condom_pullout,sex/gear
film_border,camera/framing
film_strip_border,camera/framing
fin_hair,person/hair
fin_ring,clothing/accessory
fin_scar,person/body
fine_(ensemble_stars!),scene/sky
finger,person/body
finger_between_breasts,person/body
finger_bite,person/body
finger_cannon,person/body
finger_claws,person/body
finger_cots,person/body
finger_counting,person/body
finger_counting_duo,person/body
finger_curl,person/body
finger_fetish,person/body
finger_frame,person/body
finger_frame_duo,person/body
finger_frame_over_eye,person/eyes
finger_gun,person/body
finger_gun_to_head,person/body
finger_heart,person/body
finger_hug,expression/action
finger_in_another's_mouth,person/body
finger_in_ear,person/body
finger_in_foreskin,person/body
finger_in_navel,person/body
finger_in_own_ear,person/body
finger_in_own_mouth,person/body
finger_in_sheath,person/body
finger_in_underwear,person/body
finger_kiss,person/body
finger_lick,person/body
finger_markings,person/body
finger_marks,person/body
finger_on_chin,person/body
finger_on_eyewear,person/body
finger_on_face,person/body
finger_on_forehead,person/body
finger_on_hat,clothing/head
finger_on_lips,person/body
finger_on_nipple,person/body
finger_on_nose,person/body
finger_on_penis,sex/body
finger_on_tongue,person/body
finger_on_trigger,person/body
finger_painting,style/medium
finger_piercing,person/body
finger_play,person/body
finger_pointer,person/body
finger_puppet,person/body
finger_ribbon,clothing/head
finger_ring,clothing/accessory
finger_suck,person/body
finger_sucking,person/body
finger_tattoo,person/body
finger_to_another's_cheek,person/body
finger_to_another's_mouth,person/body
finger_to_another's_nose,person/body
finger_to_cheek,person/body
finger_to_eye,person/eyes
finger_to_eyewear,person/body
finger_to_face,person/body
finger_to_head,person/body
finger_to_mouth,person/body
finger_to_own_chin,person/body
finger_to_own_nose,person/body
finger_to_tongue,person/body
finger_touching,person/body
finger_tuft,person/body
finger_twirl,person/body
finger_under_chin,person/body
finger_under_clothes,clothing/other
finger_wag,person/body
finger_wagging,person/body
finger_wrap,person/body
finger_writing,expression/action
fingering_ass,person/body
fingering_from_behind,camera/angle
fingering_through_clothes,clothing/other
fingering_through_clothing,clothing/other
fingerless_gauntlets,clothing/accessory
fingerless_gloves,clothing/accessory
fingerless_gloves_(marking),clothing/accessory
fingerless_gloves_only,clothing/accessory
fingernail_gloves,clothing/accessory
fingernails,person/body
fingernails_over_gloves,clothing/accessory
fingers,person/body
fingers_between_toes,person/body
fingers_in_hair,person/hair
fingers_in_mouth,person/body
fingers_in_pussy,sex/body
fingers_on_another's_face,person/body
fingers_on_penis,sex/body
fingers_spread,person/body
fingers_to_cheek,person/body
fingers_to_cheeks,person/body
fingers_to_chin,person/body
fingers_to_head,person/body
fingers_to_mouth,person/body
finnish_clothes,clothing/other
finnish_flag,object/tool
fir_tree,scene/nature
fire_axe,object/weapon
fire_background,scene/background
fire_dancing,expression/action
fire_eyes,person/eyes
fire_flower,scene/nature
fire_hair,person/hair
fire_hair_ornament,clothing/head
fire_helmet,clothing/head
fire_on_chest,person/body
fire_orgasm,sex/act
fire_stone,scene/nature
firefighter_helmet,clothing/head
firefighter_jacket,clothing/top
firefighter_uniform,clothing/whole
firefly_(honkai:_star_rail)_(cosplay),style/medium
firework_background,scene/background
fireworks,object/toy
fireworks_print,object/toy
firing_weapon,object/weapon
first_high_school_uniform,clothing/whole
first_orgasm,sex/act
first_person_view,person/count
first_time_anal,sex/body
fischl_(genshin_impact)_(cosplay),style/medium
fish_(food),object/food
fish_and_chips,object/food
fish_background,scene/background
fish_bone,object/food
fish_bone_earrings,clothing/accessory
fish_bone_hair_ornament,clothing/head
fish_bone_print,object/food
fish_bottle,object/food
fish_bowl,object/food
fish_boy,person/count
fish_cake,object/food
fish_costume,clothing/whole
fish_earrings,clothing/accessory
fish_eye_view,person/eyes
fish_flavored_toast_(genshin_impact),object/food
fish_food,object/food
fish_girl,person/count
fish_grill,object/food
fish_hair_ornament,clothing/head
fish_hat,clothing/head
fish_hat_ornament,clothing/head
fish_head,person/body
fish_hood,clothing/head
fish_hook,object/food
fish_hook_earrings,clothing/accessory
fish_hook_piercing,object/food
fish_hooking,object/food
fish_in_midair,object/food
fish_in_mouth,person/body
fish_insertion,sex/act
fish_meat,object/food
fish_on_head,person/body
fish_ornament,object/food
fish_pendant,clothing/accessory
fish_print,object/food
fish_shaped_pillow,object/food
fish_shaped_pupils,person/eyes
fish_skeleton,object/food
fish_skeleton_earrings,clothing/accessory
fish_skeleton_hair_ornament,clothing/head
fish_skeleton_print,object/food
fish_tail,object/food
fish_tank,object/food
fish_tattoo,person/body
fishbowl_helmet,clothing/head
fishing_hat,clothing/head
fishing_net,object/tool
fishman_island,scene/nature
fishnet_arm_warmers,person/body
fishnet_bikini,clothing/whole
fishnet_bodysuit,clothing/whole
fishnet_bra,clothing/top
fishnet_bridal_gauntlets,clothing/accessory
fishnet_clothing,clothing/other
fishnet_crop_top,clothing/top
fishnet_dress,clothing/whole
fishnet_elbow_gloves,clothing/accessory
fishnet_gloves,clothing/accessory
fishnet_kneehighs,clothing/legwear
fishnet_leggings,clothing/bottom
fishnet_leotard,clothing/whole
fishnet_pantyhose,clothing/legwear
fishnet_shirt,clothing/top
fishnet_shorts,clothing/bottom
fishnet_socks,clothing/legwear
fishnet_stockings,clothing/legwear
fishnet_swimsuit,clothing/whole
fishnet_thigh_highs,person/body
fishnet_thighhighs,clothing/legwear
fishnet_veil,clothing/head
fist_in_hand,person/body
fist_on_hip,person/body
fist_on_own_hip,person/body
fit_to_fat,person/body
fitness_gym,scene/indoor
fitting_room,scene/indoor
five_frame_image,object/other
five_frame_sequence,object/other
five_o'clock_shadow,object/tool
fixed_dildo,sex/gear
fixed_toy,object/toy
fixed_vibrator,sex/gear
fixing_hair,person/hair
flabby_arms,person/body
flabby_legs,person/body
flag,object/tool
flag_(object),object/tool
flag_(shape),object/tool
flag_background,scene/background
flag_bikini,clothing/whole
flag_clothing,clothing/other
flag_design,object/tool
flag_in_mouth,person/body
flag_on_structure,object/tool
flag_on_vehicle,object/tool
flag_on_wall,scene/outdoor
flag_patch,object/tool
flag_print,object/tool
flag_print_bikini,clothing/whole
flag_swimwear,object/tool
flag_topwear,object/tool
flag_underwear,object/tool
flags_of_all_nations,object/tool
flak_jacket,clothing/top
flame_pattern,scene/background
flame_tattoo,person/body
flamenco_dress,clothing/whole
flaming_arm,person/body
flaming_arrow,object/weapon
flaming_eye,person/eyes
flaming_eyebrows,person/eyes
flaming_eyes,person/eyes
flaming_hair,person/hair
flaming_hand,person/body
flaming_head,person/body
flaming_neck,person/body
flaming_sword,object/weapon
flaming_weapon,object/weapon
flandre_day,scene/sky
flandre_scarlet_(cosplay),style/medium
flannel_shirt,clothing/top
flapper_dress,clothing/whole
flapper_girl,person/count
flapper_shirt,clothing/top
flapping_ears,person/body
flare_gun,object/weapon
flare_pants,clothing/bottom
flared_penis,sex/body
flareon_(cosplay),style/medium
flash_cards,object/tool
flash_shield,object/weapon
flashing,sex/act
flashing_breasts,sex/act
flashing_butt,sex/act
flashing_light,sex/act
flashing_panties,sex/act
flashing_penis,sex/act
flashing_pussy,sex/act
flashlight,object/tool
flashlight_beam,object/tool
flat_ass,person/body
flat_balls,object/toy
flat_belly,person/body
flat_cap,clothing/head
flat_chastity_cage,object/tool
flat_chest,person/body
flat_chest_grab,person/body
flat_chest_joke,person/body
flat_color,style/color
flat_screen_tv,object/tool
flat_shading,style/color
flat_sign,object/tool
flat_stomach,person/body
flat_top_chef_hat,clothing/head
flats_(shoes),clothing/footwear
flavored_cum,sex/act
flavored_milk,object/food
flavored_pussy_juice,sex/body
fleischer_style_toon,style/medium
flesh_wall,scene/outdoor
fletcher_(kancolle)_(cosplay),style/medium
fleur_de_lapin_uniform,clothing/whole
flexing_muscles,person/body
flexing_penis,sex/body
flight_attendant_hat,clothing/head
flight_cape_(precure),clothing/top
flight_goggles,clothing/accessory
flight_jacket,clothing/top
flight_suit,clothing/whole
flintlock_pistol,object/weapon
flip_phone,object/tool
flipped_bangs,person/hair
flipped_hair,person/hair
flipped_sidelocks,person/hair
flipper_hands,person/body
flipping_food,object/food
floating_armor,clothing/accessory
floating_arms,person/body
floating_ball,object/toy
floating_book,object/tool
floating_breasts,person/body
floating_cape,clothing/top
floating_card,object/tool
floating_castle,scene/indoor
floating_character,person/count
floating_city,scene/outdoor
floating_clothes,clothing/other
floating_crown,clothing/head
floating_curtains,object/other
floating_dildo,sex/gear
floating_earrings,clothing/accessory
floating_ears,person/body
floating_eyebrows,person/eyes
floating_eyes,person/eyes
floating_food,object/food
floating_gun,object/weapon
floating_hair,person/hair
floating_hair_ornament,clothing/head
floating_hands,person/body
floating_hat,clothing/head
floating_head,person/body
floating_head_creature,person/body
floating_island,scene/nature
floating_legs,person/body
floating_mask,clothing/head
floating_on_water,scene/nature
floating_paper,object/tool
floating_penis,sex/body
floating_rock,scene/nature
floating_rocks,scene/nature
floating_scarf,clothing/accessory
floating_screen,object/tool
floating_stairs,scene/outdoor
floating_sword,object/weapon
floating_tears,expression/face
floating_torso,person/body
floating_weapon,object/weapon
floating_weapon_behind_back,person/body
flonne_(cosplay),style/medium
floor_bondage,sex/gear
floor_lamp,object/tool
floor_sex,sex/act
floppy_breasts,person/body
floppy_ears,person/body
floppy_penis,sex/body
floral_background,scene/background
floral_bikini,clothing/whole
floral_border,camera/framing
floral_bow,clothing/head
floral_clothing,clothing/other
floral_dress,clothing/whole
floral_embroidery,style/medium
floral_pattern,scene/background
floral_pattern_panties,scene/background
floral_pattern_underwear,scene/background
floral_print_apron,clothing/whole
floral_print_bikini,clothing/whole
floral_print_bow,clothing/head
floral_print_bra,clothing/top
floral_print_dress,clothing/whole
floral_print_gloves,clothing/accessory
floral_print_jacket,clothing/top
floral_print_kimono,clothing/whole
floral_print_one_piece_swimsuit,clothing/whole
floral_print_pants,clothing/bottom
floral_print_pantyhose,clothing/legwear
floral_print_sash,clothing/accessory
floral_print_shirt,clothing/top
floral_print_shorts,clothing/bottom
floral_print_skirt,clothing/bottom
floral_print_thighhighs,clothing/legwear
floral_print_veil,clothing/head
floral_shirt,clothing/top
floral_swimsuit,clothing/whole
florence_nightingale_(fate)_(cosplay),style/medium
florence_nightingale_(trick_or_treatment)_(fate)_(cosplay),style/medium
florida_bikini,clothing/whole
flotation_belt,clothing/accessory
flower,scene/nature
flower_(anatomy),scene/nature
flower_(symbol),scene/nature
flower_accessory,scene/nature
flower_anklet,scene/nature
flower_armlet,clothing/accessory
flower_as_hat,clothing/head
flower_balloon,scene/nature
flower_basket,scene/nature
flower_bed,scene/nature
flower_bikini,clothing/whole
flower_border,camera/framing
flower_bouquet,scene/nature
flower_bow,clothing/head
flower_box,scene/nature
flower_bra,clothing/top
flower_bracelet,clothing/accessory
flower_braid,person/hair
flower_brooch,clothing/accessory
flower_bush,scene/nature
flower_button,scene/nature
flower_censor,scene/nature
flower_choker,clothing/accessory
flower_clothes,clothing/other
flower_cloud_(spongebob),scene/nature
flower_collar,clothing/accessory
flower_crown,clothing/head
flower_dress,clothing/whole
flower_earrings,clothing/accessory
flower_eyepatch,clothing/accessory
flower_facial_mark,scene/nature
flower_field,scene/outdoor
flower_focus,camera/framing
flower_garland,scene/nature
flower_hair,person/hair
flower_hair_accessory,person/hair
flower_hair_ornament,clothing/head
flower_hairband,clothing/head
flower_hairclip,scene/nature
flower_hairpin,clothing/head
flower_hairtie,scene/nature
flower_halo,scene/nature
flower_hands,person/body
flower_hands_(precure),person/body
flower_hat,clothing/head
flower_head,person/body
flower_in_drink,scene/nature
flower_in_ear,person/body
flower_in_eye,person/eyes
flower_in_fur,scene/nature
flower_in_hair,person/hair
flower_in_hat,clothing/head
flower_in_mane,scene/nature
flower_in_mouth,person/body
flower_in_pocket,scene/nature
flower_knot,scene/nature
flower_mouth,person/body
flower_necklace,clothing/accessory
flower_neckwear,scene/nature
flower_on_chest,person/body
flower_on_ear,person/body
flower_on_face,person/body
flower_on_hat,clothing/head
flower_on_head,person/body
flower_on_helmet,clothing/head
flower_on_liquid,scene/nature
flower_on_mouth,person/body
flower_on_tail,scene/nature
flower_ornament,scene/nature
flower_over_eye,person/eyes
flower_over_eyes,person/eyes
flower_over_mouth,person/body
flower_panties,scene/nature
flower_pendant,clothing/accessory
flower_pin,scene/nature
flower_pot,scene/nature
flower_print,scene/nature
flower_ring,clothing/accessory
flower_shaped_eyewear,scene/nature
flower_shaped_hair,person/hair
flower_shaped_pupils,person/eyes
flower_shirt,clothing/top
flower_shop,scene/indoor
flower_skirt,clothing/bottom
flower_sticker,scene/nature
flower_swing,scene/nature
flower_symbol,scene/nature
flower_tact,scene/nature
flower_tail,scene/nature
flower_tank_(touhou),scene/nature
flower_tattoo,person/body
flower_thigh_strap,person/body
flower_to_mouth,person/body
flower_trick,scene/nature
flower_trim,scene/nature
flower_trimmed_bra,clothing/top
flower_trimmed_crown,clothing/head
flower_trimmed_dress,clothing/whole
flower_trimmed_skirt,clothing/bottom
flower_trimmed_sleeves,scene/nature
flower_umbrella,scene/nature
flower_underskirt,scene/nature
flower_underwear,scene/nature
flower_wings,scene/nature
flower_wrapper,scene/nature
flower_wreath,scene/nature
flowers_in_hair,person/hair
flowing_clothing,clothing/other
flowing_dress_(dq),clothing/whole
flowing_hair,person/hair
flowing_water,scene/nature
fluffy_arms,person/body
fluffy_balls,object/toy
fluffy_breasts,person/body
fluffy_butt,person/body
fluffy_chest,person/body
fluffy_clothes,clothing/other
fluffy_clothing,clothing/other
fluffy_collar,clothing/accessory
fluffy_ear,person/body
fluffy_ears,person/body
fluffy_eyebrows,person/eyes
fluffy_feet,person/body
fluffy_hands,person/body
fluffy_head,person/body
fluffy_hips,person/body
fluffy_legs,person/body
fluffy_legwear,clothing/legwear
fluffy_neck_fur,person/body
fluffy_penis,sex/body
fluffy_sheath,object/weapon
fluffy_shoulders,person/body
fluffy_thighs,person/body
fluffy_white_puppy_expressions_(meme),expression/face
fluid_on_breasts,person/body
fluid_on_face,person/body
fluorescent_lamp,object/tool
flushed_face,person/body
flushed_face_emoji,person/body
flushed_face_emoji_shirt_(meme),clothing/top
flushing_toilet,scene/indoor
flustered_face_emoji,person/body
flustered_male,person/count
flute,object/tool
flute_tassel,object/tool
flying,expression/action
flying_animal,expression/action
flying_boat,expression/action
flying_broom,expression/action
flying_button,expression/action
flying_buttress,expression/action
flying_car,expression/action
flying_guillotine,expression/action
flying_kick,expression/action
flying_machine,expression/action
flying_paper,expression/action
flying_pig,expression/action
flying_saucer,expression/action
flying_sex,sex/act
flying_spittle,expression/action
flying_sweatdrops,expression/face
flying_teardrops,expression/action
flying_train,expression/action
flying_type_theme_(pokemon),expression/action
flying_vehicle,expression/action
flying_whale,expression/action
fn_scar,person/body
fn_scar_16,person/body
fn_scar_17,person/body
foam_finger,person/body
foaming_at_mouth,person/body
foaming_at_the_mouth,person/body
foaming_waves,expression/action
focus_(horizon),camera/framing
focus_lines,camera/framing
fog,scene/sky
fogged_glasses,clothing/accessory
foggy_background,scene/background
fold_over_boots,clothing/footwear
fold_over_collar,clothing/accessory
fold_over_gloves,clothing/accessory
folded_braid,person/hair
folded_chair,object/other
folded_clothes,clothing/other
folded_clothing,clothing/other
folded_collar,clothing/accessory
folded_ear,person/body
folded_ears,person/body
folded_fan,object/tool
folded_hair,person/hair
folded_hands,person/body
folded_legs,person/body
folded_ponytail,person/hair
folded_twintails,person/hair
folding_chair,object/other
folding_clothes,clothing/other
folding_fan,object/tool
folding_gun,object/weapon
folding_knife,object/weapon
folding_screen,object/tool
folding_stool,object/other
folding_table,object/other
folding_umbrella,object/tool
folk_clothes,clothing/other
fondling_penis,sex/body
food,object/food
food_art,object/food
food_as_clothes,clothing/other
food_as_ears,person/body
food_awe,object/food
food_background,scene/background
food_between_breasts,person/body
food_bite,object/food
food_bowl,object/food
food_carrier,object/food
food_censorship,object/food
food_container,object/food
food_costume,clothing/whole
food_delivery,object/food
food_delivery_box,object/food
food_dildo,sex/gear
food_dressed,object/food
food_feces,object/food
food_fetish,object/food
food_fight,object/food
food_focus,camera/framing
food_gag,object/food
food_gore,object/food
food_hair,person/hair
food_in_ass,person/body
food_in_mouth,person/body
food_in_pocket,object/food
food_in_pussy,sex/body
food_in_stomach,person/body
food_in_urethra,object/food
food_insertion,sex/act
food_malfunction,object/food
food_name,object/food
food_on_body,object/food
food_on_breasts,person/body
food_on_butt,person/body
food_on_clothes,clothing/other
food_on_face,person/body
food_on_feet,person/body
food_on_foot,person/body
food_on_hair,person/hair
food_on_hand,person/body
food_on_head,person/body
food_on_legs,person/body
food_on_pectorals,object/food
food_on_penis,sex/body
food_on_plate,object/food
food_on_tail,object/food
food_on_toes,person/body
food_packaging,object/food
food_penetration,sex/act
food_pips_(rain_world),scene/sky
food_play,object/food
food_pool_toy,scene/outdoor
food_print,object/food
food_shot,camera/shot
food_stains,object/food
food_stand,object/food
food_theft,object/food
food_themed_background,scene/background
food_themed_bag,clothing/accessory
food_themed_choker,clothing/accessory
food_themed_clothes,clothing/other
food_themed_creature,object/food
food_themed_earrings,clothing/accessory
food_themed_hair,person/hair
food_themed_hair_ornament,clothing/head
food_themed_hat,clothing/head
food_themed_hat_ornament,clothing/head
food_themed_necklace,clothing/accessory
food_themed_ornament,object/food
food_themed_pillow,object/food
food_themed_weapon,object/weapon
food_transformation,object/food
food_tray,object/food
food_truck,object/food
food_with_face,person/body
food_wrapper,object/food
food_writing,expression/action
fool's_hat,clothing/head
foot_against_foot,person/body
foot_against_wall,person/body
foot_bath,person/body
foot_blush,expression/face
foot_crush,person/body
foot_dangle,person/body
foot_domination,person/body
foot_expansion,person/body
foot_fetish,person/body
foot_fetish_validation,person/body
foot_focus,camera/framing
foot_grab,person/body
foot_grinding,person/body
foot_growth,person/body
foot_hair,person/hair
foot_hands,person/body
foot_hug,expression/action
foot_imprint,person/body
foot_in_ass,person/body
foot_in_mouth,person/body
foot_in_water,person/body
foot_insertion,sex/act
foot_kabedon,person/body
foot_kiss,person/body
foot_lick,person/body
foot_markings,person/body
foot_massage,person/body
foot_on_another's_ass,person/body
foot_on_another's_back,person/body
foot_on_another's_breast,person/body
foot_on_another's_chest,person/body
foot_on_another's_face,person/body
foot_on_another's_head,person/body
foot_on_another's_thigh,person/body
foot_on_arm,person/body
foot_on_back,person/body
foot_on_balls,person/body
foot_on_belly,person/body
foot_on_breast,person/body
foot_on_bulge,person/body
foot_on_butt,person/body
foot_on_chest,person/body
foot_on_crotch,sex/body
foot_on_face,person/body
foot_on_foot,person/body
foot_on_glass,person/body
foot_on_head,person/body
foot_on_knee,person/body
foot_on_leg,person/body
foot_on_object,person/body
foot_on_own_balls,person/body
foot_on_own_penis,sex/body
foot_on_penis,sex/body
foot_on_pussy,sex/body
foot_on_shoulder,person/body
foot_on_stomach,person/body
foot_on_table,person/body
foot_on_tail,person/body
foot_on_thigh,person/body
foot_on_vulva,sex/body
foot_on_weapon,person/body
foot_on_wing,person/body
foot_out_of_frame,person/body
foot_over_edge,person/body
foot_play,person/body
foot_pussy,sex/body
foot_rub,person/body
foot_shot,camera/shot
foot_size_difference,person/body
foot_smother,person/body
foot_sniffing,person/body
foot_suck,person/body
foot_tattoo,person/body
foot_tease,person/body
foot_tickling,person/body
foot_torture,person/body
foot_transformation,person/body
foot_tuft,person/body
foot_up,person/body
foot_up_heel_up,person/body
foot_worship,person/body
foot_wraps,person/body
football_field,scene/outdoor
football_helmet,clothing/head
football_pants,clothing/bottom
football_uniform,clothing/whole
footjob_from_behind,camera/angle
footjob_on_balls,object/toy
footjob_over_clothes,clothing/other
footjob_pov,camera/angle
footjob_through_clothing,clothing/other
footjob_through_footwear,clothing/footwear
footjob_under_table,object/other
footjob_while_masturbating,sex/act
footjob_with_legwear,clothing/legwear
footless_legwear,clothing/legwear
footless_socks,clothing/legwear
footpaw_hands,person/body
footwear,clothing/footwear
footwear_bow,clothing/footwear
footwear_flower,clothing/footwear
footwear_focus,camera/framing
footwear_on_head,clothing/footwear
footwear_only,clothing/footwear
footwear_ornament,clothing/footwear
footwear_ribbon,clothing/footwear
footwear_without_bottomwear,clothing/footwear
for_a_head,person/body
force_field,scene/outdoor
forced_anal,sex/body
forced_bestiality,sex/act
forced_blindfold,clothing/head
forced_bondage,sex/gear
forced_cum_expulsion,sex/act
forced_cunnilingus,sex/act
forced_double_penetration,sex/act
forced_drinking,expression/action
forced_ejaculation,sex/act
forced_fellatio,sex/act
forced_handjob,sex/act
forced_hug,expression/action
forced_incest,sex/act
forced_insertion,sex/act
forced_lactation,sex/act
forced_masturbation,sex/act
forced_milking,sex/act
forced_nudity,sex/act
forced_open_mouth,expression/face
forced_oral,sex/act
forced_orgasm,sex/act
forced_penetration,sex/act
forced_perspective,camera/angle
forced_prostate_orgasm,sex/act
forced_pussy_torture,sex/body
forced_smile,expression/face
forced_spreading_arms,person/body
forced_spreading_legs,person/body
forced_to_cum_inside,sex/act
forced_to_watch,object/tool
forced_undressing,clothing/other
ford_crown_victoria_(2nd_generation),clothing/head
forearm_at_chest,person/body
forearm_hair,person/hair
forearm_muscles,person/body
forearm_tattoo,person/body
forearms_at_chest,person/body
foreground_text,style/quality
forehead,person/body
forehead_beam,person/body
forehead_blush,expression/face
forehead_eye,person/eyes
forehead_flick,person/body
forehead_gem,person/body
forehead_horn,person/body
forehead_jewel,person/body
forehead_kiss,person/body
forehead_mark,person/body
forehead_markings,person/body
forehead_piercing,person/body
forehead_protector,person/body
forehead_scar,person/body
forehead_tattoo,person/body
forehead_to_forehead,person/body
forehead_tuft,person/body
forehead_ui,person/body
forehead_writing,expression/action
foreheads_touching,person/body
forepaw_on_chest,person/body
forepaw_on_head,person/body
forepaw_on_penis,sex/body
foreshortening,camera/angle
foreskin_insertion,sex/act
foreskin_sheath,object/weapon
forest,scene/nature
forest_background,scene/nature
forest_fire,scene/nature
forest_for_the_flames_(e.g.o),scene/nature
forest_of_magic,scene/nature
forest_sex,sex/act
forget_me_not_(flower),scene/nature
forgotten_city,scene/outdoor
fork,object/food
fork_hair_ornament,clothing/head
forked_eyebrows,person/eyes
forked_penis,sex/body
forked_tongue,person/body
formal_clothes,clothing/other
formal_clothing,clothing/other
formidable_(azur_lane)_(cosplay),style/medium
fortified_suit,clothing/whole
fortified_suit_(imperial_royal_guard),clothing/whole
fortified_suit_(kagami_sumika),clothing/whole
fortune_bikini,clothing/whole
forward_arm_support,person/body
fossa_penis,sex/body
fossil_hair_ornament,clothing/head
fou_(fate)_(cosplay),style/medium
fountain_pen,object/tool
four_arms,person/body
four_eyes,person/eyes
four_finger_handjob,sex/act
four_finger_heart_hands,expression/action
four_frame_grid,object/other
four_frame_image,object/other
four_frame_sequence,object/other
four_frame_staggered_grid,object/other
four_leaf_clover,scene/nature
four_leaf_clover_earrings,clothing/accessory
four_leaf_clover_hair_ornament,clothing/head
four_leaf_clover_necklace,clothing/accessory
four_leaf_clover_print,scene/nature
four_mirrors_of_lucifenia,object/tool
four_poster_bed,object/tool
fourth_east_high_school_uniform,clothing/whole
fourth_position_arms_(ballet),person/body
fourth_position_of_the_arms,person/body
fourth_wall,scene/outdoor
fox_boy,person/count
fox_costume,clothing/whole
fox_ears,person/body
fox_girl,person/count
fox_hair_ornament,clothing/head
fox_hand_gesture,person/body
fox_hat,clothing/head
fox_hood,clothing/head
fox_mask,clothing/head
fox_on_head,person/body
fox_shadow_puppet,object/toy
fox_shadow_puppet_kiss,object/toy
fragmentation_grenade,object/weapon
fragrant_olive_sword,object/weapon
framed_breasts,person/body
framed_by_legs,person/body
framed_cleavage,person/body
framed_crotch,sex/body
francesca_lucchini_(cosplay),style/medium
frankenstein's_monster_(cosplay),style/medium
frankenstein's_monster_costume,clothing/whole
frankenstein_costume,clothing/whole
frat_boy,person/count
fraternal_twins,person/count
frayed_clothes,clothing/other
frayed_shorts,clothing/bottom
frayed_skirt,clothing/bottom
freckled_areola,sex/body
freckled_arms,person/body
freckled_back,person/body
freckled_balls,object/toy
freckled_belly,person/body
freckled_breasts,person/body
freckled_butt,person/body
freckled_chest,person/body
freckled_crotch,sex/body
freckled_ears,person/body
freckled_face,person/body
freckled_hips,person/body
freckled_legs,person/body
freckled_neck,person/body
freckled_pussy,sex/body
freckled_shoulders,person/body
freckled_thighs,person/body
freckled_vulva,sex/body
freckles,person/body
freckles_on_ass,person/body
freckles_on_breasts,person/body
freckles_on_shoulder,person/body
freddy_krueger_(cosplay),style/medium
free_hugs,expression/action
free_planets_alliance,scene/sky
free_sex_sign,sex/act
freesia_(flower),scene/nature
freikugel_(weapon),object/weapon
french_braided_ponytail,person/hair
french_braided_twintails,person/hair
french_clothes,clothing/other
french_flag,object/tool
french_flag_bikini,clothing/whole
french_flag_print,object/tool
french_kissing,expression/action
french_toast,object/food
frenum_ladder,scene/outdoor
fresh_fruits_parlor_(love_live!),object/food
fretless_bass_guitar,expression/action
fretless_guitar,expression/action
fried_egg,object/food
fried_egg_on_toast,object/food
fried_fish,object/food
fried_food,object/food
fried_rice,object/food
fried_rice_prank_(meme),object/food
friend_ball,object/toy
friendship_bracelet,clothing/accessory
frieren_(cosplay),style/medium
frieren_lap_pillow_(meme),object/other
frill_ring,clothing/accessory
frill_spines,person/body
frilled_apron,clothing/whole
frilled_arm_strap,person/body
frilled_arm_warmers,person/body
frilled_armlet,clothing/accessory
frilled_bag,clothing/accessory
frilled_bikini,clothing/whole
frilled_bikini_bottom,clothing/whole
frilled_bikini_top,clothing/whole
frilled_bodysuit,clothing/whole
frilled_boots,clothing/footwear
frilled_bow,clothing/head
frilled_bowtie,clothing/accessory
frilled_bra,clothing/top
frilled_bracelet,clothing/accessory
frilled_bridal_gauntlets,clothing/accessory
frilled_camisole,clothing/top
frilled_cape,clothing/top
frilled_cardigan,clothing/top
frilled_choker,clothing/accessory
frilled_cloak,clothing/top
frilled_coat,clothing/top
frilled_collar,clothing/accessory
frilled_curtains,object/other
frilled_dress,clothing/whole
frilled_eyepatch,clothing/accessory
frilled_footwear,clothing/footwear
frilled_garter,clothing/legwear
frilled_garter_belt,clothing/legwear
frilled_gloves,clothing/accessory
frilled_hair_tubes,person/hair
frilled_hairband,clothing/head
frilled_hat,clothing/head
frilled_headband,clothing/head
frilled_headwear,clothing/head
frilled_hood,clothing/head
frilled_hoodie,clothing/top
frilled_jacket,clothing/top
frilled_kimono,clothing/whole
frilled_kneehighs,clothing/legwear
frilled_leg_warmers,person/body
frilled_leotard,clothing/whole
frilled_necktie,clothing/accessory
frilled_nightgown,clothing/whole
frilled_one_piece_swimsuit,clothing/whole
frilled_pajamas,clothing/whole
frilled_pants,clothing/bottom
frilled_pantyhose,clothing/legwear
frilled_penis,sex/body
frilled_pillow,object/other
frilled_ribbon,clothing/head
frilled_robe,clothing/whole
frilled_sailor_collar,clothing/accessory
frilled_sash,clothing/accessory
frilled_scarf,clothing/accessory
frilled_shirt,clothing/top
frilled_shirt_collar,clothing/top
frilled_shorts,clothing/bottom
frilled_skirt,clothing/bottom
frilled_socks,clothing/legwear
frilled_sweater,clothing/top
frilled_tank_top,clothing/top
frilled_thigh_strap,person/body
frilled_thighhighs,clothing/legwear
frilled_tube_top,clothing/top
frilled_umbrella,object/tool
frilled_veil,clothing/head
frilled_vest,clothing/top
frilled_wrist_cuffs,person/body
frilled_wristband,clothing/accessory
frilly_apron,clothing/whole
frilly_bikini,clothing/whole
frilly_bra,clothing/top
frilly_clothing,clothing/other
frilly_collar,clothing/accessory
frilly_dress,clothing/whole
frilly_footwear,clothing/footwear
frilly_hairband,clothing/head
frilly_legwear,clothing/legwear
frilly_penis,sex/body
frilly_shirt,clothing/top
frilly_skirt,clothing/bottom
frilly_socks,clothing/legwear
frilly_stockings,clothing/legwear
frilly_thigh_highs,person/body
fringe_clothing,clothing/other
fringe_trimmed_cape,clothing/top
frisbee_in_mouth,person/body
frisk_(undertale)_(cosplay),style/medium
friulian_spear,object/weapon
frog_boy,person/count
frog_costume,clothing/whole
frog_girl,person/count
frog_hair_ornament,clothing/head
frog_hat,clothing/head
frog_headband,clothing/head
frog_hood,clothing/head
frog_mask,clothing/head
frog_on_head,person/body
frog_pose,expression/pose
froggy_chair,object/other
froggy_style,style/medium
frogtied_arms,person/body
from_above,camera/angle
from_behind,camera/angle
from_behind_angle,camera/angle
from_behind_position,camera/angle
from_below,camera/angle
from_front,camera/angle
from_front_position,camera/angle
from_hat_trick,clothing/head
from_side,camera/angle
from_the_back,person/body
front_and_back,person/body
front_and_back_penises,person/body
front_bow,clothing/head
front_braid,person/hair
front_door,scene/outdoor
front_fastening_bra,clothing/top
front_hook_bra,clothing/top
front_ponytail,person/hair
front_pussy,sex/body
front_seamed_legwear,clothing/legwear
front_sitting_split,expression/pose
front_tie_bikini,clothing/whole
front_tie_bikini_top,clothing/whole
front_tie_bra,clothing/top
front_tie_clothing,clothing/other
front_tie_shirt,clothing/top
front_tie_shorts,clothing/bottom
front_to_back,person/body
front_view,camera/angle
front_vulva,sex/body
front_zipper,clothing/other
front_zipper_swimsuit,clothing/whole
front_zipper_swimsuit_(realise),clothing/whole
frontal_taur_balls,object/toy
frontal_taur_penis,sex/body
frontal_taur_pussy,sex/body
frontal_taur_vulva,sex/body
frontless_outfit,clothing/whole
frosted_border,camera/framing
frosted_glass,object/food
frosting_on_butt,person/body
frottage_through_clothing,clothing/other
frown,expression/face
frown_eyebrows,expression/face
frown_lines,expression/face
frowney_face,person/body
frozen_expression,expression/face
frozen_lake,scene/nature
fruit,object/food
fruit_as_cup,object/food
fruit_background,scene/background
fruit_basket,object/food
fruit_bowl,object/food
fruit_brooch,clothing/accessory
fruit_cup,object/food
fruit_earrings,clothing/accessory
fruit_focus,camera/framing
fruit_hair_ornament,clothing/head
fruit_hat,clothing/head
fruit_hat_ornament,clothing/head
fruit_insertion,sex/act
fruit_on_head,person/body
fruit_on_liquid,object/food
fruit_pattern,scene/background
fruit_popsicle,object/food
fruit_print,object/food
fruit_sandwich,object/food
fruit_stand,object/food
fruit_tart,object/food
fruit_tree,scene/nature
fu_hua_(cosplay),style/medium
fubuki_(kancolle)_(cosplay),style/medium
fuchi_(hilt),object/weapon
fuchsia_(flower),scene/nature
fuck_me_clothes,clothing/other
fuck_me_shirt,clothing/top
fuji_kiseki_(umamusume)_(cosplay),style/medium
fujiko_f_fujio_(style),style/medium
fujimaru_ritsuka_(female)_(cosplay),style/medium
fujimaru_ritsuka_(male)_(cosplay),style/medium
fujimi_high_school_uniform,clothing/whole
fujimoto_tatsuki_(style),style/medium
fujinomisaki_school_uniform,clothing/whole
fujita_mariko_(style),style/medium
fujiwara_no_mokou_(cosplay),style/medium
fukumoto_nobuyuki_(style),style/medium
fukurodani_volleyball_uniform,clothing/whole
full_armor,clothing/accessory
full_balls,object/toy
full_body,camera/shot
full_body_blush,camera/shot
full_body_suit,camera/shot
full_body_tattoo,camera/shot
full_body_view,camera/shot
full_cleavage,person/body
full_composition,camera/framing
full_face_blush,expression/face
full_foot_pawpads,person/body
full_length_mirror,object/tool
full_length_zipper,clothing/other
full_moon,scene/sky
full_mouth,person/body
full_nelson_(arms_held),person/body
full_nelson_(legs_held),person/body
full_nelson_anal,sex/body
full_nudity,sex/act
full_package_futanari,sex/body
full_stomach,person/body
full_stop_office_(identity)_(project_moon),scene/indoor
fullbody_suit,clothing/whole
fully_bound,sex/gear
fully_clothed_female,person/count
fully_clothed_human,person/count
fully_clothed_humanoid,person/count
fully_clothed_male,person/count
fully_clothed_to_nude,sex/act
fully_erect_inside_sheath,object/weapon
fully_genderswapped_group,person/count
fully_restrained,sex/gear
fully_submerged_legs,person/body
fumizuki_academy_school_uniform,clothing/whole
fumo_(doll),object/toy
funade_no_mae_no_one_day_trip_(project_sekai),scene/sky
funamusea_(style),style/medium
functionally_nude,sex/act
fundoshi_day,scene/sky
funeral_dress,clothing/whole
funeral_kimono,clothing/whole
funeral_veil,clothing/head
funnel_(tool),object/tool
funnel_in_ass,person/body
funnel_in_mouth,person/body
funny_face,person/body
funny_glasses,clothing/accessory
fur_(clothing),clothing/other
fur_arm_warmers,person/body
fur_armlet,clothing/accessory
fur_bikini,clothing/whole
fur_boots,clothing/footwear
fur_bra,clothing/top
fur_bracelet,clothing/accessory
fur_cape,clothing/top
fur_choker,clothing/accessory
fur_cloak,clothing/top
fur_clothing,clothing/other
fur_coat,clothing/top
fur_collar,clothing/accessory
fur_dress,clothing/whole
fur_footwear,clothing/footwear
fur_gauntlets,clothing/accessory
fur_gloves,clothing/accessory
fur_hair,person/hair
fur_hair_tie,person/hair
fur_hairband,clothing/head
fur_hat,clothing/head
fur_hood,clothing/head
fur_jacket,clothing/top
fur_leg_warmers,person/body
fur_lined_clothing,clothing/other
fur_lined_gloves,clothing/accessory
fur_lined_jacket,clothing/top
fur_scarf,clothing/accessory
fur_shirt,clothing/top
fur_skirt,clothing/bottom
fur_socks,clothing/legwear
fur_sweater,clothing/top
fur_tattoo,person/body
fur_thighhighs,clothing/legwear
fur_trim_(clothing),clothing/other
fur_trim_cloak,clothing/top
fur_trimmed_arm_warmers,person/body
fur_trimmed_armor,clothing/accessory
fur_trimmed_belt,clothing/accessory
fur_trimmed_bikini,clothing/whole
fur_trimmed_bodysuit,clothing/whole
fur_trimmed_boots,clothing/footwear
fur_trimmed_bow,clothing/head
fur_trimmed_bra,clothing/top
fur_trimmed_cape,clothing/top
fur_trimmed_cardigan,clothing/top
fur_trimmed_choker,clothing/accessory
fur_trimmed_cloak,clothing/top
fur_trimmed_coat,clothing/top
fur_trimmed_collar,clothing/accessory
fur_trimmed_dress,clothing/whole
fur_trimmed_footwear,clothing/footwear
fur_trimmed_gloves,clothing/accessory
fur_trimmed_hairband,clothing/head
fur_trimmed_headwear,clothing/head
fur_trimmed_hood,clothing/head
fur_trimmed_hoodie,clothing/top
fur_trimmed_jacket,clothing/top
fur_trimmed_jumpsuit,clothing/whole
fur_trimmed_kimono,clothing/whole
fur_trimmed_leg_warmers,person/body
fur_trimmed_legwear,clothing/legwear
fur_trimmed_leotard,clothing/whole
fur_trimmed_pajamas,clothing/whole
fur_trimmed_pants,clothing/bottom
fur_trimmed_robe,clothing/whole
fur_trimmed_scarf,clothing/accessory
fur_trimmed_shirt,clothing/top
fur_trimmed_shoes,clothing/footwear
fur_trimmed_shorts,clothing/bottom
fur_trimmed_skirt,clothing/bottom
fur_trimmed_socks,clothing/legwear
fur_trimmed_sweater,clothing/top
fur_trimmed_thighhighs,clothing/legwear
fur_trimmed_tube_top,clothing/top
fur_trimmed_vest,clothing/top
fur_trimmed_waist_cape,clothing/top
fur_trimmed_wrist_cuffs,person/body
fur_vest,clothing/top
fur_wrist_cuffs,person/body
furaffinity_logo,style/quality
furgonomic_baseball_cap,clothing/head
furgonomic_dress,clothing/whole
furgonomic_footwear,clothing/footwear
furgonomic_hat,clothing/head
furgonomic_headwear,clothing/head
furgonomic_helmet,clothing/head
furgonomic_hood,clothing/head
furgonomic_pants,clothing/bottom
furina_(genshin_impact)_(cosplay),style/medium
furless_torso,person/body
furniture_lamp,object/tool
furoshiki_around_neck,person/body
furrowed_eyebrows,person/eyes
furry_arms,person/body
furry_balls,object/toy
furry_ears,person/body
furry_female,person/count
furry_girl,person/count
furry_legs,person/body
furry_male,person/count
furry_penis,sex/body
furry_specific_jewelry,clothing/accessory
furry_wearing_fursuit,clothing/other
fursuit_head,person/body
fused_arms,person/body
fused_eyes,person/eyes
fused_fingers,person/body
fused_legs,person/body
fused_toes,person/body
fusion_suit,clothing/whole
fusion_swords,object/weapon
fusou_(kancolle)_(cosplay),style/medium
futa_on_loli,sex/body
futa_on_male,sex/body
futa_rapist,sex/body
futa_with_female,sex/body
futa_with_futa,sex/body
futa_with_male,sex/body
futa_with_newhalf,sex/body
futa_with_other,sex/body
futa_without_balls,sex/body
futa_without_pussy,sex/body
futaba_anzu_(cosplay),style/medium
futaba_riho_(cosplay),style/medium
futanari,sex/body
futanari_masturbation,sex/act
futanari_pov,camera/angle
futatsuiwa_mamizou_(cosplay),style/medium
future_fish,object/food
future_signature_(idolmaster),style/quality
future_style_(module),style/medium
futuristic_armor,clothing/accessory
futuristic_city,scene/outdoor
futuristic_clothing,clothing/other
futuristic_gun,object/weapon
fuuka_academy_school_uniform,clothing/whole
fuurinkan_high_school_uniform,clothing/whole
fuzzy_balls,object/toy
fuzzy_clothes,clothing/other
fuzzy_handcuffs,sex/gear
fuzzy_hat,clothing/head
g_corp._(identity)_(project_moon),scene/sky
g_suit,clothing/whole
ga_rune_pose,expression/pose
gacha_card,object/tool
gadabout_(dq3)_(cosplay),style/medium
gag_around_neck,person/body
gag_mask,clothing/head
gag_under_mask,clothing/head
gagged_drooling,expression/face
gagged_male,person/count
galaxia_(sword),object/weapon
galaxy,scene/sky
galaxy_background,scene/sky
galaxy_expedition_team_survey_corps_uniform,clothing/whole
galea_helmet,clothing/head
galick_gun,object/weapon
gals_rock_ambivalence_(idolmaster),scene/nature
game_background,scene/background
game_boy_(original),person/count
game_boy_advance_(original),person/count
game_boy_cartridge,person/count
game_boy_color_console,person/count
game_boy_console,person/count
game_console,object/toy
game_controller,object/toy
game_controller_nipples_(meme),object/toy
game_controller_print,object/toy
game_logo,style/quality
game_over_screen,object/tool
game_poster,object/tool
game_screen,object/tool
game_screenshot_background,scene/background
gamecube_controller,object/toy
gamer_girl,person/count
gaming_chair,object/other
gaming_controller,object/toy
gammoth_(armor),clothing/accessory
ganbaru_pose,expression/pose
gang_rape,sex/act
gang_sign,object/tool
gantz_suit,clothing/whole
gantz_sword,object/weapon
ganyu_(genshin_impact)_(cosplay),style/medium
gap_teeth,person/body
gaping,sex/body
gaping_anus,sex/body
gaping_cervix,sex/body
gaping_cloaca,sex/body
gaping_mouth,sex/body
gaping_nipples,sex/body
gaping_pussy,sex/body
gaping_urethra,sex/body
gaping_vagina,sex/body
garage_door,scene/outdoor
garaho_flip_phone,object/tool
garden,scene/outdoor
garden_eel,scene/outdoor
garden_hose,scene/outdoor
garden_of_eden,scene/outdoor
garden_of_the_sun,scene/outdoor
garden_of_thorns_(e.g.o),scene/outdoor
gardenia_(flower),scene/nature
gardening_tool,object/tool
gardening_tools,object/tool
garderobe_swimsuit,clothing/whole
garderobe_uniform,clothing/whole
gardevoir_(cosplay),style/medium
gardevoir_day,scene/sky
garnet_til_alexandros_xvii_(cosplay),style/medium
garreg_mach_monastery_uniform,clothing/whole
garrison_cap,clothing/head
garter,clothing/legwear
garter_belt,clothing/legwear
garter_belt_leggings,clothing/bottom
garter_belt_legwear,clothing/legwear
garter_belt_socks,clothing/legwear
garter_straps,clothing/legwear
gas_can,object/food
gas_lantern,object/tool
gas_mask,clothing/head
gas_mask_canister,clothing/head
gas_station,scene/outdoor
gastropod_penis,sex/body
gat_(hat),clothing/head
gat_(korean_traditional_hat),clothing/head
gate,scene/outdoor
gate_of_babylon_(fate),scene/outdoor
gate_of_infinity_(umamusume),scene/outdoor
gatling_gun,object/weapon
gauged_ear,person/body
gauged_snake_hood,clothing/head
gauntlet,clothing/accessory
gauntlets,clothing/accessory
gauntlets_(weapon),clothing/accessory
gauze_on_arm,person/body
gauze_on_face,person/body
gauze_on_hand,person/body
gauze_on_knee,person/body
gauze_on_leg,person/body
gauze_on_neck,person/body
gauze_on_thigh,person/body
gauze_over_eye,person/eyes
gawr_gura_(cosplay),style/medium
gay_in_front_of_girls,person/count
gay_male_pride_flag,person/count
gaze_on_me!_outfit_(umamusume),clothing/whole
gazelle_ears,person/body
gear_background,scene/background
gear_earrings,clothing/accessory
gear_hair_ornament,clothing/head
gear_hat_ornament,clothing/head
gehenna_academy_logo,style/quality
gekkoukan_high_school_uniform,clothing/whole
gekota_(cosplay),style/medium
gel_banana,object/food
gem_apple,object/food
gem_eyes,person/eyes
gem_hair_ornament,clothing/head
gem_hat_ornament,clothing/head
gem_necklace,clothing/accessory
gem_on_head,person/body
gem_uniform_(houseki_no_kuni),clothing/whole
gender_symbol_penetration,sex/act
gender_symbol_tattoo,person/body
gendou_pose,expression/pose
general_purpose_machine_gun,object/weapon
generic_flower,scene/nature
gengar_(cosplay),style/medium
genital_focus,camera/framing
genital_jewelry,clothing/accessory
genital_leash,sex/gear
genital_rope,object/tool
genital_scar,person/body
genital_shot,camera/shot
genital_slit_balls,object/toy
genital_tattoo,person/body
genitals_through_zipper,clothing/other
genius_invokation_tcg_(style),style/medium
gentiana_(flower),scene/nature
gentle_sex,sex/act
geometric_background,scene/background
geometric_balloon,object/toy
geometric_pattern,scene/background
georgia_max_coffee,object/food
georgie_denbrough_(cosplay),style/medium
german_clothes,clothing/other
german_flag,object/tool
german_flag_bikini,clothing/whole
german_flag_print,object/tool
gerudo_outfit,clothing/whole
gessen_academy_school_uniform,clothing/whole
gessen_academy_uniform,clothing/whole
geta,clothing/footwear
ghana_(chocolate),object/food
ghillie_suit,clothing/whole
ghost_costume,clothing/whole
ghost_earrings,clothing/accessory
ghost_girl,person/count
ghost_hair_ornament,clothing/head
ghost_hand,person/body
ghost_hands,person/body
ghost_mask,clothing/head
ghost_pose,expression/pose
ghost_sex,sex/act
ghostbusters_uniform,clothing/whole
giant_brush,object/tool
giant_food,object/food
giant_fork,object/food
giant_hammer,object/tool
giant_hand,person/body
giant_leaf,scene/nature
giant_male,person/count
giant_tree,scene/nature
gibberish_text,style/quality
gibbous_moon,scene/sky
gibraltar_(apex_legends)_(cosplay),style/medium
gibson_flying_v,expression/action
gift_bag,clothing/accessory
gift_between_breasts,person/body
gift_bow,clothing/head
gift_box,object/tool
gift_card,object/tool
gigantic_ass,person/body
gigantic_breasts,person/body
gigantic_penis,sex/body
gigginox_(armor),clothing/accessory
gilgamesh_(fate)_(cosplay),style/medium
gimp_mask,clothing/head
gimp_suit,clothing/whole
gingerbread_cookie,object/food
gingerbread_man,person/count
gingham_apron,clothing/whole
gingham_background,scene/background
gingham_bikini,clothing/whole
gingham_bow,clothing/head
gingham_bowtie,clothing/accessory
gingham_clothes,clothing/other
gingham_dress,clothing/whole
gingham_legwear,clothing/legwear
gingham_necktie,clothing/accessory
gingham_shirt,clothing/top
gingham_skirt,clothing/bottom
ginkgo_guild_uniform,clothing/whole
ginkgo_leaf,scene/nature
ginkgo_tree,scene/nature
ginyu_force_pose,expression/pose
giorno_giovanna's_pose,expression/pose
giorno_giovanna's_pose_(jojo),expression/pose
giorno_giovanna_(cosplay),style/medium
gir_hoodie,clothing/top
giraffe_costume,clothing/whole
giraffe_ears,person/body
giraffe_girl,person/count
girl+boy_peeing_together,person/count
girl_and_dragon,person/count
girl_on_top,person/count
girl_sandwich,person/count
girl_staring_at_guy's_chest_(meme),person/body
girl_staring_at_guys_chest_(meme),person/body
girls'_power_(idolmaster),person/count
girls_dead_monster,person/count
girly_boy,person/count
girly_running,expression/action
girthy_penis,sex/body
giving_flower,scene/nature
giving_food,object/food
glaceon_(cosplay),style/medium
gladiator_sandals,clothing/footwear
glancing_back,person/body
glans_in_mouth,person/body
glans_orgasm,sex/act
glasgow_smile,expression/face
glass,object/food
glass_bottle,object/food
glass_bowl,object/food
glass_ceiling,object/food
glass_chair,object/food
glass_cockpit,object/food
glass_container,object/food
glass_cup,object/food
glass_door,scene/outdoor
glass_door_refrigerator,scene/outdoor
glass_floor,object/food
glass_footwear,clothing/footwear
glass_furniture,object/food
glass_jar,object/food
glass_of_conchita,object/food
glass_of_milk,object/food
glass_pen,object/food
glass_plate,object/food
glass_shard,object/food
glass_shards,object/food
glass_slipper,object/food
glass_surface,object/food
glass_table,object/food
glass_teacup,object/food
glass_teapot,object/food
glass_wall,scene/outdoor
glass_window,object/food
glass_writing,expression/action
glasses,clothing/accessory
glasses_askew,clothing/accessory
glasses_case,clothing/accessory
glasses_chain,clothing/accessory
glasses_day,clothing/accessory
glasses_off,clothing/accessory
glasses_on_head,clothing/accessory
glasses_only,clothing/accessory
glasses_removed,clothing/accessory
glasses_with_tear,clothing/accessory
glazed_penis,sex/body
glistening_abs,person/body
glistening_anus,sex/body
glistening_areola,sex/body
glistening_armor,clothing/accessory
glistening_armpit,person/body
glistening_arms,person/body
glistening_back,person/body
glistening_balls,object/toy
glistening_belly,person/body
glistening_bikini,clothing/whole
glistening_bodysuit,clothing/whole
glistening_boots,clothing/footwear
glistening_bra,clothing/top
glistening_breasts,person/body
glistening_butt,person/body
glistening_chest,person/body
glistening_clothing,clothing/other
glistening_collar,clothing/accessory
glistening_cum,sex/act
glistening_dildo,sex/gear
glistening_dress,clothing/whole
glistening_ear_ring,clothing/accessory
glistening_ears,person/body
glistening_egg,object/food
glistening_elbow_gloves,clothing/accessory
glistening_eyelids,person/eyes
glistening_eyes,person/eyes
glistening_eyeshadow,person/eyes
glistening_face,person/body
glistening_feet,person/body
glistening_fingers,person/body
glistening_footwear,clothing/footwear
glistening_glasses,clothing/accessory
glistening_gloves,clothing/accessory
glistening_hair,person/hair
glistening_hands,person/body
glistening_hat,clothing/head
glistening_head,person/body
glistening_headwear,clothing/head
glistening_helmet,clothing/head
glistening_high_heels,clothing/footwear
glistening_hip,person/body
glistening_jacket,clothing/top
glistening_jewelry,clothing/accessory
glistening_knees,person/body
glistening_latex,clothing/other
glistening_legs,person/body
glistening_legwear,clothing/legwear
glistening_leotard,clothing/whole
glistening_lips,person/body
glistening_muscles,person/body
glistening_neck,person/body
glistening_necklace,clothing/accessory
glistening_nose,person/body
glistening_pants,clothing/bottom
glistening_penis,sex/body
glistening_precum,sex/body
glistening_pseudo_hair,person/hair
glistening_pussy,sex/body
glistening_pussy_juice,sex/body
glistening_ring,clothing/accessory
glistening_sex_toy,sex/act
glistening_sheath,object/weapon
glistening_shirt,clothing/top
glistening_shoes,clothing/footwear
glistening_shorts,clothing/bottom
glistening_shoulders,person/body
glistening_skin,person/body
glistening_skirt,clothing/bottom
glistening_stockings,clothing/legwear
glistening_sunglasses,clothing/accessory
glistening_sweat,expression/face
glistening_teeth,person/body
glistening_tentacles,sex/gear
glistening_text,style/quality
glistening_thigh_highs,person/body
glistening_thighs,person/body
glistening_toes,person/body
glistening_tongue,person/body
glistening_vulva,sex/body
glistening_water,scene/nature
glistening_weapon,object/weapon
glitter_dress,clothing/whole
glitter_makeup,person/eyes
gloom_(expression),expression/face
gloria_(pokemon)_(cosplay),style/medium
glorious_azure_costume_(umamusume),clothing/whole
glory_balls,object/toy
glory_hole_station,scene/outdoor
glory_wall,scene/outdoor
glorybringer_(granblue_fantasy)_(cosplay),style/medium
glove_bow,clothing/head
glove_in_mouth,person/body
glove_ribbon,clothing/head
gloved_hand,person/body
gloved_handjob,sex/act
gloved_hands,person/body
gloves,clothing/accessory
gloves_(marking),clothing/accessory
gloves_only,clothing/accessory
glow_bracelet,clothing/accessory
glow_ring,clothing/accessory
glowing_anus,sex/body
glowing_areola,sex/body
glowing_arm,person/body
glowing_armor,clothing/accessory
glowing_arms,person/body
glowing_arrow,object/weapon
glowing_background,scene/background
glowing_balls,object/toy
glowing_belly,person/body
glowing_blush,expression/face
glowing_bodysuit,clothing/whole
glowing_bracelet,clothing/accessory
glowing_breasts,person/body
glowing_chest,person/body
glowing_clothes,clothing/other
glowing_clothing,clothing/other
glowing_collar,clothing/accessory
glowing_crown,clothing/head
glowing_cum,sex/act
glowing_dildo,sex/gear
glowing_earrings,clothing/accessory
glowing_ears,person/body
glowing_egg,object/food
glowing_eye,person/eyes
glowing_eyes,person/eyes
glowing_face,person/body
glowing_finger,person/body
glowing_fish,object/food
glowing_flower,scene/nature
glowing_glasses,clothing/accessory
glowing_gun_barrel,object/weapon
glowing_hair,person/hair
glowing_hand,person/body
glowing_hands,person/body
glowing_hat,clothing/head
glowing_head,person/body
glowing_jewelry,clothing/accessory
glowing_knife,object/weapon
glowing_mask,clothing/head
glowing_mouth,person/body
glowing_necklace,clothing/accessory
glowing_nose,person/body
glowing_penis,sex/body
glowing_petals,scene/nature
glowing_plants,scene/nature
glowing_precum,sex/body
glowing_pupils,person/eyes
glowing_pussy,sex/body
glowing_pussy_juice,sex/body
glowing_scar,person/body
glowing_sex_toy,sex/act
glowing_shield,object/weapon
glowing_skin,person/body
glowing_sword,object/weapon
glowing_tattoo,person/body
glowing_tears,expression/face
glowing_teeth,person/body
glowing_tentacles,sex/gear
glowing_text,style/quality
glowing_tongue,person/body
glowing_tree,scene/nature
glowing_vulva,sex/body
glowing_weapon,object/weapon
glowing_womb_tattoo,person/body
glowstick_bracelet,clothing/accessory
glowstick_necklace,clothing/accessory
glue_gun,object/weapon
go_back!,person/body
go_go_boots,clothing/footwear
goat_boy,person/count
goat_costume,clothing/whole
goat_ears,person/body
goat_eyes,person/eyes
goat_girl,person/count
goat_legs,person/body
goblin_male,person/count
goblin_mask,clothing/head
gobul_(armor),clothing/accessory
goddess_bracelet,clothing/accessory
goddess_robe,clothing/whole
godzilla_(cosplay),style/medium
goggles,clothing/accessory
goggles_around_arm,clothing/accessory
goggles_around_breasts,clothing/accessory
goggles_around_neck,clothing/accessory
goggles_on_eyes,clothing/accessory
goggles_on_face,clothing/accessory
goggles_on_head,clothing/accessory
goggles_on_headwear,clothing/head
goggles_only,clothing/accessory
gojo_satoru_(cosplay),style/medium
gojou_satoru_(cosplay),style/medium
gokou_ruri_(cosplay),style/medium
goku_and_vegeta_in_the_rain_(meme),scene/sky
goku_day,scene/sky
gokugetsu_academy_school_uniform,clothing/whole
gokugetsu_academy_uniform,clothing/whole
gold_areola,sex/body
gold_armor,clothing/accessory
gold_bar,scene/indoor
gold_belt,clothing/accessory
gold_bikini,clothing/whole
gold_bikini_bottom,clothing/whole
gold_bikini_top,clothing/whole
gold_boots,clothing/footwear
gold_border,camera/framing
gold_bow,clothing/head
gold_bowtie,clothing/accessory
gold_bra,clothing/top
gold_bracelet,clothing/accessory
gold_cape,clothing/top
gold_chain,object/tool
gold_chastity_belt,clothing/accessory
gold_chastity_cage,object/tool
gold_choker,clothing/accessory
gold_clothing,clothing/other
gold_cock_ring,clothing/accessory
gold_coin,object/tool
gold_crown,clothing/head
gold_crown_academy_school_uniform,clothing/whole
gold_dildo,sex/gear
gold_dress,clothing/whole
gold_ear_piercing,person/body
gold_ear_ring,clothing/accessory
gold_earrings,clothing/accessory
gold_egg_(p&d),object/food
gold_embroidery,style/medium
gold_eyeshadow,person/eyes
gold_flower,scene/nature
gold_gauntlets,clothing/accessory
gold_glasses,clothing/accessory
gold_gloves,clothing/accessory
gold_hair,person/hair
gold_hair_ornament,clothing/head
gold_hair_ring,clothing/accessory
gold_hairband,clothing/head
gold_headband,clothing/head
gold_headwear,clothing/head
gold_heels,clothing/footwear
gold_helmet,clothing/head
gold_horn_ring,clothing/accessory
gold_jacket,clothing/top
gold_jewelry,clothing/accessory
gold_leotard,clothing/whole
gold_lips,person/body
gold_mask,clothing/head
gold_necklace,clothing/accessory
gold_nipple_ring,clothing/accessory
gold_nose,person/body
gold_nose_ring,clothing/accessory
gold_one_piece_swimsuit,clothing/whole
gold_pendant,clothing/accessory
gold_penis,sex/body
gold_pussy,sex/body
gold_ribbon,clothing/head
gold_ring,clothing/accessory
gold_ring_piercing,clothing/accessory
gold_rings,clothing/accessory
gold_sandals,clothing/footwear
gold_ship_(umamusume)_(cosplay),style/medium
gold_shoes,clothing/footwear
gold_skin,person/body
gold_slingshot_swimsuit,clothing/whole
gold_tail_ring,clothing/accessory
gold_tattoo,person/body
gold_teeth,person/body
gold_thighhighs,clothing/legwear
gold_tiara,clothing/head
gold_toe_ring,clothing/accessory
gold_tongue,person/body
gold_trim_bow,clothing/head
gold_watch,object/tool
gold_weapon,object/weapon
gold_wrist_cuffs,person/body
goldeen_(cosplay),style/medium
golden_apple,object/food
golden_armlet,clothing/accessory
golden_arms,person/body
golden_axe_(weapon),object/weapon
golden_bough_(project_moon),scene/sky
golden_collar,clothing/accessory
golden_cross_(elden_ring),clothing/accessory
golden_dawn_(emblem),scene/sky
golden_ear_ring,clothing/accessory
golden_egg,object/food
golden_egg_(splatoon),object/food
golden_gate_bridge,scene/outdoor
golden_gun,object/weapon
golden_high_heels,clothing/footwear
golden_oaks_library,scene/indoor
golden_pussy,sex/body
golden_shrimp_balls_(genshin_impact),object/toy
golden_sword,object/weapon
golden_week_bikini,clothing/whole
goldion_hammer,object/tool
golem_(d.gray_man),person/count
golf_bag,clothing/accessory
golf_ball,object/toy
golshi's_first_place_pose,expression/pose
goo_bondage,sex/gear
goo_connected_lips,person/body
goo_hair,person/hair
goo_in_ass,person/body
goo_in_mouth,person/body
goo_penetration,sex/act
goo_penis,sex/body
goo_suit,clothing/whole
goo_tentacles,sex/gear
good_ass_day,person/body
good_boy,person/count
good_boy_(phrase),person/count
good_breasts_day,person/body
good_clean_married_sex,sex/act
good_girl,person/count
good_girl_(phrase),person/count
good_meat_day,scene/sky
good_thighs_day,person/body
good_twins_day,person/count
goofy_smile,expression/face
googie_aesthetic,style/quality
google_maps,object/tool
google_street_view,scene/outdoor
googly_eyes,person/eyes
gordon_freeman_(cosplay),style/medium
gore_focus,camera/framing
gorilla_boy,person/count
goryoukan_academy_uniform,clothing/whole
goth_boots,clothing/footwear
gothic_plate_armor,clothing/accessory
gotland_(kancolle)_(cosplay),style/medium
gotoh_hitori_(cosplay),style/medium
gotouge_koyoharu_(style),style/medium
gouged_eye,person/eyes
gourd_bottle,object/food
gown,clothing/whole
grabbed_breast_over_shoulder,person/body
grabbed_by_tentacles,sex/gear
grabber_tool,object/tool
grabbing_another's_ankles,person/body
grabbing_another's_arm,person/body
grabbing_another's_ass,person/body
grabbing_another's_belly,person/body
grabbing_another's_breast,person/body
grabbing_another's_chin,person/body
grabbing_another's_dress,clothing/whole
grabbing_another's_ear,person/body
grabbing_another's_face,person/body
grabbing_another's_hair,person/hair
grabbing_another's_hand,person/body
grabbing_another's_head,person/body
grabbing_another's_leg,person/body
grabbing_another's_penis,sex/body
grabbing_another's_shirt,clothing/top
grabbing_another's_shoulder,person/body
grabbing_another's_skirt,clothing/bottom
grabbing_another's_stomach,person/body
grabbing_another's_thigh,person/body
grabbing_another's_thighs,person/body
grabbing_another's_twintails,person/hair
grabbing_arms,person/body
grabbing_belly,person/body
grabbing_both_ankles,person/body
grabbing_both_breasts,person/body
grabbing_both_cheeks,person/body
grabbing_both_ears,person/body
grabbing_both_knees,person/body
grabbing_both_legs,person/body
grabbing_both_thighs,person/body
grabbing_chest,person/body
grabbing_face,person/body
grabbing_from_behind,camera/angle
grabbing_hair,person/hair
grabbing_hand,person/body
grabbing_head,person/body
grabbing_hips,person/body
grabbing_neck,person/body
grabbing_own_ankles,person/body
grabbing_own_arm,person/body
grabbing_own_ass,person/body
grabbing_own_breast,person/body
grabbing_own_butt,person/body
grabbing_own_flat_chest,person/body
grabbing_own_hair,person/hair
grabbing_own_leg,person/body
grabbing_own_penis,sex/body
grabbing_own_stomach,person/body
grabbing_own_thigh,person/body
grabbing_raised_legs,person/body
grabbing_shoulders,person/body
grabbing_tentacle,sex/gear
grabbing_thighs,person/body
grabbing_waist,person/body
grabbing_wrist,person/body
grabbing_wrists,person/body
grabby_hands,person/body
gracidea_flower,scene/nature
graded_belly,person/body
graded_dildo,sex/gear
graded_penis,sex/body
gradient,style/color
gradient_arms,style/color
gradient_ascot,style/color
gradient_background,style/color
gradient_bikini,style/color
gradient_body,style/color
gradient_boots,style/color
gradient_border,style/color
gradient_bow,style/color
gradient_bowtie,style/color
gradient_cape,style/color
gradient_clothes,style/color
gradient_clothing,style/color
gradient_coat,style/color
gradient_dress,style/color
gradient_ears,style/color
gradient_eyes,style/color
gradient_feathers,style/color
gradient_filter,style/color
gradient_flower,style/color
gradient_footwear,style/color
gradient_fur,style/color
gradient_gloves,style/color
gradient_hair,style/color
gradient_halo,style/color
gradient_hat,style/color
gradient_hiphighs,style/color
gradient_hoodie,style/color
gradient_horn,style/color
gradient_horns,style/color
gradient_jacket,style/color
gradient_kimono,style/color
gradient_legs,style/color
gradient_legwear,style/color
gradient_leotard,style/color
gradient_limbs,style/color
gradient_markings,style/color
gradient_nails,style/color
gradient_neck_ribbon,style/color
gradient_neckerchief,style/color
gradient_necktie,style/color
gradient_outline,style/color
gradient_pants,style/color
gradient_pantyhose,style/color
gradient_penis,style/color
gradient_ribbon,style/color
gradient_sarong,style/color
gradient_scales,style/color
gradient_scarf,style/color
gradient_shadow,style/color
gradient_shirt,style/color
gradient_skin,style/color
gradient_skirt,style/color
gradient_sky,style/color
gradient_sleeves,style/color
gradient_sweater,style/color
gradient_swimsuit,style/color
gradient_tail,style/color
gradient_text,style/quality
gradient_thighhighs,style/color
gradient_tinted_eyewear,style/color
gradient_tongue,style/color
gradient_wings,style/color
graduation_cap,clothing/head
graduation_robe,clothing/whole
grady_sisters_(the_shining)_(cosplay),style/medium
graf_zeppelin_(kancolle)_(cosplay),style/medium
graffiti_on_wall,scene/outdoor
granblue_fantasy_(style),style/medium
grand_piano,object/tool
grandfather_clock,object/tool
grape,object/food
grape_hair_ornament,clothing/head
grape_hat_ornament,clothing/head
grape_hyacinth,object/food
grape_juice,object/food
grape_print,object/food
grape_stomping,object/food
grape_vine,object/food
grapes,object/food
graph_paper,object/tool
graphia_academy_school_uniform,clothing/whole
graphics_card,object/tool
grass,scene/nature
grass_block,scene/nature
grass_field,scene/outdoor
grass_hair,person/hair
grass_plain,scene/nature
grass_root_youkai_network,scene/nature
grass_skirt,clothing/bottom
grass_type_theme_(pokemon),scene/nature
graveyard,scene/outdoor
gravity_gun,object/weapon
gravity_suit_(metroid),clothing/whole
gravure_swimsuit_(idolmaster),clothing/whole
great_ball,object/toy
great_lungmen_logo,style/quality
great_rune_(elden_ring),clothing/accessory
great_wall_of_china,scene/outdoor
grecale_(kancolle)_(cosplay),style/medium
greco_roman_clothes,clothing/other
greek_armor,clothing/accessory
greek_clothing,clothing/other
greek_flag,object/tool
greek_helmet,clothing/head
greek_painting_style,style/medium
greek_toe,person/body
green_anus,sex/body
green_apple,object/food
green_apron,clothing/whole
green_areola,sex/body
green_arm,person/body
green_arm_warmers,person/body
green_armor,clothing/accessory
green_arms,person/body
green_back,person/body
green_background,scene/background
green_backpack,clothing/accessory
green_bag,clothing/accessory
green_balls,object/toy
green_baseball_cap,clothing/head
green_belly,person/body
green_belt,clothing/accessory
green_beret,clothing/head
green_bikini,clothing/whole
green_bikini_bottom,clothing/whole
green_bikini_top,clothing/whole
green_blanket,object/other
green_blindfold,clothing/head
green_blush,expression/face
green_bodysuit,clothing/whole
green_book,object/tool
green_boots,clothing/footwear
green_border,camera/framing
green_bow,clothing/head
green_bow_tie,clothing/head
green_bowtie,clothing/accessory
green_bra,clothing/top
green_breasts,person/body
green_bridal_gauntlets,clothing/accessory
green_brooch,clothing/accessory
green_butt,person/body
green_camisole,clothing/top
green_cap,clothing/head
green_cape,clothing/top
green_cardigan,clothing/top
green_chair,object/other
green_chastity_cage,object/tool
green_cheeks,person/body
green_chest,person/body
green_choker,clothing/accessory
green_cloak,clothing/top
green_clothing,clothing/other
green_coat,clothing/top
green_collar,clothing/accessory
green_condom,sex/gear
green_crop_top,clothing/top
green_crown,clothing/head
green_cum,sex/act
green_curtains,object/other
green_dildo,sex/gear
green_dress,clothing/whole
green_dress_shirt,clothing/whole
green_ear_piercing,person/body
green_ear_ring,clothing/accessory
green_ear_tips,person/body
green_earrings,clothing/accessory
green_ears,person/body
green_egg,object/food
green_elbow_gloves,clothing/accessory
green_eyebrows,person/eyes
green_eyelashes,person/eyes
green_eyelids,person/eyes
green_eyes,person/eyes
green_eyeshadow,person/eyes
green_face,person/body
green_facial_hair,person/hair
green_feather_hair,person/hair
green_feet,person/body
green_finger_claws,person/body
green_fingerless_gloves,clothing/accessory
green_fingernails,person/body
green_fingers,person/body
green_flag,object/tool
green_flower,scene/nature
green_freckles,person/body
green_glasses,clothing/accessory
green_gloves,clothing/accessory
green_goggles,clothing/accessory
green_grass,scene/nature
green_hair,person/hair
green_hair_ornament,clothing/head
green_hair_tie,person/hair
green_hairband,clothing/head
green_hands,person/body
green_hanfu,clothing/whole
green_hat,clothing/head
green_head,person/body
green_headband,clothing/head
green_headphones,object/tool
green_helmet,clothing/head
green_high_heels,clothing/footwear
green_hill_zone,scene/nature
green_hood,clothing/head
green_hoodie,clothing/top
green_inner_ear,person/body
green_inner_ear_fluff,person/body
green_inner_pussy,sex/body
green_jacket,clothing/top
green_jewelry,clothing/accessory
green_jumpsuit,clothing/whole
green_kimono,clothing/whole
green_latex,clothing/other
green_leaf,scene/nature
green_leash,sex/gear
green_leaves,scene/nature
green_leg_warmers,person/body
green_leggings,clothing/bottom
green_legs,person/body
green_leotard,clothing/whole
green_lightning,scene/sky
green_lips,person/body
green_makeup,person/eyes
green_male_swimwear,person/count
green_male_underwear,person/count
green_mask,clothing/head
green_moon,scene/sky
green_mouth,person/body
green_neck,person/body
green_neckerchief,clothing/accessory
green_necklace,clothing/accessory
green_necktie,clothing/accessory
green_nightgown,clothing/whole
green_nose,person/body
green_one_piece_swimsuit,clothing/whole
green_outfit,clothing/whole
green_overalls,clothing/whole
green_pajamas,clothing/whole
green_pants,clothing/bottom
green_pantyhose,clothing/legwear
green_penis,sex/body
green_petals,scene/nature
green_pillow,object/other
green_pseudo_hair,person/hair
green_pubic_hair,sex/body
green_pup_mask,clothing/head
green_pupils,person/eyes
green_pussy,sex/body
green_ribbon,clothing/head
green_robe,clothing/whole
green_room,scene/indoor
green_rope,object/tool
green_sailor_collar,clothing/accessory
green_sandals,clothing/footwear
green_santa_costume,clothing/whole
green_sash,clothing/accessory
green_scarf,clothing/accessory
green_sclera,person/eyes
green_screen,object/tool
green_sheath,object/weapon
green_shirt,clothing/top
green_shoes,clothing/footwear
green_shorts,clothing/bottom
green_skin,person/body
green_skirt,clothing/bottom
green_sky,scene/sky
green_slingshot_swimsuit,clothing/whole
green_slippers,clothing/footwear
green_sneakers,clothing/footwear
green_socks,clothing/legwear
green_sofa,object/other
green_speech_bubble,style/quality
green_spines,person/body
green_sports_bra,clothing/top
green_stockings,clothing/legwear
green_suit,clothing/whole
green_sunglasses,clothing/accessory
green_sweater,clothing/top
green_sweater_vest,clothing/top
green_swimming_trunks,expression/action
green_t_shirt,clothing/top
green_tank_top,clothing/top
green_tattoo,person/body
green_tea,object/food
green_teeth,person/body
green_tentacles,sex/gear
green_text,style/quality
green_thigh_highs,person/body
green_thigh_socks,clothing/legwear
green_thighhighs,clothing/legwear
green_tinted_glasses,clothing/accessory
green_toe_claws,person/body
green_toes,person/body
green_tongue,person/body
green_track_suit,clothing/whole
green_tube_top,clothing/top
green_tunic,clothing/top
green_umbrella,object/tool
green_uniform,clothing/whole
green_upper_jaw,person/body
green_veil,clothing/head
green_vest,clothing/top
green_vulva,sex/body
green_wall,scene/outdoor
green_water,scene/nature
green_wrist_cuffs,person/body
green_wristband,clothing/accessory
greenhouse,scene/indoor
greil_(cosplay),style/medium
grenade,object/weapon
grenade_cartridge,object/weapon
grenade_hair_ornament,clothing/head
grenade_launcher,object/weapon
grenade_pin,object/weapon
grenade_pin_in_mouth,person/body
grey_anus,sex/body
grey_apron,clothing/whole
grey_areola,sex/body
grey_arm_warmers,person/body
grey_armor,clothing/accessory
grey_arms,person/body
grey_back,person/body
grey_background,scene/background
grey_bag,clothing/accessory
grey_balls,object/toy
grey_belly,person/body
grey_belt,clothing/accessory
grey_bikini,clothing/whole
grey_blush,expression/face
grey_bodysuit,clothing/whole
grey_boots,clothing/footwear
grey_border,camera/framing
grey_bow,clothing/head
grey_bowtie,clothing/accessory
grey_bra,clothing/top
grey_bracelet,clothing/accessory
grey_breasts,person/body
grey_bridal_gauntlets,clothing/accessory
grey_butt,person/body
grey_camisole,clothing/top
grey_cape,clothing/top
grey_cardigan,clothing/top
grey_chest,person/body
grey_choker,clothing/accessory
grey_cloak,clothing/top
grey_clothing,clothing/other
grey_coat,clothing/top
grey_collar,clothing/accessory
grey_crop_top,clothing/top
grey_crown,clothing/head
grey_dildo,sex/gear
grey_dress,clothing/whole
grey_dress_shirt,clothing/whole
grey_ear_piercing,person/body
grey_ear_ring,clothing/accessory
grey_ear_tips,person/body
grey_ears,person/body
grey_eyebrows,person/eyes
grey_eyelids,person/eyes
grey_eyes,person/eyes
grey_eyeshadow,person/eyes
grey_face,person/body
grey_facial_hair,person/hair
grey_feather_hair,person/hair
grey_feet,person/body
grey_finger_claws,person/body
grey_fingerless_gloves,clothing/accessory
grey_fingernails,person/body
grey_fingers,person/body
grey_flower,scene/nature
grey_garter_straps,clothing/legwear
grey_glasses,clothing/accessory
grey_gloves,clothing/accessory
grey_goggles,clothing/accessory
grey_hair,person/hair
grey_hairband,clothing/head
grey_hands,person/body
grey_hanfu,clothing/whole
grey_hat,clothing/head
grey_head,person/body
grey_headband,clothing/head
grey_headphones,object/tool
grey_helmet,clothing/head
grey_high_heels,clothing/footwear
grey_hood,clothing/head
grey_hoodie,clothing/top
grey_inner_ear,person/body
grey_inner_ear_fluff,person/body
grey_inner_pussy,sex/body
grey_jacket,clothing/top
grey_jeans,clothing/bottom
grey_jewelry,clothing/accessory
grey_jumpsuit,clothing/whole
grey_kimono,clothing/whole
grey_latex,clothing/other
grey_leg_warmers,person/body
grey_leggings,clothing/bottom
grey_legs,person/body
grey_leotard,clothing/whole
grey_lips,person/body
grey_male_swimwear,person/count
grey_male_underwear,person/count
grey_mask,clothing/head
grey_mouth,person/body
grey_neck,person/body
grey_neckerchief,clothing/accessory
grey_necklace,clothing/accessory
grey_necktie,clothing/accessory
grey_nose,person/body
grey_one_piece_swimsuit,clothing/whole
grey_overalls,clothing/whole
grey_pajamas,clothing/whole
grey_pants,clothing/bottom
grey_pantyhose,clothing/legwear
grey_penis,sex/body
grey_pillow,object/other
grey_pseudo_hair,person/hair
grey_pubic_hair,sex/body
grey_pupils,person/eyes
grey_pussy,sex/body
grey_ribbon,clothing/head
grey_robe,clothing/whole
grey_sailor_collar,clothing/accessory
grey_sandals,clothing/footwear
grey_sash,clothing/accessory
grey_scarf,clothing/accessory
grey_sclera,person/eyes
grey_sheath,object/weapon
grey_shirt,clothing/top
grey_shoes,clothing/footwear
grey_shorts,clothing/bottom
grey_skin,person/body
grey_skirt,clothing/bottom
grey_sky,scene/sky
grey_slippers,clothing/footwear
grey_socks,clothing/legwear
grey_sofa,object/other
grey_speech_bubble,style/quality
grey_sports_bra,clothing/top
grey_stockings,clothing/legwear
grey_suit,clothing/whole
grey_sweater,clothing/top
grey_sweater_vest,clothing/top
grey_t_shirt,clothing/top
grey_tank_top,clothing/top
grey_teeth,person/body
grey_tentacles,sex/gear
grey_text,style/quality
grey_thigh_highs,person/body
grey_thigh_socks,clothing/legwear
grey_thighhighs,clothing/legwear
grey_toe_claws,person/body
grey_toes,person/body
grey_tongue,person/body
grey_tube_top,clothing/top
grey_tunic,clothing/top
grey_umbrella,object/tool
grey_veil,clothing/head
grey_vest,clothing/top
grey_vulva,sex/body
grey_wall,scene/outdoor
grey_wrist_cuffs,person/body
greying_hair,person/hair
greyscale_background,style/color
greyscale_with_colored_background,style/color
greyscale_with_colored_eyes,style/color
grid_background,scene/background
grid_border,camera/framing
grid_teeth,person/body
gridiron_ball,object/toy
gridman_(ssss)_(cosplay),style/medium
griffin_&_kryuger_logo,style/quality
griffin_&_kryuger_military_uniform,clothing/whole
grilled_fish,object/food
grilled_tiger_fish_(genshin_impact),object/food
grim_reaper_(cosplay),style/medium
grim_reaper_(weapon)_(fate),object/weapon
grin,expression/face
grinding_on_face,person/body
grinding_on_leg,person/body
grinding_on_penis,sex/body
grinding_on_tongue,person/body
grinding_over_clothes,clothing/other
grinding_teeth,person/body
gripping_clothes,clothing/other
gripping_penis,sex/body
groaning_balls,object/toy
groaning_belly,person/body
grocery_bag,clothing/accessory
grocery_store,scene/indoor
groin,sex/body
groin_attack,sex/body
groin_dips,sex/body
groin_outline,sex/body
groin_punch,sex/body
groin_tendon,sex/body
grope_from_behind,camera/angle
groping_belly,person/body
groping_breast,person/body
groping_chest,person/body
groping_crotch,sex/body
groping_from_behind,camera/angle
groucho_glasses,clothing/accessory
group,person/count
group_(toaru),person/count
group_battle,person/count
group_birth,person/count
group_bondage,sex/gear
group_costume_switch,clothing/whole
group_hug,expression/action
group_in_panel,person/count
group_incest,sex/act
group_kiss,person/count
group_kissing,expression/action
group_masturbation,sex/act
group_name,person/count
group_nudity,sex/act
group_oviposition,person/count
group_photo,style/medium
group_picture,person/count
group_portrait,camera/shot
group_pose,expression/pose
group_pregnancy,person/count
group_profile,person/count
group_sex,sex/act
group_transformation,person/count
growth_pills,object/tool
growth_wand_vibrator,sex/gear
guan_hat,clothing/head
guest_character,person/count
guiche_ladder,scene/outdoor
guided_breast_grab,person/body
guided_crotch_grab,sex/body
guided_hand_on_cheek,person/body
guided_handjob,sex/act
guided_penetration,sex/act
guiding_hand,person/body
guiding_penis,sex/body
guinness_(beer),object/food
guitar,expression/action
guitar_case,expression/action
guitar_little_sister_(hitomi_o)_(cosplay),style/medium
guitar_pick,expression/action
guitar_stand,expression/action
guitar_strap,expression/action
gull_wing_doors,scene/outdoor
gullwing_doors,scene/outdoor
gumball_(candy),object/food
gumi_(cosplay),style/medium
gummy_(food),object/food
gummy_bear_(food),object/food
gumroad_logo,style/quality
gums_(mouth),person/body
gun,object/weapon
gun_arm,person/body
gun_belt,clothing/accessory
gun_between_breasts,person/body
gun_between_thighs,person/body
gun_decal,object/weapon
gun_gun_cut,object/weapon
gun_holster,object/weapon
gun_in_mouth,person/body
gun_on_back,person/body
gun_play,object/weapon
gun_sling,object/weapon
gun_smoke,object/weapon
gun_to_head,person/body
gunbuster_pose,expression/pose
gundam_age_1_titus_(cosplay),style/medium
gunjou_gakuen_school_uniform,clothing/whole
guppy_(fish),object/food
gurgling_balls,object/toy
gustav_klimt_(style),style/medium
guts_(berserk)_(cosplay),style/medium
guy_fawkes_mask,clothing/head
guy_tired_after_sex_(meme),sex/act
guzma_(pokemon)_(cosplay),style/medium
gyari_(imagesdawn)_(style),style/medium
gyaru_makeup,person/eyes
gym,scene/indoor
gym_bag,clothing/accessory
gym_bottomwear,scene/indoor
gym_challenge_uniform,clothing/whole
gym_clothes,clothing/other
gym_equipment,scene/indoor
gym_leader,scene/indoor
gym_leader_badge,scene/indoor
gym_mat,scene/indoor
gym_pants,clothing/bottom
gym_shirt,clothing/top
gym_shorts,clothing/bottom
gym_storeroom,scene/indoor
gym_teacher,scene/indoor
gym_topwear,scene/indoor
gym_uniform,clothing/whole
gymnast_leotard,clothing/whole
gymnastics_ribbon,clothing/head
gyn_chair,object/other
gynecological_chair,object/other
gynecology_chair,object/other
gynomorph/female,person/count
gynomorph/male,person/count
gynomorph_dominating_female,person/count
gynomorph_dominating_male,person/count
gynomorph_focus,camera/framing
gynomorph_human,person/count
gynomorph_humanoid,person/count
gynomorph_on_human,person/count
gynomorph_on_humanoid,person/count
gynomorph_penetrating_female,person/count
gynomorph_penetrating_human,person/count
gynomorph_penetrating_humanoid,person/count
gynomorph_penetrating_male,person/count
gynomorph_pov,camera/angle
gynomorph_rape,sex/act
gynomorph_raping_female,person/count
gynomorph_raping_male,person/count
gynomorph_rimming_male,person/count
gyokuto_high_school_uniform,clothing/whole
gypceros_(armor),clothing/accessory
gyrating_hips,person/body
h_(letter),object/tool
habataki_academy_school_uniform,clothing/whole
hachikuji_mayoi_(cosplay),style/medium
hagun_academy_school_uniform,clothing/whole
haigure_pose,expression/pose
hair,person/hair
hair_accessory,person/hair
hair_antennae,person/hair
hair_around_ear,person/hair
hair_around_horn,person/hair
hair_as_food,person/hair
hair_beads,person/hair
hair_behind_ear,person/hair
hair_behind_eyewear,person/hair
hair_bell,person/hair
hair_belt,clothing/accessory
hair_between_ass,person/hair
hair_between_breasts,person/hair
hair_between_eyes,person/hair
hair_between_horns,person/hair
hair_blowing,person/hair
hair_blush,expression/face
hair_bobbles,person/hair
hair_bondage,sex/gear
hair_bow,clothing/head
hair_bow_(anatomy),clothing/head
hair_branch,person/hair
hair_brush,person/hair
hair_bun,person/hair
hair_bun_ears,person/hair
hair_buns,person/hair
hair_censor,person/hair
hair_chair,person/hair
hair_chart,person/hair
hair_clipper,person/hair
hair_color_change,person/hair
hair_color_connection,person/hair
hair_color_switch,person/hair
hair_covering_breasts,person/hair
hair_covering_nipples,person/hair
hair_curlers,person/hair
hair_down,person/hair
hair_dryer,person/hair
hair_dye,person/hair
hair_ears,person/hair
hair_edges,person/hair
hair_elastic,person/hair
hair_expansion,person/hair
hair_extensions,person/hair
hair_fan,person/hair
hair_flaps,person/hair
hair_flip,person/hair
hair_floating_upwards,person/hair
hair_flower,clothing/head
hair_flowing_over,person/hair
hair_focus,camera/framing
hair_fruit,person/hair
hair_growth,person/hair
hair_half_over_shoulder,person/hair
hair_half_undone,person/hair
hair_hand,person/hair
hair_heart,person/hair
hair_held_back,person/hair
hair_horns,person/hair
hair_in_another's_mouth,person/hair
hair_in_eyes,person/hair
hair_in_face,person/hair
hair_in_mouth,person/hair
hair_in_own_mouth,person/hair
hair_intakes,person/hair
hair_iron,person/hair
hair_jewelry,clothing/accessory
hair_knot,person/hair
hair_length_switch,person/hair
hair_lift,person/hair
hair_loss,person/hair
hair_mane,person/hair
hair_masturbation,sex/act
hair_mouth,person/hair
hair_move,person/hair
hair_mustache,person/hair
hair_net,person/hair
hair_on_breasts,person/hair
hair_on_floor,person/hair
hair_on_horn,person/hair
hair_on_penis,sex/body
hair_on_shoulder,person/hair
hair_on_shoulders,person/hair
hair_ornament,clothing/head
hair_over_ass,person/hair
hair_over_breasts,person/hair
hair_over_crotch,sex/body
hair_over_eye,person/hair
hair_over_eyes,person/hair
hair_over_face,person/hair
hair_over_mouth,person/hair
hair_over_one_breast,person/hair
hair_over_one_eye,person/hair
hair_over_shoulder,person/hair
hair_petal,person/hair
hair_pulled,person/hair
hair_pulled_back,person/hair
hair_raising,person/hair
hair_ribbon,clothing/head
hair_ribbons,clothing/head
hair_ring,clothing/accessory
hair_rings,clothing/accessory
hair_rollers,person/hair
hair_salon,person/hair
hair_scarf,clothing/accessory
hair_scrunchie,person/hair
hair_sex,sex/act
hair_shrinking,person/hair
hair_size_difference,person/hair
hair_slicked_back,person/hair
hair_spread_out,person/hair
hair_sprinkles,person/hair
hair_stick,person/hair
hair_sticks,person/hair
hair_straightener,person/hair
hair_strands,person/hair
hair_tassel,person/hair
hair_tassels,person/hair
hair_tattoo,person/hair
hair_through_hat,clothing/head
hair_through_headwear,clothing/head
hair_through_hood,clothing/head
hair_tie,person/hair
hair_tie_in_mouth,person/hair
hair_tie_on_wrist,person/hair
hair_tied,person/hair
hair_tied_back,person/hair
hair_tied_up,person/hair
hair_to_fur,person/hair
hair_to_side,person/hair
hair_trimming,person/hair
hair_tubes,person/hair
hair_tubes_removed,person/hair
hair_tucking,person/hair
hair_tuft,person/hair
hair_twirling,person/hair
hair_undone,person/hair
hair_up,person/hair
hair_vines,person/hair
hair_visible_through_wig,person/hair
hair_wagging,person/hair
hair_weapon,person/hair
hair_wings,person/hair
hairband,clothing/head
hairband_only,clothing/head
hairless_balls,object/toy
hairless_butt,person/body
hairless_feet,person/body
hairless_hands,person/body
hairpin,clothing/head
hairpins,clothing/head
hairy_anus,sex/body
hairy_armpits,person/body
hairy_back,person/body
hairy_balls,object/toy
hairy_breasts,person/body
hairy_feet,person/body
hairy_hands,person/body
hairy_legs,person/body
hairy_male,person/count
hairy_man,person/count
hairy_penis,sex/body
hairy_pussy,sex/body
hairy_stomach,person/body
hairy_vulva,sex/body
hakama_pants,clothing/bottom
hakama_short_skirt,clothing/bottom
hakama_shorts,clothing/bottom
hakama_skirt,clothing/bottom
hakos_baelz_(cosplay),style/medium
hakuho_high_school_uniform,clothing/whole
hakujou_academy_school_uniform,clothing/whole
hakuo_school_uniform,clothing/whole
hakurei_reimu_(cosplay),style/medium
hakurei_shrine,scene/indoor
hakuryou_high_school_uniform,clothing/whole
hakusen_academy_school_uniform,clothing/whole
halberd,object/weapon
half_ass,person/body
half_chest_guard,person/body
half_closed_eye,person/eyes
half_closed_eyes,expression/face
half_coat,clothing/top
half_crown_braid,clothing/head
half_dress,clothing/whole
half_eye_mask,clothing/head
half_gloves,clothing/accessory
half_heart_hands,expression/action
half_human,person/count
half_identical_twins,person/count
half_jacket,clothing/top
half_mask,clothing/head
half_moon,scene/sky
half_moon_glasses,clothing/accessory
half_naked,sex/act
half_shaved_head,person/body
half_shirt,clothing/top
half_siblings,person/count
half_skirt,clothing/bottom
half_split_chopsticks,object/food
half_spread_pussy,sex/body
half_spread_vulva,sex/body
half_up_braid,person/hair
half_up_bun,person/hair
half_up_half_down_braid,person/hair
half_updo,person/hair
halftone_background,scene/background
halftone_shading,style/color
halloween_bucket,object/tool
halloween_costume,clothing/whole
hallway,scene/indoor
halo_behind_head,person/body
halter_bikini,clothing/whole
halter_dress,clothing/whole
halter_leotard,clothing/whole
halter_shirt,clothing/top
halter_top_bikini,clothing/whole
hamakaze_(kancolle)_(cosplay),style/medium
hamburger_hat,clothing/head
hammer,object/tool
hammer_and_sickle,object/tool
hammer_and_sickle_bikini,clothing/whole
hamster_boy,person/count
hamster_costume,clothing/whole
hamster_ears,person/body
hamster_girl,person/count
hamster_hood,clothing/head
hamster_on_head,person/body
hamster_on_shoulder,person/body
han'ei_no_chocolate_gardens_of_valentine,scene/outdoor
han_juri_(cosplay),style/medium
han_solo_(cosplay),style/medium
hanafuda_earrings,clothing/accessory
hanako_(blue_archive)_(cosplay),style/medium
hanamiya_nina_(style),style/medium
hanasakigawa_school_uniform,clothing/whole
hanbok,clothing/whole
hand_above_breast,person/body
hand_above_head,person/body
hand_against_wall,person/body
hand_around_neck,person/body
hand_around_waist,person/body
hand_around_wrist,person/body
hand_behind_back,person/body
hand_behind_head,person/body
hand_behind_neck,person/body
hand_behind_own_head,person/body
hand_between_breasts,person/body
hand_between_legs,person/body
hand_between_thighs,person/body
hand_bikini,clothing/whole
hand_blush,expression/face
hand_bra,clothing/top
hand_chains,person/body
hand_covering_face,person/body
hand_cursor,person/body
hand_drawn,person/body
hand_drill,person/body
hand_expansion,person/body
hand_eye,person/eyes
hand_fan,person/body
hand_fan_writing,expression/action
hand_feet,person/body
hand_fetish,person/body
hand_focus,camera/framing
hand_gag,person/body
hand_gagged,person/body
hand_glasses,clothing/accessory
hand_grab,person/body
hand_grabbing_both_breasts,person/body
hand_grater,person/body
hand_grenade,person/body
hand_grip,person/body
hand_guard,person/body
hand_hair,person/hair
hand_held,person/body
hand_hold,person/body
hand_holding,expression/action
hand_holding_object,expression/action
hand_imprint,person/body
hand_in_another's_clothes,clothing/other
hand_in_another's_hair,person/hair
hand_in_another's_mouth,person/body
hand_in_another's_panties,person/body
hand_in_another's_pants,clothing/bottom
hand_in_another's_pantyhose,clothing/legwear
hand_in_another's_pocket,person/body
hand_in_another's_shirt,clothing/top
hand_in_ass,person/body
hand_in_bikini,clothing/whole
hand_in_bra,clothing/top
hand_in_buruma,person/body
hand_in_clothes,clothing/other
hand_in_diaper,person/body
hand_in_hair,person/hair
hand_in_jacket,clothing/top
hand_in_mouth,person/body
hand_in_own_bra,clothing/top
hand_in_own_hair,person/hair
hand_in_own_panties,person/body
hand_in_own_pantyhose,clothing/legwear
hand_in_panties,person/body
hand_in_pants,clothing/bottom
hand_in_pantyhose,clothing/legwear
hand_in_pocket,person/body
hand_in_pouch,clothing/accessory
hand_in_skirt,clothing/bottom
hand_in_thighhighs,clothing/legwear
hand_in_underwear,person/body
hand_in_water,person/body
hand_jewel,person/body
hand_lick,person/body
hand_mark,person/body
hand_markings,person/body
hand_milking,sex/act
hand_mirror,person/body
hand_mouth,person/body
hand_net,person/body
hand_on,person/body
hand_on_abs,person/body
hand_on_animal,person/body
hand_on_ankle,person/body
hand_on_another,person/body
hand_on_another's_arm,person/body
hand_on_another's_ass,person/body
hand_on_another's_back,person/body
hand_on_another's_balls,person/body
hand_on_another's_belly,person/body
hand_on_another's_breast,person/body
hand_on_another's_butt,person/body
hand_on_another's_cheek,person/body
hand_on_another's_chest,person/body
hand_on_another's_chin,person/body
hand_on_another's_crotch,sex/body
hand_on_another's_ear,person/body
hand_on_another's_face,person/body
hand_on_another's_foot,person/body
hand_on_another's_forehead,person/body
hand_on_another's_genitalia,person/body
hand_on_another's_hand,person/body
hand_on_another's_hat,clothing/head
hand_on_another's_head,person/body
hand_on_another's_headwear,clothing/head
hand_on_another's_hip,person/body
hand_on_another's_knee,person/body
hand_on_another's_leg,person/body
hand_on_another's_mouth,person/body
hand_on_another's_nape,person/body
hand_on_another's_neck,person/body
hand_on_another's_shoulder,person/body
hand_on_another's_stomach,person/body
hand_on_another's_tail,person/body
hand_on_another's_thigh,person/body
hand_on_another's_waist,person/body
hand_on_another's_wrist,person/body
hand_on_anus,sex/body
hand_on_balls,person/body
hand_on_bed,person/body
hand_on_belly,person/body
hand_on_belt,clothing/accessory
hand_on_bench,person/body
hand_on_bicep,person/body
hand_on_blade,person/body
hand_on_body,person/body
hand_on_book,person/body
hand_on_breast,person/body
hand_on_bulge,person/body
hand_on_butt,person/body
hand_on_calf,person/body
hand_on_cane,person/body
hand_on_chair,person/body
hand_on_cheek,person/body
hand_on_chin,person/body
hand_on_clothing,clothing/other
hand_on_counter,person/body
hand_on_crotch,sex/body
hand_on_desk,person/body
hand_on_diaper,person/body
hand_on_dildo,sex/gear
hand_on_door,person/body
hand_on_ear,person/body
hand_on_ears,person/body
hand_on_elbow,person/body
hand_on_eyewear,person/body
hand_on_floor,person/body
hand_on_foot,person/body
hand_on_forearm,person/body
hand_on_forehead,person/body
hand_on_furniture,person/body
hand_on_genitalia,person/body
hand_on_glans,person/body
hand_on_glass,person/body
hand_on_glasses,clothing/accessory
hand_on_goggles,clothing/accessory
hand_on_ground,person/body
hand_on_hair,person/hair
hand_on_hand,person/body
hand_on_handle,person/body
hand_on_hat,clothing/head
hand_on_headphones,person/body
hand_on_headset,person/body
hand_on_headwear,clothing/head
hand_on_hilt,person/body
hand_on_hip,expression/pose
hand_on_horn,person/body
hand_on_jaw,person/body
hand_on_knee,person/body
hand_on_knees,person/body
hand_on_knot,person/body
hand_on_lap,person/body
hand_on_leash,sex/gear
hand_on_legs,person/body
hand_on_mask,clothing/head
hand_on_mirror,person/body
hand_on_moob,person/body
hand_on_mouth,person/body
hand_on_muzzle,person/body
hand_on_nipple,person/body
hand_on_nose,person/body
hand_on_object,person/body
hand_on_own_ankle,person/body
hand_on_own_arm,person/body
hand_on_own_ass,person/body
hand_on_own_back,person/body
hand_on_own_balls,person/body
hand_on_own_belly,person/body
hand_on_own_breast,person/body
hand_on_own_butt,person/body
hand_on_own_calf,person/body
hand_on_own_cheek,person/body
hand_on_own_chest,person/body
hand_on_own_chin,person/body
hand_on_own_crotch,sex/body
hand_on_own_ear,person/body
hand_on_own_elbow,person/body
hand_on_own_face,person/body
hand_on_own_foot,person/body
hand_on_own_forearm,person/body
hand_on_own_forehead,person/body
hand_on_own_hat,clothing/head
hand_on_own_head,person/body
hand_on_own_hip,person/body
hand_on_own_knee,person/body
hand_on_own_leg,person/body
hand_on_own_mouth,person/body
hand_on_own_neck,person/body
hand_on_own_opposite_hip,person/body
hand_on_own_penis,sex/body
hand_on_own_pussy,sex/body
hand_on_own_shin,person/body
hand_on_own_shoulder,person/body
hand_on_own_stomach,person/body
hand_on_own_tail,person/body
hand_on_own_thigh,person/body
hand_on_own_throat,person/body
hand_on_own_wrist,person/body
hand_on_pants,clothing/bottom
hand_on_partner,person/body
hand_on_partner's_arm,person/body
hand_on_partner's_back,person/body
hand_on_partner's_belly,person/body
hand_on_partner's_butt,person/body
hand_on_partner's_chest,person/body
hand_on_partner's_head,person/body
hand_on_partner's_hip,person/body
hand_on_partner's_leg,person/body
hand_on_partner's_penis,sex/body
hand_on_partner's_shoulder,person/body
hand_on_partner's_thigh,person/body
hand_on_paw,person/body
hand_on_pec,person/body
hand_on_pecs,person/body
hand_on_pillow,person/body
hand_on_planet,person/body
hand_on_pole,person/body
hand_on_pussy,sex/body
hand_on_railing,person/body
hand_on_self,person/body
hand_on_sheath,person/body
hand_on_shield,person/body
hand_on_shin,person/body
hand_on_shoulders,person/body
hand_on_side,person/body
hand_on_snout,person/body
hand_on_surface,person/body
hand_on_sword,person/body
hand_on_table,person/body
hand_on_tail,person/body
hand_on_tentacle,sex/gear
hand_on_thighs,person/body
hand_on_throat,person/body
hand_on_tongue,person/body
hand_on_torso,person/body
hand_on_underwear,person/body
hand_on_vulva,sex/body
hand_on_wall,person/body
hand_on_weapon,person/body
hand_on_window,person/body
hand_on_wrist,person/body
hand_out,person/body
hand_out_of_frame,person/body
hand_outstretched,person/body
hand_over_another's_eye,person/eyes
hand_over_another's_eyes,person/eyes
hand_over_another's_mouth,person/body
hand_over_breast,person/body
hand_over_crotch,sex/body
hand_over_eye,person/eyes
hand_over_face,person/body
hand_over_head,person/body
hand_over_heart,person/body
hand_over_mouth,person/body
hand_over_own_mouth,person/body
hand_over_shoulder,person/body
hand_pawpads,person/body
hand_print,person/body
hand_print_on_butt,person/body
hand_pump,person/body
hand_puppet,person/body
hand_rest,person/body
hand_saw,person/body
hand_scar,person/body
hand_shot,camera/shot
hand_sign,person/body
hand_signs,person/body
hand_size_difference,person/body
hand_sonic,person/body
hand_spanking,person/body
hand_spike,person/body
hand_tail,person/body
hand_tattoo,person/body
hand_tied,person/body
hand_to_blade,person/body
hand_to_face,person/body
hand_to_forehead,person/body
hand_to_hand,person/body
hand_to_hat,clothing/head
hand_to_head,person/body
hand_to_mouth,person/body
hand_to_own_mouth,person/body
hand_to_weapon,person/body
hand_towel,person/body
hand_truck,person/body
hand_tuft,person/body
hand_under_breast,person/body
hand_under_chin,person/body
hand_under_clothes,clothing/other
hand_under_clothing,clothing/other
hand_under_dress,clothing/whole
hand_under_head,person/body
hand_under_leg,person/body
hand_under_shirt,clothing/top
hand_under_shorts,clothing/bottom
hand_under_skirt,clothing/bottom
hand_under_swimsuit,clothing/whole
hand_up,person/body
hand_warmer,person/body
hand_wave,expression/action
hand_wings,person/body
hand_wound,person/body
hand_wraps,person/body
handbag,clothing/accessory
handcuffed,sex/gear
handcuffed_to_bed,sex/gear
handcuffed_to_pole,sex/gear
handcuffed_together,sex/gear
handcuffs,sex/gear
handheld_electric_fan,object/tool
handheld_fan,object/tool
handheld_game_console,object/toy
handjob,sex/act
handjob_from_behind,camera/angle
handjob_frottage,sex/act
handjob_gesture,sex/act
handjob_gesture_(not_ok),sex/act
handjob_over_clothes,clothing/other
handjob_through_clothing,clothing/other
handjob_under_clothes,clothing/other
handjob_while_facesitting,sex/act
handjob_while_masturbating,sex/act
handjob_while_penetrated,sex/act
handjob_while_penetrating,sex/act
handjob_while_rimming,sex/act
handjob_while_sucking,sex/act
handjob_with_panties,sex/act
handle_bar,scene/indoor
handled_buttplug,sex/gear
handles_on_back,person/body
handles_on_hips,person/body
handles_on_shoulders,person/body
handles_on_thighs,person/body
hands_above_breasts,person/body
hands_above_head,person/body
hands_against_glass,person/body
hands_around_neck,person/body
hands_around_waist,person/body
hands_behind,person/body
hands_behind_back,person/body
hands_behind_head,person/body
hands_behind_neck,person/body
hands_behind_own_head,person/body
hands_between_legs,person/body
hands_clasped,person/body
hands_clasped_in_delight,person/body
hands_crossed,person/body
hands_everywhere,person/body
hands_free,person/body
hands_free_penetrating_(penile),person/body
hands_in_air,person/body
hands_in_another's_hair,person/hair
hands_in_another's_pockets,person/body
hands_in_both_pockets,person/body
hands_in_front,person/body
hands_in_hair,person/hair
hands_in_lap,person/body
hands_in_mouth,person/body
hands_in_opposite_sleeves,person/body
hands_in_own_hair,person/hair
hands_in_pants,clothing/bottom
hands_in_pocket,person/body
hands_in_pockets,person/body
hands_on_ankles,person/body
hands_on_another's_arm,person/body
hands_on_another's_arms,person/body
hands_on_another's_ass,person/body
hands_on_another's_back,person/body
hands_on_another's_cheeks,person/body
hands_on_another's_chest,person/body
hands_on_another's_crotch,sex/body
hands_on_another's_ears,person/body
hands_on_another's_face,person/body
hands_on_another's_hands,person/body
hands_on_another's_head,person/body
hands_on_another's_hip,person/body
hands_on_another's_hips,person/body
hands_on_another's_knees,person/body
hands_on_another's_leg,person/body
hands_on_another's_legs,person/body
hands_on_another's_neck,person/body
hands_on_another's_shoulder,person/body
hands_on_another's_shoulders,person/body
hands_on_another's_stomach,person/body
hands_on_another's_thigh,person/body
hands_on_another's_thighs,person/body
hands_on_another's_waist,person/body
hands_on_another's_wrists,person/body
hands_on_arms,person/body
hands_on_back,person/body
hands_on_bed,person/body
hands_on_breasts,person/body
hands_on_calves,person/body
hands_on_chin,person/body
hands_on_crotch,sex/body
hands_on_ears,person/body
hands_on_eyewear,person/body
hands_on_feet,person/body
hands_on_floor,person/body
hands_on_glass,person/body
hands_on_ground,person/body
hands_on_headphones,person/body
hands_on_headwear,clothing/head
hands_on_hilt,person/body
hands_on_hips,expression/pose
hands_on_knee,person/body
hands_on_knees,person/body
hands_on_lap,person/body
hands_on_leg,person/body
hands_on_mouth,person/body
hands_on_neck,person/body
hands_on_own_ankles,person/body
hands_on_own_arms,person/body
hands_on_own_ass,person/body
hands_on_own_back,person/body
hands_on_own_belly,person/body
hands_on_own_cheeks,person/body
hands_on_own_chest,person/body
hands_on_own_chin,person/body
hands_on_own_face,person/body
hands_on_own_feet,person/body
hands_on_own_head,person/body
hands_on_own_hips,person/body
hands_on_own_knee,person/body
hands_on_own_knees,person/body
hands_on_own_leg,person/body
hands_on_own_legs,person/body
hands_on_own_neck,person/body
hands_on_own_shoulders,person/body
hands_on_own_stomach,person/body
hands_on_own_thighs,person/body
hands_on_shins,person/body
hands_on_shoulder,person/body
hands_on_shoulders,person/body
hands_on_sides,person/body
hands_on_stomach,person/body
hands_on_table,person/body
hands_on_tail,person/body
hands_on_thigh,person/body
hands_on_waist,person/body
hands_on_wall,person/body
hands_on_wrists,person/body
hands_out_of_frame,person/body
hands_over_breasts,person/body
hands_over_eyes,person/eyes
hands_over_head,person/body
hands_over_mouth,person/body
hands_over_own_mouth,person/body
hands_reach_floor,person/body
hands_restrained,sex/gear
hands_tied,person/body
hands_tied_behind_back,person/body
hands_to_paws,person/body
hands_together_elbows_apart,person/body
hands_under_breasts,person/body
hands_under_legs,person/body
hands_up,expression/pose
handsfree_ejaculation,sex/act
hanegasaki_academy_school_uniform,clothing/whole
hanekawa_tsubasa_(cosplay),style/medium
haneoka_school_uniform,clothing/whole
hanfu,clothing/whole
hanging_belly,person/body
hanging_breasts,person/body
hanging_bridge,scene/outdoor
hanging_by_arms,person/body
hanging_by_feet,person/body
hanging_by_legs,person/body
hanging_by_wrists,person/body
hanging_chair,object/other
hanging_clothing,clothing/other
hanging_flower,scene/nature
hanging_food,object/food
hanging_from_balloon,object/toy
hanging_from_branch,scene/nature
hanging_from_rope,object/tool
hanging_from_tree,scene/nature
hanging_lantern,object/tool
hanging_legs,person/body
hanging_on_arm,person/body
hanging_penis,sex/body
hanging_plant,scene/nature
hanging_scroll,object/tool
hanging_sign,object/tool
hanging_tongue,person/body
hanten_(clothes),clothing/other
hanzou_academy_school_uniform,clothing/whole
hanzou_academy_uniform,clothing/whole
haori_on_shoulders,person/body
happi_(clothing),clothing/other
happy_sex,sex/act
happy_tears,expression/face
happy_white_day,scene/sky
hara_tetsuo_(style),style/medium
harbor,scene/outdoor
hard_hat,clothing/head
hard_sex,sex/act
hardboiled_egg,object/food
hardcore_heart,sex/act
harem_boy,person/count
harem_clothing,clothing/other
harem_girl,person/count
harem_jewelry,clothing/accessory
harem_outfit,clothing/whole
harem_pants,clothing/bottom
harem_veil,clothing/head
harkonnen_(gun),object/weapon
harley_quinn_(cosplay),style/medium
harness_ball_gag,object/toy
harness_ring,clothing/accessory
harness_ring_gag,clothing/accessory
harpoon_gun,object/weapon
harpy_boy,person/count
haruba_negi_(style),style/medium
harukawa_moe_(style),style/medium
haruna_(kancolle)_(cosplay),style/medium
haruno_sakura_(cosplay),style/medium
hasn't_kissed_anyone_ever_vs_expecting_a_kiss_with_tongue_(meme),person/body
hassan_of_serenity_(fate)_(cosplay),style/medium
hasshaku_sama_(cosplay),style/medium
hasu_no_sora_gym_uniform,clothing/whole
hasu_no_sora_pop_up_shop_china_collection,scene/indoor
hasu_no_sora_school_uniform,clothing/whole
hasumi_(blue_archive)_(cosplay),style/medium
hat,clothing/head
hat_band,clothing/head
hat_basket,clothing/head
hat_bell,clothing/head
hat_belt,clothing/head
hat_bobbles,clothing/head
hat_bow,clothing/head
hat_branch,clothing/head
hat_chain,clothing/head
hat_feather,clothing/head
hat_flaps,clothing/head
hat_flower,clothing/head
hat_horns,clothing/head
hat_hug,clothing/head
hat_launch,clothing/head
hat_leaf,clothing/head
hat_loss,clothing/head
hat_off,clothing/head
hat_on_back,clothing/head
hat_on_chest,clothing/head
hat_on_face,clothing/head
hat_on_horn,clothing/head
hat_on_lap,clothing/head
hat_on_penis,clothing/head
hat_only,clothing/head
hat_ornament,clothing/head
hat_over_eyes,clothing/head
hat_over_hat,clothing/head
hat_over_hood,clothing/head
hat_over_one_eye,clothing/head
hat_pin,clothing/head
hat_pompom,clothing/head
hat_rack,clothing/head
hat_ribbon,clothing/head
hat_ring,clothing/head
hat_tassel,clothing/head
hat_tip,clothing/head
hat_tug,clothing/head
hat_under_hood,clothing/head
hat_with_ears,clothing/head
hat_writing,clothing/head
hata_no_kokoro_(cosplay),style/medium
hatchet_(axe),object/weapon
hatching_from_egg,object/food
hate_sex,sex/act
hatsuboshi_gakuen_gym_uniform,clothing/whole
hatsuboshi_gakuen_school_uniform,clothing/whole
hatsune_miku_(append)_(cosplay),style/medium
hatsune_miku_(cosplay),style/medium
hatsuzuki_(kancolle)_(cosplay),style/medium
hawaiian_clothes,clothing/other
hawaiian_pizza,object/food
hawaiian_shirt,clothing/top
hay_bed,object/other
hay_in_mouth,person/body
hayasui_(kancolle)_(cosplay),style/medium
hazmat_suit,clothing/whole
head_accessory,person/body
head_and_hip_pose,expression/pose
head_arms,person/body
head_back,person/body
head_between_breasts,person/body
head_between_buttocks,person/body
head_between_cheeks,person/body
head_between_knees,person/body
head_between_legs,person/body
head_between_pecs,person/body
head_between_thighs,person/body
head_biting,person/body
head_bow,clothing/head
head_bowed,person/body
head_bump,person/body
head_cannon,person/body
head_chain,person/body
head_crest,person/body
head_down,person/body
head_down_ass_up,person/body
head_empty,person/body
head_expansion,person/body
head_explosion,person/body
head_feathers,person/body
head_fin,person/body
head_fins,person/body
head_first,person/body
head_flag,person/body
head_flower,person/body
head_frill,person/body
head_fur,person/body
head_fuse,person/body
head_gem,person/body
head_gills,person/body
head_grab,person/body
head_growth,person/body
head_hair,person/hair
head_hands,person/body
head_harness,person/body
head_hit,person/body
head_hold,person/body
head_holding,expression/action
head_horn,person/body
head_hug,expression/action
head_imprint,person/body
head_in_anus,sex/body
head_in_ass,person/body
head_in_crotch,sex/body
head_in_hand,person/body
head_in_hands,person/body
head_in_mouth,person/body
head_in_pussy,sex/body
head_in_urethra,person/body
head_inflation,person/body
head_injury,person/body
head_insertion,sex/act
head_jewelry,clothing/accessory
head_kiss,person/body
head_leaf,person/body
head_lick,person/body
head_lift,person/body
head_lock,person/body
head_markings,person/body
head_mirror,person/body
head_mounted_display,person/body
head_on_another's_back,person/body
head_on_another's_chest,person/body
head_on_another's_leg,person/body
head_on_another's_shoulder,person/body
head_on_another's_stomach,person/body
head_on_arm,person/body
head_on_ass,person/body
head_on_back,person/body
head_on_belly,person/body
head_on_breast,person/body
head_on_butt,person/body
head_on_chest,person/body
head_on_ground,person/body
head_on_hand,person/body
head_on_hands,person/body
head_on_head,person/body
head_on_hip,person/body
head_on_knee,person/body
head_on_knees,person/body
head_on_lap,person/body
head_on_own_shoulder,person/body
head_on_pillow,person/body
head_on_shoulder,person/body
head_on_table,person/body
head_only,person/body
head_ornament,person/body
head_out_of_frame,camera/shot
head_out_of_water,person/body
head_pat,person/body
head_penis,sex/body
head_pinned_down,person/body
head_plate,person/body
head_print,person/body
head_push,person/body
head_quills,person/body
head_removed,person/body
head_rest,person/body
head_ridge,person/body
head_rub,person/body
head_scar,person/body
head_scarf,clothing/accessory
head_scratch,person/body
head_smash,person/body
head_spike,person/body
head_spikes,person/body
head_spines,person/body
head_steam,person/body
head_swap,person/body
head_tail,person/body
head_tails,person/body
head_tattoo,person/body
head_tentacle,sex/gear
head_thrown_back,person/body
head_tilt,expression/pose
head_tilted_back,expression/pose
head_to_head,person/body
head_torture,person/body
head_tuft,person/body
head_turn,person/body
head_turned,person/body
head_turned_sideways,person/body
head_under_another's_clothes,clothing/other
head_under_skirt,clothing/bottom
head_up_display_(vehicle),person/body
head_up_shirt,clothing/top
head_wings,person/body
head_wings_through_headwear,clothing/head
head_wound,person/body
head_wraps,person/body
head_wreath,person/body
head_wreath_removed,person/body
headband,clothing/head
headband_around_neck,clothing/head
headband_ears,clothing/head
headband_only,clothing/head
headband_over_one_eye,clothing/head
header_box,object/tool
headlight_eyes,person/eyes
headphones,object/tool
headphones_around_neck,person/body
headphones_for_animal_ears,person/body
headphones_only,object/tool
headphones_over_headwear,clothing/head
headphones_removed,object/tool
heads_together,person/body
heads_up_display,person/body
headset_microphone,object/tool
headwear,clothing/head
headwear_only,clothing/head
headwear_pull,clothing/head
headwear_switch,clothing/head
headwear_through_crown,clothing/head
headwear_with_attached_mittens,clothing/head
headwear_writing,clothing/head
heal_ball,object/toy
healer_u_(armor),clothing/accessory
health_bar,scene/indoor
heart's_egg_(shugo_chara!),object/food
heart_above_head,person/body
heart_after_signature,style/quality
heart_after_text,style/quality
heart_ahoge,person/hair
heart_ahoge_duo,person/hair
heart_antenna_hair,person/hair
heart_apron,clothing/whole
heart_areola,sex/body
heart_arms,person/body
heart_arms_duo,person/body
heart_arrow,object/weapon
heart_background,scene/background
heart_balloon,object/toy
heart_bed,object/other
heart_before_signature,style/quality
heart_before_text,style/quality
heart_belt,clothing/accessory
heart_belt_buckle,clothing/accessory
heart_between_text,style/quality
heart_bikini,clothing/whole
heart_body_writing,expression/action
heart_border,camera/framing
heart_bow,clothing/head
heart_box,object/tool
heart_bra,clothing/top
heart_bracelet,clothing/accessory
heart_brooch,clothing/accessory
heart_butt_plug,sex/gear
heart_buttplug,sex/gear
heart_card,object/tool
heart_cheeks,person/body
heart_choker,clothing/accessory
heart_clothing,clothing/other
heart_collar,clothing/accessory
heart_collar_tag,clothing/accessory
heart_crown,clothing/head
heart_cure_watch,object/tool
heart_ear_ornament,person/body
heart_ear_piercing,person/body
heart_ear_ring,clothing/accessory
heart_earrings,clothing/accessory
heart_ears,person/body
heart_eye_patch,person/eyes
heart_eyebrows,person/eyes
heart_eyepatch,clothing/accessory
heart_eyes,person/eyes
heart_floating_above_hand,person/body
heart_font_signature,style/quality
heart_footwear,clothing/footwear
heart_frame,object/other
heart_gauged_ear,person/body
heart_glasses,clothing/accessory
heart_guitar,expression/action
heart_hair,person/hair
heart_hair_accessory,person/hair
heart_hair_bun,person/hair
heart_hair_ornament,clothing/head
heart_hairband,clothing/head
heart_hands,expression/action
heart_hands_duo,expression/action
heart_hands_failure,expression/action
heart_hands_over_eye,expression/action
heart_hands_trio,expression/action
heart_hat,clothing/head
heart_hat_ornament,clothing/head
heart_headband,clothing/head
heart_headwear,clothing/head
heart_in_eye,person/eyes
heart_in_heart_hands,expression/action
heart_in_mouth,person/body
heart_in_pupils,person/eyes
heart_in_signature,style/quality
heart_jewelry,clothing/accessory
heart_keyhole_clothing,clothing/other
heart_mole,person/body
heart_necklace,clothing/accessory
heart_nose,person/body
heart_o_ring,clothing/accessory
heart_on_butt,person/body
heart_on_chest,person/body
heart_out_of_chest,person/body
heart_pattern,scene/background
heart_pattern_panties,scene/background
heart_pattern_underwear,scene/background
heart_pendant,clothing/accessory
heart_pillow,object/other
heart_pouch,clothing/accessory
heart_pupils,person/eyes
heart_ribbon,clothing/head
heart_ring_(hardware),clothing/accessory
heart_ring_bottom,clothing/accessory
heart_ring_choker,clothing/accessory
heart_ring_strap,clothing/accessory
heart_ring_top,clothing/accessory
heart_sex_toy,sex/act
heart_shaped_bag,clothing/accessory
heart_shaped_blush_stickers,expression/face
heart_shaped_box,object/tool
heart_shaped_butt_plug,sex/gear
heart_shaped_cake,object/food
heart_shaped_chocolate,object/food
heart_shaped_cookie,object/food
heart_shaped_eyes,person/eyes
heart_shaped_food,object/food
heart_shaped_glasses,clothing/accessory
heart_shaped_hair,person/hair
heart_shaped_mirror,object/tool
heart_shaped_mouth,person/body
heart_shaped_petals,scene/nature
heart_shaped_pillow,object/other
heart_shaped_pubic_hair,sex/body
heart_shaped_pupils,person/eyes
heart_shaped_speech_bubble,style/quality
heart_shaped_sunglasses,clothing/accessory
heart_shift_bracelets,clothing/accessory
heart_shirt,clothing/top
heart_speech_bubble,style/quality
heart_sunglasses,clothing/accessory
heart_t_shirt,clothing/top
heart_tattoo,person/body
heart_tongue,person/body
heart_wink,expression/face
heart_writing,expression/action
hearts_(playing_card),expression/action
hearts_(suit),clothing/whole
hearts_around_head,person/body
hearts_around_penis,sex/body
hearts_around_text,style/quality
hearts_around_upper_body,camera/shot
heartslabyul_dorm_uniform,clothing/whole
heather_(flower),scene/nature
heattech_leotard,clothing/whole
heavy_armor,clothing/accessory
heavy_ball,object/toy
heavy_balls,object/toy
heavy_blush,expression/face
heavy_bondage,sex/gear
heavy_machine_gun,object/weapon
heavy_spear_(evangelion),object/weapon
hebijo_academy_school_uniform,clothing/whole
hebijo_academy_uniform,clothing/whole
hecatia_lapislazuli_(cosplay),style/medium
hedgehog_boy,person/count
hedgehog_ears,person/body
hedgehog_girl,person/count
heel_less_heels,clothing/footwear
heel_less_legwear,clothing/legwear
heeled_boots,clothing/footwear
heels,clothing/footwear
heels_only,clothing/footwear
heijou_institute_school_uniform,clothing/whole
heishou_pack_mao_branch_(identity)_(project_moon),scene/nature
heishou_pack_wei_branch_(identity)_(project_moon),scene/nature
heishou_pack_wu_branch_(identity)_(project_moon),scene/nature
heishou_pack_you_branch_(identity)_(project_moon),scene/nature
hekiho_academy_school_uniform,clothing/whole
hekiho_academy_uniform,clothing/whole
held_by_leg,person/body
held_by_legs,person/body
held_by_waist,person/body
helena_blavatsky_(fate)_(cosplay),style/medium
helical_magazine,object/weapon
helicopter_hair,person/hair
hell_(chainsaw_man),person/count
helldiver_(helldivers)_(cosplay),style/medium
hello_kitty_(character)_(cosplay),style/medium
helmet,clothing/head
helmet_only,clothing/head
helmet_over_eyes,clothing/head
helmet_over_one_eye,clothing/head
helvetian_military_uniform,clothing/whole
henshin_belt_gavv,clothing/accessory
henshin_pose,expression/pose
hepatica_(flower),scene/nature
heracles_(fate)_(cosplay),style/medium
herensuge_girls_academy_school_uniform,clothing/whole
herm/female,person/count
herm/male,person/count
herm_focus,camera/framing
herm_humanoid,person/count
herm_on_human,person/count
herm_penetrating_female,person/count
herm_penetrating_male,person/count
herm_pov,camera/angle
hermitage_(ensemble_stars!),scene/sky
hermitaur_(armor),clothing/accessory
hero_shot_(splatoon),camera/shot
hero_shot_(splatoon_1),camera/shot
hero_shot_(splatoon_2),camera/shot
hero_shot_(splatoon_3),camera/shot
heroic_pose,expression/pose
heroic_spirit_chaldea_park_outfit,clothing/whole
heroic_spirit_festival_outfit,clothing/whole
heroic_spirit_formal_dress,clothing/whole
heroic_spirit_tour_outfit,clothing/whole
heroic_spirit_traveling_outfit,clothing/whole
heron_sword,object/weapon
hestia_(danmachi)_(cosplay),style/medium
hetero_couple,person/count
heterochromatic_ears,person/body
heterochromatic_scleras,person/eyes
heterochromia,person/eyes
hev_suit,clothing/whole
hex_maniac_(pokemon)_(cosplay),style/medium
hexagon_background,scene/background
hexagon_hair_ornament,clothing/head
hexagram_hair_ornament,clothing/head
hibiki_(blue_archive)_(cosplay),style/medium
hibiki_(kancolle)_(cosplay),style/medium
hibikino_high_school_uniform,clothing/whole
hibiku_twilight_parade_(project_sekai),scene/sky
hibiscus_hair_ornament,clothing/head
hiburi_(kancolle)_(cosplay),style/medium
hidden_blade_(assassin's_creed),object/weapon
hidden_eyes,person/eyes
hidden_face,person/body
hidden_sex_toy,sex/act
hidden_text,style/quality
hidden_vibrator,sex/gear
hidden_weapon,object/weapon
hiding_behind_wall,scene/outdoor
hiding_breasts,person/body
hiding_face,person/body
hiding_penis,sex/body
hiding_pussy,sex/body
hieda_no_akyuu_(cosplay),style/medium
hiei_(kancolle)_(cosplay),style/medium
higashikata_josuke's_pose,expression/pose
higashikata_josuke's_pose_(jojo),expression/pose
higashikata_josuke_(cosplay),style/medium
high_angle_view,camera/angle
high_belt,clothing/accessory
high_boots,clothing/footwear
high_braid,person/hair
high_braided_ponytail,person/hair
high_capacity_magazine,object/weapon
high_chair,object/other
high_collar,clothing/accessory
high_cut_armor_(persona),clothing/accessory
high_cut_miko_outfit,clothing/whole
high_heel_bodysuit,clothing/whole
high_heel_boots,clothing/footwear
high_heel_sandals,clothing/footwear
high_heel_sneakers,clothing/footwear
high_heeled_boots,clothing/footwear
high_heeled_boots_only,clothing/footwear
high_heeled_feet,person/body
high_heeled_mechanical_legs,person/body
high_heeled_sandals,clothing/footwear
high_heeled_sneakers,clothing/footwear
high_heels,clothing/footwear
high_heels_only,clothing/footwear
high_low_dress,clothing/whole
high_low_skirt,clothing/bottom
high_ponytail,person/hair
high_school,scene/indoor
high_school_girls_posing_for_google_street_view_(meme),expression/pose
high_side_ponytail,person/hair
high_socks,clothing/legwear
high_top_shoes,clothing/footwear
high_visibility_clothing,clothing/other
high_visibility_vest,clothing/top
high_waist_belt,clothing/accessory
high_waist_bikini,clothing/whole
high_waist_dress,clothing/whole
high_waist_panties,person/body
high_waist_pants,clothing/bottom
high_waist_pantyhose,clothing/legwear
high_waist_shorts,clothing/bottom
high_waist_sideboob,person/body
high_waist_skirt,clothing/bottom
high_waisted_shorts,clothing/bottom
higher_resolution_available,style/quality
highlander_railway_academy_logo,style/quality
highleg_bikini,clothing/whole
highleg_bikini_bottom,clothing/whole
highleg_dress,clothing/whole
highleg_leotard,clothing/whole
highleg_one_piece_swimsuit,clothing/whole
highleg_shorts,clothing/bottom
highlighted_text,style/quality
highlighter_(makeup),person/eyes
highschool_uniform,clothing/whole
hiiragi_kagami_(cosplay),style/medium
hiiragi_yuzu_(cosplay),style/medium
hijab_as_hair,person/hair
hijiri_byakuren_(cosplay),style/medium
hikari_(blue_archive)_(cosplay),style/medium
hikarizaka_private_high_school_uniform,clothing/whole
hikarizuka_school_uniform,clothing/whole
hiked_leg,person/body
hiking_sandals,clothing/footwear
hikoboshi_(cosplay),style/medium
hilbert_(pokemon)_(cosplay),style/medium
hilda_(pokemon)_(cosplay),style/medium
hill,scene/nature
hill_with_eyes_(mario),person/eyes
hilt,object/weapon
himalayan_poppy_(flower),scene/nature
himaruya_hidekazu_(style),style/medium
hime_cut,person/hair
himekaidou_hatate_(cosplay),style/medium
himematsu_school_uniform,clothing/whole
himemiya_anthy_(cosplay),style/medium
himeya_company_uniform,clothing/whole
himura_kiseki_(style),style/medium
hina_(blue_archive)_(cosplay),style/medium
hinanawi_tenshi_(cosplay),style/medium
hinata_hajime_(cosplay),style/medium
hind_legs,person/body
hind_toe,person/body
hindi_text,style/quality
hino_minami_high_school_uniform,clothing/whole
hip_armor,clothing/accessory
hip_attack,person/body
hip_bones,person/body
hip_bump,person/body
hip_check,person/body
hip_dips,person/body
hip_expansion,person/body
hip_fins,person/body
hip_flask,person/body
hip_fluff,person/body
hip_focus,camera/framing
hip_gear,person/body
hip_grab,person/body
hip_growth,person/body
hip_hop,person/body
hip_markings,person/body
hip_piercing,person/body
hip_scar,person/body
hip_strap,person/body
hip_sway,person/body
hip_tattoo,person/body
hip_thrust,person/body
hip_to_hip,person/body
hip_tuft,person/body
hip_vent,person/body
hip_wings,person/body
hippopotamus_ears,person/body
hips_grab,person/body
hips_in_air,person/body
hirano_kouta_(style),style/medium
hirasawa_yui's_middle_school_uniform,clothing/whole
hirasawa_yui_(cosplay),style/medium
historical_american_flag,object/tool
historical_european_clothing,clothing/other
hisuian_poke_ball,object/toy
hito_komoru_(style),style/medium
hitting_head,person/body
hk416_(girls'_frontline)_(cosplay),style/medium
ho_kago_tea_time,object/food
ho_kago_tea_time_t_shirt,clothing/top
hobble_dress,clothing/whole
hobble_skirt,clothing/bottom
hockey_mask,clothing/head
hockey_sweater,clothing/top
hockless_socks,clothing/legwear
hogwarts_school_uniform,clothing/whole
hogwarts_uniform,clothing/whole
hokora_(shrine),scene/indoor
holding,expression/action
holding_above_head,expression/action
holding_acorn,expression/action
holding_alarm_clock,expression/action
holding_alcohol,expression/action
holding_anal_beads,sex/body
holding_anchor,expression/action
holding_animal,expression/action
holding_ankle,expression/action
holding_another,expression/action
holding_another's_ankle,expression/action
holding_another's_ankles,expression/action
holding_another's_arm,expression/action
holding_another's_finger,expression/action
holding_another's_foot,expression/action
holding_another's_hair,expression/action
holding_another's_hand,expression/action
holding_another's_horns,expression/action
holding_another's_knot,expression/action
holding_another's_knot_root,expression/action
holding_another's_leg,expression/action
holding_another's_legs,expression/action
holding_another's_penis,sex/body
holding_another's_sheath,expression/action
holding_another's_tail,expression/action
holding_another's_tongue,expression/action
holding_another's_waist,expression/action
holding_another's_wrist,expression/action
holding_another's_wrists,expression/action
holding_apple,expression/action
holding_apron,clothing/whole
holding_arm,expression/action
holding_armor,clothing/accessory
holding_arms,expression/action
holding_arrow,expression/action
holding_assault_rifle,expression/action
holding_award,expression/action
holding_axe,expression/action
holding_baby,expression/action
holding_baby_bottle,expression/action
holding_back,expression/action
holding_backpack,clothing/accessory
holding_badge,expression/action
holding_bag,clothing/accessory
holding_ball,expression/action
holding_balloon,expression/action
holding_balls,expression/action
holding_bamboo_shoot,expression/action
holding_bamboo_steamer,expression/action
holding_banana,expression/action
holding_bandages,clothing/accessory
holding_bandaid,expression/action
holding_banner,expression/action
holding_barbell,expression/action
holding_barcode_scanner,expression/action
holding_bars,expression/action
holding_baseball_bat,expression/action
holding_basket,expression/action
holding_basketball,expression/action
holding_bass_guitar,expression/action
holding_bat,expression/action
holding_baton,expression/action
holding_baton_(weapon),expression/action
holding_battle_axe,expression/action
holding_beach_ball,expression/action
holding_beachball,expression/action
holding_beaker,expression/action
holding_beam_saber,expression/action
holding_beer,expression/action
holding_beer_mug,expression/action
holding_behind_back,expression/action
holding_behind_neck,expression/action
holding_bell,expression/action
holding_belly,expression/action
holding_belt,clothing/accessory
holding_bento,expression/action
holding_berry,expression/action
holding_beverage,expression/action
holding_bikini,clothing/whole
holding_bikini_bottom,clothing/whole
holding_bikini_top,clothing/whole
holding_binder,expression/action
holding_binoculars,expression/action
holding_bird,expression/action
holding_blade,expression/action
holding_blanket,expression/action
holding_blindfold,clothing/head
holding_blister_pack,expression/action
holding_blunt,expression/action
holding_board,expression/action
holding_body,expression/action
holding_bolter,expression/action
holding_bomb,expression/action
holding_bone,expression/action
holding_bong,expression/action
holding_book,expression/action
holding_bookmark,expression/action
holding_boombox,expression/action
holding_boomerang,expression/action
holding_boots,clothing/footwear
holding_both_ankles,expression/action
holding_both_breasts,expression/action
holding_both_ears,expression/action
holding_both_knees,expression/action
holding_both_legs,expression/action
holding_both_thighs,expression/action
holding_bottle,expression/action
holding_bottomwear,expression/action
holding_bouquet,expression/action
holding_bow_(music),clothing/head
holding_bow_(ornament),clothing/head
holding_bow_(weapon),clothing/head
holding_bowl,expression/action
holding_box,expression/action
holding_boxcutter,expression/action
holding_bra,clothing/top
holding_bracelet,clothing/accessory
holding_branch,expression/action
holding_bread,expression/action
holding_breast,expression/action
holding_breath,expression/action
holding_briefcase,expression/action
holding_broom,expression/action
holding_brush,expression/action
holding_bubble,expression/action
holding_bucket,expression/action
holding_bug,expression/action
holding_building,expression/action
holding_bulb,expression/action
holding_bulge,expression/action
holding_bullet,expression/action
holding_burger,expression/action
holding_business_card,expression/action
holding_butt,expression/action
holding_butt_plug,sex/gear
holding_butterfly,expression/action
holding_butterfly_net,expression/action
holding_button,expression/action
holding_buttplug,sex/gear
holding_by_neck,expression/action
holding_by_tail,expression/action
holding_by_the_ears,expression/action
holding_cable,expression/action
holding_cage,expression/action
holding_cake,expression/action
holding_calf,expression/action
holding_calligraphy_brush,expression/action
holding_camera,expression/action
holding_can,expression/action
holding_candle,expression/action
holding_candle_stand,expression/action
holding_candlestand,expression/action
holding_candy,expression/action
holding_candy_apple,expression/action
holding_candy_cane,expression/action
holding_cane,expression/action
holding_cannon,expression/action
holding_canteen,expression/action
holding_cape,clothing/top
holding_card,expression/action
holding_carrot,expression/action
holding_carton,expression/action
holding_case,expression/action
holding_cassette,expression/action
holding_cat,expression/action
holding_cat_teaser,expression/action
holding_cd,expression/action
holding_cellphone,expression/action
holding_chain,expression/action
holding_chainsaw,expression/action
holding_chair,expression/action
holding_chalk,expression/action
holding_character,expression/action
holding_charm,expression/action
holding_cheek,expression/action
holding_cheese,expression/action
holding_cherry,expression/action
holding_chess_piece,expression/action
holding_chest,expression/action
holding_chibi,style/medium
holding_child,expression/action
holding_chin,expression/action
holding_chisel,expression/action
holding_chocolate,expression/action
holding_chopsticks,expression/action
holding_christmas_tree,expression/action
holding_cigar,expression/action
holding_cigarette,expression/action
holding_cigarette_pack,expression/action
holding_cleaning_tool,expression/action
holding_cleaver,expression/action
holding_clipboard,expression/action
holding_cloak,clothing/top
holding_clock,expression/action
holding_close,expression/action
holding_cloth,expression/action
holding_clothes,clothing/other
holding_clothes_hanger,clothing/other
holding_clothes_iron,clothing/other
holding_clothing,clothing/other
holding_clover,expression/action
holding_club,expression/action
holding_coat,clothing/top
holding_cocktail,expression/action
holding_cocktail_shaker,expression/action
holding_coffee,expression/action
holding_coffee_cup,expression/action
holding_coffee_mug,expression/action
holding_coffee_pot,expression/action
holding_coin,expression/action
holding_collar,clothing/accessory
holding_comb,expression/action
holding_compact,expression/action
holding_compass,expression/action
holding_computer_keyboard,expression/action
holding_computer_mouse,expression/action
holding_condom,sex/gear
holding_console,expression/action
holding_container,expression/action
holding_controller,expression/action
holding_cookie,expression/action
holding_cooking_pot,expression/action
holding_cotton_candy,expression/action
holding_cotton_swab,expression/action
holding_crayon,expression/action
holding_creature,expression/action
holding_crepe,expression/action
holding_cross,expression/action
holding_crossbow,expression/action
holding_crotch,sex/body
holding_crowbar,expression/action
holding_crown,clothing/head
holding_crutch,expression/action
holding_crystal,expression/action
holding_cube,expression/action
holding_cue_stick,expression/action
holding_cum,sex/act
holding_cup,expression/action
holding_cupcake,expression/action
holding_curling_iron,expression/action
holding_curtain,expression/action
holding_cushion,expression/action
holding_dagger,expression/action
holding_dart,expression/action
holding_detached_hair,expression/action
holding_detached_head,expression/action
holding_detached_steering_wheel,expression/action
holding_detonator,expression/action
holding_device,expression/action
holding_diaper,expression/action
holding_dice,expression/action
holding_digimon,expression/action
holding_digital_media_player,style/medium
holding_dildo,sex/gear
holding_diploma,expression/action
holding_disposable_cup,expression/action
holding_dog,expression/action
holding_dog_tags,expression/action
holding_doll,expression/action
holding_donut,expression/action
holding_doughnut,expression/action
holding_down,expression/action
holding_down_headwear,clothing/head
holding_dragon_ball,expression/action
holding_drawing,expression/action
holding_drawing_tablet,expression/action
holding_dress,clothing/whole
holding_drink,expression/action
holding_drink_carton,expression/action
holding_drinking_glass,expression/action
holding_drinking_straw,expression/action
holding_drumsticks,expression/action
holding_dumbbell,expression/action
holding_duster,expression/action
holding_dustpan,expression/action
holding_each_other,expression/action
holding_ear,expression/action
holding_earphones,expression/action
holding_earrings,clothing/accessory
holding_ears,expression/action
holding_egg,expression/action
holding_elbow,expression/action
holding_ema,expression/action
holding_energy_gun,expression/action
holding_envelope,expression/action
holding_erection,expression/action
holding_eye,expression/action
holding_eyeball,expression/action
holding_eyepatch,clothing/accessory
holding_eyewear,expression/action
holding_fan,expression/action
holding_feather,expression/action
holding_feather_duster,expression/action
holding_feces,expression/action
holding_feet,expression/action
holding_feral,expression/action
holding_figure,expression/action
holding_finger,expression/action
holding_fireworks,expression/action
holding_fish,expression/action
holding_fishing_rod,expression/action
holding_fixture,expression/action
holding_flag,expression/action
holding_flail,expression/action
holding_flame,expression/action
holding_flamethrower,expression/action
holding_flashlight,expression/action
holding_flask,expression/action
holding_floatie,expression/action
holding_flower,expression/action
holding_flower_pot,expression/action
holding_flute,expression/action
holding_flyer,expression/action
holding_folder,expression/action
holding_food,expression/action
holding_foot,expression/action
holding_forearm,expression/action
holding_fork,expression/action
holding_frame,expression/action
holding_frog,expression/action
holding_from_behind,camera/angle
holding_fruit,expression/action
holding_frying_pan,expression/action
holding_gag,expression/action
holding_game_boy,expression/action
holding_game_boy_color,expression/action
holding_game_cartridge,expression/action
holding_game_controller,expression/action
holding_gem,expression/action
holding_ghost,expression/action
holding_gift,expression/action
holding_glass,expression/action
holding_glass_bottle,expression/action
holding_glass_shard,expression/action
holding_glasses,clothing/accessory
holding_gloves,clothing/accessory
holding_glowstick,expression/action
holding_go_stone,expression/action
holding_goblet,expression/action
holding_goggles,clothing/accessory
holding_gohei,expression/action
holding_golf_club,expression/action
holding_gourd,expression/action
holding_grass,expression/action
holding_grater,expression/action
holding_grenade,expression/action
holding_guitar,expression/action
holding_gun,expression/action
holding_gun_barrel,expression/action
holding_hair_brush,expression/action
holding_hair_clipper,expression/action
holding_hair_dryer,expression/action
holding_hair_ornament,clothing/head
holding_hair_straightener,expression/action
holding_hair_tie,expression/action
holding_hairband,clothing/head
holding_hairbrush,expression/action
holding_hairpin,clothing/head
holding_halberd,expression/action
holding_halloween_bucket,expression/action
holding_halo,expression/action
holding_hammer,expression/action
holding_hand_grip,expression/action
holding_handbag,clothing/accessory
holding_handcuffs,sex/gear
holding_handgun,expression/action
holding_handheld_game_console,expression/action
holding_handkerchief,expression/action
holding_handlebar,expression/action
holding_hands,expression/action
holding_hands_is_lewd,expression/action
holding_harp,expression/action
holding_harpoon,expression/action
holding_head_wreath,expression/action
holding_headband,clothing/head
holding_headdress,expression/action
holding_headgear,expression/action
holding_headphones,expression/action
holding_headwear,clothing/head
holding_heart,expression/action
holding_heart_(organ),expression/action
holding_helmet,clothing/head
holding_hip,expression/action
holding_hips,expression/action
holding_hockey_stick,expression/action
holding_hoe,expression/action
holding_holly,expression/action
holding_hood,clothing/head
holding_hoodie,clothing/top
holding_hoop,expression/action
holding_horn,expression/action
holding_hose,expression/action
holding_hot_dog,expression/action
holding_hourglass,expression/action
holding_hula_hoop,expression/action
holding_ice,expression/action
holding_ice_cream,expression/action
holding_ice_cream_cone,expression/action
holding_ice_cream_scoop_(utensil),expression/action
holding_id_card,expression/action
holding_in_mouth,expression/action
holding_in_urine,expression/action
holding_ink_brush,expression/action
holding_innertube,expression/action
holding_instrument,expression/action
holding_instrument_case,expression/action
holding_jacket,clothing/top
holding_jar,expression/action
holding_javelin,expression/action
holding_jewelry,clothing/accessory
holding_jockstrap,expression/action
holding_joint,expression/action
holding_jug,expression/action
holding_juice_box,expression/action
holding_jump_rope,expression/action
holding_katana,expression/action
holding_kettle,expression/action
holding_key,expression/action
holding_kickboard,expression/action
holding_kinchaku,expression/action
holding_kite,expression/action
holding_knee,expression/action
holding_knife,expression/action
holding_knife_behind_back,expression/action
holding_knot,expression/action
holding_knot_root,expression/action
holding_kunai,expression/action
holding_ladder,expression/action
holding_ladle,expression/action
holding_lamp,expression/action
holding_lance,expression/action
holding_lantern,expression/action
holding_laptop,expression/action
holding_lasso,expression/action
holding_lead_pipe,expression/action
holding_leaf,expression/action
holding_leash,sex/gear
holding_leg_up,expression/action
holding_legs,expression/action
holding_legs_back,expression/action
holding_legs_open,expression/action
holding_legs_up,expression/action
holding_legwear,clothing/legwear
holding_leotard,clothing/whole
holding_letter,expression/action
holding_lid,expression/action
holding_lifebuoy,expression/action
holding_lighter,expression/action
holding_lightning_bolt,expression/action
holding_lightsaber,expression/action
holding_lightstick,expression/action
holding_limb,expression/action
holding_lipstick,expression/action
holding_lipstick_tube,expression/action
holding_list,expression/action
holding_lollipop,expression/action
holding_lube,expression/action
holding_luggage,expression/action
holding_lyre,expression/action
holding_macaron,expression/action
holding_mace,expression/action
holding_machete,expression/action
holding_machine_gun,expression/action
holding_macuahuitl,expression/action
holding_magazine,expression/action
holding_magazine_(weapon),expression/action
holding_magnifying_glass,expression/action
holding_mahjong_tile,expression/action
holding_makeup_brush,expression/action
holding_makeup_palette,expression/action
holding_mallet,expression/action
holding_manga,style/medium
holding_map,expression/action
holding_maracas,expression/action
holding_marker,expression/action
holding_mascot_head,expression/action
holding_mask,clothing/head
holding_matchstick,expression/action
holding_meat,expression/action
holding_medal,expression/action
holding_megaphone,expression/action
holding_melee_weapon,expression/action
holding_melon,expression/action
holding_menu,expression/action
holding_micro,expression/action
holding_microphone,expression/action
holding_microphone_stand,expression/action
holding_milk_carton,expression/action
holding_mini_person,expression/action
holding_miniperson,expression/action
holding_mirror,expression/action
holding_mistletoe,expression/action
holding_money,expression/action
holding_moob,expression/action
holding_moon,expression/action
holding_mop,expression/action
holding_mouse_(computer),expression/action
holding_mouth,expression/action
holding_mouth_open,expression/action
holding_mp3_player,expression/action
holding_mug,expression/action
holding_mushroom,expression/action
holding_musical_instrument,expression/action
holding_mustache,expression/action
holding_naginata,expression/action
holding_nail,expression/action
holding_napkin,expression/action
holding_neck,expression/action
holding_neckerchief,clothing/accessory
holding_necklace,clothing/accessory
holding_necktie,clothing/accessory
holding_neckwear,expression/action
holding_needle,expression/action
holding_net,expression/action
holding_newspaper,expression/action
holding_nintendo_switch,expression/action
holding_nipples,expression/action
holding_nose,expression/action
holding_note_pad,expression/action
holding_notebook,expression/action
holding_notepad,expression/action
holding_nunchaku,expression/action
holding_oar,expression/action
holding_object,expression/action
holding_object_above_head,expression/action
holding_object_in_mouth,expression/action
holding_object_with_feet,expression/action
holding_object_with_tail,expression/action
holding_ocarina,expression/action
holding_ofuda,expression/action
holding_omikuji,expression/action
holding_on,expression/action
holding_onto_partner,expression/action
holding_orange,expression/action
holding_orb,expression/action
holding_organ,expression/action
holding_ornament,expression/action
holding_other,expression/action
holding_out_hand,expression/action
holding_over_opposite_shoulder,expression/action
holding_own_ankle,expression/action
holding_own_arm,expression/action
holding_own_balls,expression/action
holding_own_belly,expression/action
holding_own_breasts,expression/action
holding_own_butt,expression/action
holding_own_dress,clothing/whole
holding_own_ears,expression/action
holding_own_foot,expression/action
holding_own_hair,expression/action
holding_own_hand,expression/action
holding_own_head,expression/action
holding_own_knot,expression/action
holding_own_knot_root,expression/action
holding_own_leash,sex/gear
holding_own_leg,expression/action
holding_own_legs,expression/action
holding_own_legs_up,expression/action
holding_own_penis,sex/body
holding_own_sheath,expression/action
holding_own_skirt,clothing/bottom
holding_own_stomach,expression/action
holding_own_tail,expression/action
holding_own_wrist,expression/action
holding_pacifier,expression/action
holding_paddle,expression/action
holding_paint_palette,expression/action
holding_paint_roller,expression/action
holding_paintbrush,expression/action
holding_painting,style/medium
holding_palette,expression/action
holding_pan,expression/action
holding_panties,expression/action
holding_pants,clothing/bottom
holding_paper,expression/action
holding_paper_airplane,expression/action
holding_parasol,expression/action
holding_partner,expression/action
holding_partner's_arm,expression/action
holding_partner's_head,expression/action
holding_partner's_leg,expression/action
holding_partner's_penis,sex/body
holding_party_popper,expression/action
holding_pastry_bag,clothing/accessory
holding_paw,expression/action
holding_paws,expression/action
holding_pecs,expression/action
holding_pen,expression/action
holding_pencil,expression/action
holding_pendant,clothing/accessory
holding_pendulum,expression/action
holding_penetrable_sex_toy,sex/act
holding_penis,sex/body
holding_petal,expression/action
holding_phone,expression/action
holding_photo,style/medium
holding_pickaxe,expression/action
holding_picnic_basket,expression/action
holding_picture_frame,expression/action
holding_pie,expression/action
holding_pill,expression/action
holding_pillow,expression/action
holding_pinwheel,expression/action
holding_pipe,expression/action
holding_pipette,expression/action
holding_pistol,expression/action
holding_pitcher,expression/action
holding_pitchfork,expression/action
holding_pizza,expression/action
holding_pizza_box,expression/action
holding_planet,expression/action
holding_plant,expression/action
holding_plate,expression/action
holding_platter,expression/action
holding_plectrum,expression/action
holding_pliers,expression/action
holding_plunger,expression/action
holding_plushie,expression/action
holding_pocket_watch,expression/action
holding_pocky,expression/action
holding_pointer,expression/action
holding_poke_ball,expression/action
holding_pokeball,expression/action
holding_pokedex,expression/action
holding_pokemon,expression/action
holding_poker_chip,expression/action
holding_pole,expression/action
holding_polearm,expression/action
holding_polearm_behind_back,expression/action
holding_pom_poms,expression/action
holding_pool_toy,expression/action
holding_popsicle,expression/action
holding_portrait,camera/shot
holding_potion,expression/action
holding_power_drill,expression/action
holding_power_tool,expression/action
holding_pregnancy_test,expression/action
holding_present,expression/action
holding_prey,expression/action
holding_psp,expression/action
holding_pumpkin,expression/action
holding_purse,clothing/accessory
holding_puzzle_piece,expression/action
holding_quill,expression/action
holding_rabbit,expression/action
holding_racket,expression/action
holding_radio,expression/action
holding_rag,expression/action
holding_raised_leg,expression/action
holding_rake,expression/action
holding_ranged_weapon,expression/action
holding_rapier,expression/action
holding_rattle,expression/action
holding_ray_gun,expression/action
holding_raygun,expression/action
holding_razor,expression/action
holding_razor_blade,expression/action
holding_record,expression/action
holding_reins,expression/action
holding_relay_baton,expression/action
holding_remote_control,expression/action
holding_removed_eyewear,expression/action
holding_revolver,expression/action
holding_ribbon,clothing/head
holding_ribbon_baton,clothing/head
holding_riding_crop,expression/action
holding_rifle,expression/action
holding_ring,clothing/accessory
holding_road_sign,expression/action
holding_rock,expression/action
holding_rocket_launcher,expression/action
holding_rod,expression/action
holding_rolling_pin,expression/action
holding_rope,expression/action
holding_rosary,expression/action
holding_rose,expression/action
holding_ruler,expression/action
holding_sack,expression/action
holding_sandals,clothing/footwear
holding_sandwich,expression/action
holding_sarong,expression/action
holding_sash,clothing/accessory
holding_saucer,expression/action
holding_saw,expression/action
holding_saxophone,expression/action
holding_scabbard,expression/action
holding_scale,expression/action
holding_scalpel,expression/action
holding_scanner,expression/action
holding_scepter,expression/action
holding_scissors,expression/action
holding_screwdriver,expression/action
holding_scroll,expression/action
holding_scythe,expression/action
holding_seashell,expression/action
holding_self,expression/action
holding_serving_tray,expression/action
holding_sewing_needle,expression/action
holding_sex_toy,sex/act
holding_shaker,expression/action
holding_shawl,expression/action
holding_sheath,expression/action
holding_sheep,expression/action
holding_sheet,expression/action
holding_shell,expression/action
holding_shield,expression/action
holding_shin,expression/action
holding_shinai,expression/action
holding_shirt,clothing/top
holding_shoe,expression/action
holding_shoes,clothing/footwear
holding_shogi_piece,expression/action
holding_shorts,clothing/bottom
holding_shotgun,expression/action
holding_shoulder,expression/action
holding_shovel,expression/action
holding_shower_head,expression/action
holding_shuriken,expression/action
holding_sickle,expression/action
holding_side,expression/action
holding_sign,expression/action
holding_single_card,expression/action
holding_skateboard,expression/action
holding_skeleton,expression/action
holding_sketchbook,expression/action
holding_skewer,expression/action
holding_ski_pole,expression/action
holding_skull,expression/action
holding_slingshot,expression/action
holding_slippers,clothing/footwear
holding_smartphone,expression/action
holding_smoking_pipe,expression/action
holding_snack,expression/action
holding_snake,expression/action
holding_sniper_rifle,expression/action
holding_snout,expression/action
holding_snow_globe,expression/action
holding_snowball,expression/action
holding_snowboard,expression/action
holding_snowman,expression/action
holding_soap,expression/action
holding_sock,expression/action
holding_socks,clothing/legwear
holding_soda,expression/action
holding_sparkler,expression/action
holding_spatula,expression/action
holding_spear,expression/action
holding_spice_shaker,expression/action
holding_sponge,expression/action
holding_spoon,expression/action
holding_spork,expression/action
holding_spray_can,expression/action
holding_spring_onion,expression/action
holding_staff,expression/action
holding_stapler,expression/action
holding_star,expression/action
holding_statuette,expression/action
holding_steering_wheel,expression/action
holding_stethoscope,expression/action
holding_stick,expression/action
holding_stomach,expression/action
holding_stopwatch,expression/action
holding_strap,expression/action
holding_straw,expression/action
holding_string,expression/action
holding_stuffed_animal,expression/action
holding_stuffed_toy,expression/action
holding_stun_gun,expression/action
holding_stylus,expression/action
holding_submachine_gun,expression/action
holding_suitcase,expression/action
holding_sunglasses,clothing/accessory
holding_sunscreen,expression/action
holding_surfboard,expression/action
holding_sweater,clothing/top
holding_swim_ring,clothing/accessory
holding_swimsuit,clothing/whole
holding_swimwear,expression/action
holding_switch,expression/action
holding_sword,expression/action
holding_sword_behind_back,expression/action
holding_syringe,expression/action
holding_table,expression/action
holding_table_tennis_paddle,expression/action
holding_tablet,expression/action
holding_tablet_pc,expression/action
holding_tablet_pen,expression/action
holding_tail_up,expression/action
holding_tambourine,expression/action
holding_tanzaku,expression/action
holding_tape_measure,expression/action
holding_tea_cup,expression/action
holding_teapot,expression/action
holding_teddy_bear,expression/action
holding_telescope,expression/action
holding_television,expression/action
holding_tenbou,expression/action
holding_tennis_racket,expression/action
holding_tentacle,sex/gear
holding_tera_orb,expression/action
holding_test_tube,expression/action
holding_thermometer,expression/action
holding_thermos,expression/action
holding_thigh,expression/action
holding_throat,expression/action
holding_tiara,clothing/head
holding_ticket,expression/action
holding_tie,expression/action
holding_tissue,expression/action
holding_to_chest,expression/action
holding_together,expression/action
holding_tongs,expression/action
holding_tongue,expression/action
holding_tool,expression/action
holding_toothbrush,expression/action
holding_topwear,expression/action
holding_torch,expression/action
holding_torpedo,expression/action
holding_torso,expression/action
holding_towel,expression/action
holding_toy,expression/action
holding_toy_gun,expression/action
holding_tray,expression/action
holding_tree,expression/action
holding_trident,expression/action
holding_tripod,expression/action
holding_trombone,expression/action
holding_trophy,expression/action
holding_trowel,expression/action
holding_trumpet,expression/action
holding_tube,expression/action
holding_turret,expression/action
holding_tweezers,expression/action
holding_ukulele,expression/action
holding_umbrella,expression/action
holding_underwear,expression/action
holding_unworn_cape,clothing/top
holding_unworn_clothes,clothing/other
holding_unworn_dress,clothing/whole
holding_unworn_hat,clothing/head
holding_unworn_helmet,clothing/head
holding_unworn_jacket,clothing/top
holding_unworn_necktie,clothing/accessory
holding_unworn_scarf,clothing/accessory
holding_unworn_skirt,clothing/bottom
holding_up_breasts,expression/action
holding_up_other_character,expression/action
holding_utensil,expression/action
holding_vacuum_cleaner,expression/action
holding_vase,expression/action
holding_vegetable,expression/action
holding_vehicle,expression/action
holding_veil,clothing/head
holding_vial,expression/action
holding_vibrator,sex/gear
holding_viewer,expression/action
holding_violin,expression/action
holding_waist,expression/action
holding_walkie_talkie,expression/action
holding_wallet,clothing/accessory
holding_wand,expression/action
holding_water,expression/action
holding_water_bottle,expression/action
holding_water_gun,expression/action
holding_watering_can,expression/action
holding_watermelon,expression/action
holding_weapon,expression/action
holding_weapon_behind_back,expression/action
holding_weapon_with_feet,expression/action
holding_weights,expression/action
holding_wheat,expression/action
holding_whip,expression/action
holding_whisk,expression/action
holding_whistle,expression/action
holding_wig,expression/action
holding_wind_chime,expression/action
holding_wine_glass,expression/action
holding_with_chopsticks,expression/action
holding_with_feet,expression/action
holding_with_foot,expression/action
holding_with_gesture,expression/action
holding_with_penis,sex/body
holding_with_tail,expression/action
holding_with_two_hands,expression/action
holding_wrapped_condom,sex/gear
holding_wreath,expression/action
holding_wrench,expression/action
holding_wrist,expression/action
holding_wrists,expression/action
holding_writing_utensil,expression/action
hole_in_chest,person/body
hole_in_ear,person/body
hole_in_ears,person/body
hole_in_face,person/body
hole_in_hand,person/body
hole_in_head,person/body
hole_in_pants,clothing/bottom
hole_in_stomach,person/body
hole_in_wall,scene/outdoor
holed_coin,object/tool
holiday_clothing,clothing/other
hollow_eyes,person/eyes
hollow_mask,clothing/head
hollow_mouth,person/body
hollow_sex_toy,sex/act
hollowed_headwear,clothing/head
holly_(plant),scene/nature
holly_hair_ornament,clothing/head
holly_hat_ornament,clothing/head
holo_(cosplay),style/medium
holographic_clothing,clothing/other
holographic_eyes,person/eyes
holographic_keyboard,object/tool
holographic_monitor,object/tool
holographic_screen,object/tool
holohoneygaoka_high_school_uniform,clothing/whole
hololive_3rd_generation_live_outfit,clothing/whole
hololive_christmas_outfit,clothing/whole
hololive_dance_practice_uniform,clothing/whole
hololive_fantasy_1st_anniversary_outfit,clothing/whole
hololive_friends_(plush),object/toy
hololive_gamers_fes_outfit,clothing/whole
hololive_idol_uniform,clothing/whole
hololive_idol_uniform_(bright),clothing/whole
hololive_idol_uniform_(color_rise),clothing/whole
hololive_idol_uniform_(origin),clothing/whole
hololive_shadow_puppet_(meme),object/toy
hololive_summer_2022_swimsuit,clothing/whole
hololive_summer_2023_swimsuit,clothing/whole
hololive_super_expo_2024_outfit,clothing/whole
hololive_super_expo_2026_outfit,clothing/whole
holostars_idol_uniform_(1st_act),clothing/whole
holostars_idol_uniform_(2nd_act),clothing/whole
holster,object/weapon
holstered_pistol,object/weapon
holy_hand_grenade,person/body
holy_night_dress_(idolmaster),clothing/whole
holy_ring,clothing/accessory
holy_water,scene/nature
homeworld_gem_uniform,clothing/whole
homicipher_text,style/quality
homurabara_academy_elementary_school_uniform,clothing/whole
homurabara_academy_school_uniform,clothing/whole
homurahara_academy_school_uniform,clothing/whole
homurahara_academy_uniform,clothing/whole
honey_(food),object/food
honey_bee_inn,scene/indoor
honey_cum,sex/act
honey_pussy_juice,sex/body
honey_strap_stage_costume,clothing/whole
honey_whip_(module),object/weapon
honeycomb_(pattern),scene/background
honeycomb_background,scene/background
honeycomb_pattern,scene/background
honeydew_(fruit),object/food
hong_meiling_(cosplay),style/medium
hongyuan_(identity)_(project_moon),scene/sky
honma_meiko_(cosplay),style/medium
honnoji_academy_school_uniform,clothing/whole
honnoji_academy_uniform,clothing/whole
hood,clothing/head
hood_basket,clothing/head
hood_down,clothing/head
hood_grab,clothing/head
hood_only,clothing/head
hood_over_eyes,clothing/head
hood_over_one_eye,clothing/head
hood_pull,clothing/head
hood_up,clothing/head
hooded_bodysuit,clothing/whole
hooded_cape,clothing/top
hooded_cardigan,clothing/top
hooded_cloak,clothing/top
hooded_coat,clothing/top
hooded_dress,clothing/whole
hooded_jacket,clothing/top
hooded_jumpsuit,clothing/whole
hooded_kimono,clothing/whole
hooded_leotard,clothing/whole
hooded_pajamas,clothing/whole
hooded_robe,clothing/whole
hooded_shirt,clothing/top
hooded_sweater,clothing/top
hooded_track_jacket,clothing/top
hooded_vest,clothing/top
hoodie,clothing/top
hoodie/briefs_meme,clothing/top
hoodie_hiding_shorts,clothing/top
hoodie_leotard,clothing/whole
hoodie_lift,clothing/top
hoodie_only,clothing/top
hoodie_pull,clothing/top
hoodie_tug,clothing/top
hoodie_vest,clothing/top
hoof_blush,expression/face
hoof_boots,clothing/footwear
hoof_boots_(hoofwear),clothing/footwear
hoof_focus,camera/framing
hoof_gloves,clothing/accessory
hoof_hands,person/body
hoof_heels,clothing/footwear
hoof_on_penis,sex/body
hoof_shoes,clothing/footwear
hook_hand,person/body
hook_office_(identity)_(project_moon),scene/indoor
hooked_penis,sex/body
hoop_ear_ring,clothing/accessory
hoop_earrings,clothing/accessory
hoop_skirt,clothing/bottom
hooters_uniform,clothing/whole
hooved_fingers,person/body
hooved_toes,person/body
hope's_dusk_(apex_legends),scene/sky
hope's_peak_academy_school_uniform,clothing/whole
horikoshi_kouhei_(style),style/medium
horizontal_anus,sex/body
horizontal_bar,scene/indoor
horizontal_magazine,object/weapon
horizontal_pupils,person/eyes
horizontal_pussy,sex/body
horizontal_striped_bikini,clothing/whole
horizontal_striped_clothes,clothing/other
horizontal_striped_legwear,clothing/legwear
horizontal_striped_necktie,clothing/accessory
horizontal_striped_skirt,clothing/bottom
horizontal_striped_socks,clothing/legwear
horizontal_striped_thighhighs,clothing/legwear
horizontal_vulva,sex/body
horn_(musical_instrument),object/tool
horn_bow,clothing/head
horn_cap,clothing/head
horn_flower,scene/nature
horn_hair_ornament,clothing/head
horn_hairband,clothing/head
horn_in_mouth,person/body
horn_in_pussy,sex/body
horn_jewelry,clothing/accessory
horn_lance,object/weapon
horn_penetration,sex/act
horn_ribbon,clothing/head
horn_ring,clothing/accessory
horn_ring_(piercing),clothing/accessory
horn_sex,sex/act
horn_shaped_hair,person/hair
horn_sheath,object/weapon
horn_through_headwear,clothing/head
horned_armor,clothing/accessory
horned_hat,clothing/head
horned_headwear,clothing/head
horned_helmet,clothing/head
horned_hood,clothing/head
horned_mask,clothing/head
horned_tiara,clothing/head
hornet_(hollow_knight)_(cosplay),style/medium
horns_pose,expression/pose
horns_through_headwear,clothing/head
horns_through_hood,clothing/head
horny_face,person/body
horror_(expression),expression/face
horse_boy,person/count
horse_costume,clothing/whole
horse_dildo,sex/gear
horse_ears,person/body
horse_girl,person/count
horse_head,person/body
horse_hood,clothing/head
horse_legs,person/body
horse_mask,clothing/head
horse_penis,sex/body
horse_pose,expression/pose
horse_pussy,sex/body
horseshoe_hat_ornament,clothing/head
horseshoe_necklace,clothing/accessory
horseshoe_tattoo,person/body
hose_between_breasts,person/body
hose_in_butt,person/body
hose_in_mouth,person/body
hose_in_navel,person/body
hose_in_penis,sex/body
hose_in_pussy,sex/body
hose_in_vagina,sex/body
hoshiguma_yuugi_(cosplay),style/medium
hoshimachi_suisei_(cosplay),style/medium
hoshimi_private_high_school_uniform,clothing/whole
hoshino_(blue_archive)_(cosplay),style/medium
hoshino_ai's_pose,expression/pose
hoshino_ai_(cosplay),style/medium
hoshino_ai_(oshi_no_ko)_(cosplay),style/medium
hoshinomiya_girls'_high_school_uniform,clothing/whole
hoshinoumi_academy_school_uniform,clothing/whole
hoshizora_rin_(cosplay),style/medium
hospital,scene/indoor
hospital_bed,scene/indoor
hospital_gown,clothing/whole
hospital_room,scene/indoor
hot_air_balloon,object/toy
hot_chocolate,object/food
hot_dog_bun,person/hair
hot_dog_costume,clothing/whole
hot_dog_down_a_hallway,scene/indoor
hot_drink,object/food
hot_plate,object/food
hot_water,scene/nature
hot_water_bottle,scene/nature
hotel,scene/indoor
hotel_room,scene/indoor
hotel_yamato,scene/indoor
hoto_cocoa's_school_uniform,clothing/whole
hoto_cocoa_(cosplay),style/medium
houjou_high_school_uniform,clothing/whole
houjuu_nue_(cosplay),style/medium
houkago_climax_girls_(idolmaster),person/count
houndstooth_background,scene/background
houraisan_kaguya_(cosplay),style/medium
hourglass_earrings,clothing/accessory
hourglass_figure,person/count
hourglass_figured_female,person/count
hourglass_figured_humanoid,person/count
house_ivenmoth_uniform,clothing/whole
house_of_cards,object/tool
house_plant,scene/nature
houshou_(kancolle)_(cosplay),style/medium
houshou_marine_(cosplay),style/medium
hover_hand,person/body
how_to_draw_manga_redraw_challenge_(meme),style/medium
how_to_talk_to_short_people_(meme),person/count
howl_(howl_no_ugoku_shiro)_(cosplay),style/medium
hsien_ko_(cosplay),style/medium
hu_tao_(genshin_impact)_(cosplay),style/medium
hug,expression/action
hug_and_suck,expression/action
hug_carry,expression/action
hug_from_behind,camera/angle
hug_from_side,camera/angle
hug_invitation,expression/action
hug_request,expression/action
huge_ahoge,person/hair
huge_anal_beads,sex/body
huge_antenna_hair,person/hair
huge_anus,sex/body
huge_arms,person/body
huge_ass,person/body
huge_balls,object/toy
huge_belly,person/body
huge_bow,clothing/head
huge_bowtie,clothing/accessory
huge_breasts,person/body
huge_butt,person/body
huge_cheeks,person/body
huge_dildo,sex/gear
huge_ears,person/body
huge_egg,object/food
huge_eyebrows,person/eyes
huge_eyelashes,person/eyes
huge_eyes,person/eyes
huge_feet,person/body
huge_hair,person/hair
huge_hair_bun,person/hair
huge_hands,person/body
huge_head,person/body
huge_hips,person/body
huge_lips,person/body
huge_moon,scene/sky
huge_muscle,person/body
huge_muscles,person/body
huge_navel,person/body
huge_penetration,sex/act
huge_penis,sex/body
huge_sheath,object/weapon
huge_sword,object/weapon
huge_thighs,person/body
huge_tongue,person/body
huge_weapon,object/weapon
hugging_another,expression/action
hugging_another's_leg,expression/action
hugging_another's_penis,sex/body
hugging_another's_tail,expression/action
hugging_arm,expression/action
hugging_ass,expression/action
hugging_balls,expression/action
hugging_belly,expression/action
hugging_blanket,expression/action
hugging_book,expression/action
hugging_butt,expression/action
hugging_doll,expression/action
hugging_each_other,expression/action
hugging_from_behind,camera/angle
hugging_leg,expression/action
hugging_legs,expression/action
hugging_object,expression/action
hugging_own_leg,expression/action
hugging_own_legs,expression/action
hugging_own_penis,sex/body
hugging_own_tail,expression/action
hugging_partner,expression/action
hugging_penis,sex/body
hugging_pillow,expression/action
hugging_plushie,expression/action
hugging_tail,expression/action
hugging_tongue,expression/action
hugging_with_one_arm,expression/action
hull_shoes,clothing/footwear
humagear_headphones,object/tool
human_(warcraft),person/count
human_and_animal_ears,person/body
human_cattle,person/count
human_chair,person/count
human_crutch,person/count
human_dog,person/count
human_dominating_anthro,person/count
human_ears,person/body
human_faced_feral,person/count
human_fetish,person/count
human_fingered,person/count
human_fingering,person/count
human_fingering_anthro,person/count
human_focus,camera/framing
human_furniture,person/count
human_head,person/body
human_livestock,person/count
human_meat_consumption,person/count
human_on_anthro,person/count
human_on_anthro_romance,person/count
human_on_back,person/body
human_on_bottom,person/count
human_on_demon,person/count
human_on_feral,person/count
human_on_human,person/count
human_on_humanoid,person/count
human_on_machine,person/count
human_on_monster,person/count
human_on_robot,person/count
human_on_taur,person/count
human_on_top,person/count
human_onahole,sex/gear
human_only,person/count
human_penetrated,person/count
human_penetrating,person/count
human_penetrating_ambiguous,person/count
human_penetrating_anthro,person/count
human_penetrating_female,person/count
human_penetrating_feral,person/count
human_penetrating_gynomorph,person/count
human_penetrating_human,person/count
human_penetrating_humanoid,person/count
human_penetrating_intersex,person/count
human_penetrating_male,person/count
human_penetrating_robot,person/count
human_penetrating_taur,person/count
human_pet,person/count
human_pov,camera/angle
human_pred,person/count
human_prey,person/count
human_pyramid,person/count
human_rape,sex/act
human_raped,person/count
human_raping_anthro,person/count
human_rimmed,person/count
human_rimming_anthro,person/count
human_rimming_feral,person/count
human_sacrifice,person/count
human_scabbard,person/count
human_shield,person/count
human_skin,person/body
human_skin_color,person/body
human_skull,person/count
human_stacking,person/count
human_to_anthro,person/count
human_to_feral,person/count
human_to_humanoid,person/count
human_to_inanimate,person/count
human_to_taur,person/count
human_toilet,person/count
human_torso,person/body
human_tower,person/count
human_tug_of_war,person/count
human_village_(touhou),person/count
human_with_animal_genitalia,person/count
humanized_skin_color,person/body
humanoid_and_humanization,person/count
humanoid_body_hair,person/hair
humanoid_dildo,sex/gear
humanoid_dominating_human,person/count
humanoid_ears,person/body
humanoid_face,person/body
humanoid_feet,person/body
humanoid_focus,camera/framing
humanoid_genitalia,person/count
humanoid_genitalia_on_anthro,person/count
humanoid_genitalia_on_feral,person/count
humanoid_hands,person/body
humanoid_heel,person/count
humanoid_legs,person/body
humanoid_nose,person/body
humanoid_on_anthro,person/count
humanoid_on_bottom,person/count
humanoid_on_feral,person/count
humanoid_on_humanoid,person/count
humanoid_on_taur,person/count
humanoid_on_top,person/count
humanoid_penetrated,person/count
humanoid_penetrating,person/count
humanoid_penetrating_anthro,person/count
humanoid_penetrating_female,person/count
humanoid_penetrating_feral,person/count
humanoid_penetrating_human,person/count
humanoid_penetrating_humanoid,person/count
humanoid_penetrating_male,person/count
humanoid_penetrating_taur,person/count
humanoid_penis,sex/body
humanoid_penis_in_slit,sex/body
humanoid_penis_on_feral,sex/body
humanoid_penis_outline,sex/body
humanoid_penis_tentacles,sex/body
humanoid_pointy_ears,person/body
humanoid_pov,camera/angle
humanoid_pred,person/count
humanoid_prepared_as_food,person/count
humanoid_prey,person/count
humanoid_pussy,sex/body
humanoid_pussy_on_feral,sex/body
humanoid_rape,sex/act
humanoid_robot,person/count
humanoid_to_anthro,person/count
humanoid_to_feral,person/count
humanoid_to_inanimate,person/count
humanoid_vulva,sex/body
humanoid_vulva_on_feral,sex/body
humanoid_with_canine_genitalia,person/count
humping_belly,person/body
humping_leg,person/body
humping_own_belly,person/body
humping_toy,object/toy
hung_clothing,clothing/other
hungarian_flag,object/tool
hunger_bar,scene/indoor
hunter's_path_(genshin_impact),scene/outdoor
hunter_(bloodborne)_(cosplay),style/medium
hurricane_glass,object/food
hurt_expression,expression/face
hurt_expressions_of_your_wife_practice,expression/face
hutou_hat,clothing/head
hyaenid_penis,sex/body
hyakkaou_academy_school_uniform,clothing/whole
hybrid_penis,sex/body
hybrid_pussy,sex/body
hybrid_vulva,sex/body
hydrangea_hair_ornament,clothing/head
hyena_boy,person/count
hyena_ears,person/body
hyena_girl,person/count
hylian_shield,object/weapon
hyottoko_mask,clothing/head
hyper_anus,sex/body
hyper_areola,sex/body
hyper_armpit_hair,person/hair
hyper_balls,object/toy
hyper_belly,person/body
hyper_breasts,person/body
hyper_butt,person/body
hyper_cheeks,person/body
hyper_condom,sex/gear
hyper_cum,sex/act
hyper_dildo,sex/gear
hyper_ears,person/body
hyper_feet,person/body
hyper_hands,person/body
hyper_hips,person/body
hyper_insertion,sex/act
hyper_lactation,sex/act
hyper_lips,person/body
hyper_long_penis,sex/body
hyper_muscle_growth,person/body
hyper_muscles,person/body
hyper_navel,person/body
hyper_penetration,sex/act
hyper_penis,sex/body
hyper_precum,sex/body
hyper_prolapse,sex/body
hyper_pussy,sex/body
hyper_sheath,object/weapon
hyper_thighs,person/body
hyper_tongue,person/body
hyper_vulva,sex/body
hypno_beam_gun,object/weapon
hypnosis_microphone,object/tool
hypnotic_clothing,clothing/other
hypnotic_eyes,person/eyes
hypnotic_helmet,clothing/head
hypnotic_screen,object/tool
hypnotized_female,person/count
hypnotized_male,person/count
hyrule_castle,scene/indoor
i'll_teach_you_everything_(chainsaw_man),person/count
i'm_not_at_the_beach_this_is_a_bathtub_(meme),scene/outdoor
"i'm_not_calling_you_""good_boy""_(meme)",person/count
i_13_(kancolle)_(cosplay),style/medium
i_19_(kancolle)_(cosplay),style/medium
i_401_(kancolle)_(cosplay),style/medium
i_58_(kancolle)_(cosplay),style/medium
i_8_(kancolle)_(cosplay),style/medium
i_can't_believe_it's_not_feces,object/food
i_hate_kids_with_good_instincts_like_you_(meme),person/count
i_really_like_wearing_sunglasses_(meme),clothing/accessory
ibaraki_kasen_(cosplay),style/medium
ibuki_suika_(cosplay),style/medium
ice_axe,object/weapon
ice_bag,clothing/accessory
ice_bondage,sex/gear
ice_bucket,object/tool
ice_cave,scene/nature
ice_cream,object/food
ice_cream_bar,scene/indoor
ice_cream_cone,object/food
ice_cream_cone_on_head,person/body
ice_cream_cone_spill,object/food
ice_cream_crepe,object/food
ice_cream_cup,object/food
ice_cream_float,object/food
ice_cream_hair_ornament,clothing/head
ice_cream_on_breasts,person/body
ice_cream_on_face,person/body
ice_cream_print,object/food
ice_cream_sandwich,object/food
ice_cream_scoop,object/food
ice_cream_scoop_(utensil),object/food
ice_cream_spoon,object/food
ice_cream_stand,object/food
ice_cream_tub,object/food
ice_crown_(adventure_time),clothing/head
ice_flower,scene/nature
ice_hair,person/hair
ice_sculpture,style/medium
iceberg,scene/nature
iced_coffee,object/food
iced_latte_with_breast_milk_(meme),person/body
iced_tea,object/food
icelandic_flag,object/tool
ichigo_junior_high_uniform,clothing/whole
ichigozaka_middle_school_uniform,clothing/whole
icho_private_high_school_uniform,clothing/whole
icing_bag,clothing/accessory
id_card,object/tool
id_photo,style/medium
identical_twins,person/count
ideolo_(style),style/medium
idiot_sandwich_(meme),object/food
idol_clothes,clothing/other
idol_heart_brooch,clothing/accessory
idol_heart_brooch_(precure),clothing/accessory
igawa_asagi_(cosplay),style/medium
igawa_sakura_(cosplay),style/medium
igeta_(pattern),scene/background
ignihyde_dorm_uniform,clothing/whole
ijichi_nijika_(cosplay),style/medium
ikamusume_(cosplay),style/medium
ikari_gendou_(cosplay),style/medium
ikari_shinji_(cosplay),style/medium
ikazuchi_(kancolle)_(cosplay),style/medium
ikoma_squad's_uniform,clothing/whole
ikura_(food),object/food
ill_fitting_clothes,clothing/other
ill_fitting_clothing,clothing/other
illumination_stars_(idolmaster),scene/sky
illusion_cake,object/food
illusion_grid_t_shirt,clothing/top
illyasviel_von_einzbern_(beast_style)_(cosplay),style/medium
illyasviel_von_einzbern_(cosplay),style/medium
ily_sign,object/tool
ilya_kuvshinov_(style),style/medium
imadake_dabuchi_tabemi_(cosplay),style/medium
image_in_speech_bubble,style/quality
image_in_thought_bubble,style/quality
imaishi_hiroyuki_(style),style/medium
imaizumi_kagerou_(cosplay),style/medium
imminent_anal,sex/body
imminent_anal_vore,sex/body
imminent_bestiality,sex/act
imminent_breast_grab,person/body
imminent_cock_vore,sex/body
imminent_cunnilingus,sex/act
imminent_double_penetration,sex/act
imminent_eating,expression/action
imminent_ejaculation,sex/act
imminent_fellatio,sex/act
imminent_group_sex,sex/act
imminent_hand_holding,expression/action
imminent_hug,expression/action
imminent_incest,sex/act
imminent_insertion,sex/act
imminent_masturbation,sex/act
imminent_object_insertion,sex/act
imminent_oral,sex/act
imminent_oral_vore,sex/act
imminent_orgasm,sex/act
imminent_penetration,sex/act
imminent_penis_severing,sex/body
imminent_rape,sex/act
imminent_sex,sex/act
imminent_tentacle_rape,sex/act
imminent_tentacle_sex,sex/act
imminent_wardrobe_malfunction,object/other
impact_wrench,object/tool
impending_anal,sex/body
impending_day_(e.g.o),scene/sky
imperial_german_flag,object/tool
imperial_war_flag,object/tool
implied_after_fellatio,sex/act
implied_after_masturbation,sex/act
implied_after_sex,sex/act
implied_bestiality,sex/act
implied_bondage,sex/gear
implied_breast_expansion,person/body
implied_breast_milk,person/body
implied_cunnilingus,sex/act
implied_double_penetration,sex/act
implied_ejaculation,sex/act
implied_extra_ears,person/body
implied_fellatio,sex/act
implied_futanari,sex/body
implied_handjob,sex/act
implied_incest,sex/act
implied_lactation,sex/act
implied_male_pregnancy,person/count
implied_masturbation,sex/act
implied_nudity,sex/act
implied_object_insertion,sex/act
implied_oral,sex/act
implied_orgasm,sex/act
implied_penetration,sex/act
implied_penis,sex/body
implied_rape,sex/act
implied_sex,sex/act
implied_tail_plug,sex/gear
implied_vibrator,sex/gear
implied_water,scene/nature
impossible_armor,clothing/accessory
impossible_bodysuit,clothing/whole
impossible_clothes,clothing/other
impossible_dress,clothing/whole
impossible_hair,person/hair
impossible_jacket,clothing/top
impossible_leotard,clothing/whole
impossible_necktie,clothing/accessory
impossible_pants,clothing/bottom
impossible_shirt,clothing/top
impossible_shorts,clothing/bottom
impossible_skirt,clothing/bottom
impossible_sweater,clothing/top
impossible_swimsuit,clothing/whole
impossible_vest,clothing/top
impractical_clothing,clothing/other
impressionist_background,scene/background
imprinted_skin,person/body
improvised_bondage,sex/gear
improvised_buttplug,sex/gear
improvised_clothing,clothing/other
improvised_dildo,sex/gear
improvised_sex_toy,sex/act
improvised_umbrella,object/tool
improvised_vase,object/tool
improvised_vibrator,sex/gear
improvised_weapon,object/weapon
in_bag,clothing/accessory
in_bottle,object/food
in_bowl,object/food
in_box,object/tool
in_bread,object/food
in_bucket,object/tool
in_cage,object/tool
in_cleavage,person/body
in_cup,object/food
in_doorway,scene/outdoor
in_ear_earphones,person/body
in_food,object/food
in_glass,object/food
in_hand,person/body
in_hat,clothing/head
in_net,object/tool
in_nose,person/body
in_one_ear_and_out_the_other,person/body
in_poke_ball,object/toy
in_pool,scene/outdoor
in_pouch,clothing/accessory
in_sheath,object/weapon
in_sheath_cage,object/weapon
in_snow_globe,scene/sky
in_space,scene/sky
in_swim_ring,clothing/accessory
in_the_face,person/body
in_trash_can,object/food
in_tree,scene/nature
in_utero_penetration,sex/act
in_water,scene/nature
ina's_back_(meme),person/body
inaba_tewi_(cosplay),style/medium
inazuma_(kancolle)_(cosplay),style/medium
inazuma_city,scene/outdoor
incest,sex/act
incest_marriage,sex/act
incest_play,sex/act
incoming_drink,object/food
incoming_food,object/food
incoming_hug,expression/action
incoming_letter,object/tool
inconspicuous_sex_toy,sex/act
inconvenient_ass,person/body
inconvenient_breasts,person/body
index_(identity)_(project_moon),scene/sky
index_(toaru_majutsu_no_index)_(cosplay),style/medium
index_finger_raised,person/body
index_fingers_raised,person/body
index_fingers_together,person/body
index_ring,clothing/accessory
indian_clothes,clothing/other
indian_flag,object/tool
indian_style,style/medium
indiana_jones_(cosplay),style/medium
indigo_academy_school_uniform,clothing/whole
indigo_hair,person/hair
indonesian_clothes,clothing/other
indonesian_elementary_school_uniform,clothing/whole
indonesian_flag,object/tool
indonesian_high_school_uniform,clothing/whole
indonesian_text,style/quality
indoor_nudity,sex/act
indoor_pool,scene/outdoor
indoor_sex,sex/act
industrial_background,scene/background
industrial_piercing_ladder,scene/outdoor
industrial_pipe,object/tool
ineffective_clothing,clothing/other
ines_fujin_(umamusume)_(cosplay),style/medium
infested_breasts,person/body
infinite_anal_beads,sex/body
infinite_cum,sex/act
infinite_precum,sex/body
infinite_stratos_academy_school_uniform,clothing/whole
infinity_gauntlet,clothing/accessory
inflatable_bondage,sex/gear
inflatable_buttplug,sex/gear
inflatable_chair,object/other
inflatable_collar,clothing/accessory
inflatable_dildo,sex/gear
inflatable_pool,scene/outdoor
inflatable_sex_toy,sex/act
inflatable_toy,object/toy
inflated_belly,person/body
inflated_breasts,person/body
inflating_balloon,object/toy
information_box,object/tool
inframammary_scar,person/body
ingo_(pokemon)_(cosplay),style/medium
inhibitor_ring,clothing/accessory
ink_bottle,object/food
ink_brush,object/tool
ink_on_breast,person/body
ink_on_clothes,clothing/other
ink_on_face,person/body
ink_wash_painting,style/medium
inkling_(cosplay),style/medium
inkling_player_character_(cosplay),style/medium
inmates_clothing,clothing/other
inminent_sex,sex/act
inn,scene/indoor
inner_ear_fluff,person/body
inner_mouth,person/body
inner_sideboob,person/body
inner_thigh,person/body
innertube_with_ears,person/body
innie_anus,sex/body
innie_pussy,sex/body
innie_vulva,sex/body
innocent_expression,expression/face
innocent_smile,expression/face
inoue_takina_(cosplay),style/medium
insane_eyes,person/eyes
insect_cage,object/tool
insect_girl,person/count
insect_hair_ornament,clothing/head
insect_legs,person/body
insect_on_finger,person/body
insect_on_head,person/body
insertion_clothing,clothing/other
inset_border,camera/framing
inside_anus,sex/body
inside_balls,object/toy
inside_box,object/tool
inside_clothing,clothing/other
inside_mouth,person/body
inside_penis,sex/body
inside_sex_toy,sex/act
inside_stomach,person/body
inside_tent,scene/indoor
inside_trash_can,object/food
instagram_logo,style/quality
instant_cup_noodles,object/food
instant_noodles,object/food
instant_orgasm,sex/act
instant_pack_noodles,object/food
instant_rice,object/food
instruction_on_sign,object/tool
instruction_on_wall,scene/outdoor
instrument_case_on_back,person/body
instrument_hair_ornament,clothing/head
instrument_insertion,sex/act
instrument_on_back,person/body
insulated_delivery_bag,clothing/accessory
integrity_knight_armor,clothing/accessory
intense_face,person/body
intense_orgasm,sex/act
intercrural_sex,sex/act
interior_background,scene/background
interlocked_fingers,person/body
interlocked_toes,person/body
internal_anal,sex/body
internal_fellatio,sex/act
internal_glow_(penetration),sex/act
internal_oral,sex/act
internal_penis,sex/body
internal_screaming,expression/face
internal_sheath,object/weapon
internal_wall,scene/outdoor
international_space_station,scene/outdoor
internet_cafe,scene/indoor
interrogation_room,scene/indoor
interrupted_orgasm,sex/act
interrupted_sex,sex/act
intersex/female,person/count
intersex/male,person/count
intersex_focus,camera/framing
intersex_human,person/count
intersex_humanoid,person/count
intersex_on_human,person/count
intersex_on_humanoid,person/count
intersex_penetrating_female,person/count
intersex_penetrating_human,person/count
intersex_penetrating_humanoid,person/count
intersex_penetrating_male,person/count
intersex_pov,camera/angle
interspecies_incest,sex/act
intertwined_hair,person/hair
intestinal_penetration,sex/act
intestine_clothing,clothing/other
intestine_hair,person/hair
inteyvat_flower_(genshin_impact),scene/nature
intraspecies_bestiality,sex/act
intravaginal_futanari,sex/body
intravaginal_penis,sex/body
intravenous_bag,clothing/accessory
inubashiri_momiji_(cosplay),style/medium
inugami_ke_no_ichizoku_pose,expression/pose
inugami_korone_(cosplay),style/medium
inverted_cross_ear_piercing,person/body
inverted_cross_earrings,clothing/accessory
inverted_cross_necklace,clothing/accessory
inverted_eyelashes,person/eyes
inverted_eyes,person/eyes
inverted_moon_of_the_heavens,scene/sky
inverted_spear_of_heaven_(jujutsu_kaisen),object/weapon
inverted_umbrella,object/tool
invincible_candy,object/food
invisible_chair,object/other
invisible_girl,person/count
invisible_penis,sex/body
invisible_sex,sex/act
invisible_shoes,clothing/footwear
invisible_table,object/other
invisible_wall,scene/outdoor
inviting_to_anal,sex/body
inviting_to_bed,object/other
inviting_to_oral,sex/act
inviting_to_sex,sex/act
involuntary_orgasm,sex/act
involuntary_penetration,sex/act
inward_flipped_hair,person/hair
inward_tail_speech_bubble,style/quality
iono_(pokemon)_(cosplay),style/medium
iori_(blue_archive)_(cosplay),style/medium
iowa_(kancolle)_(cosplay),style/medium
iridescent_clothes,clothing/other
iridescent_eyes,person/eyes
iridescent_hair,person/hair
iris,person/eyes
iris_(flower),person/eyes
iris_print,person/eyes
irish_flag,object/tool
irisviel_von_einzbern_(cosplay),style/medium
irken_clothing,clothing/other
irken_teeth,person/body
irken_uniform,clothing/whole
iroha_(samurai_spirits)_(cosplay),style/medium
iron_bars,scene/indoor
iron_collar,clothing/accessory
iron_fence,scene/outdoor
iron_hands_(warhammer),person/body
iron_man_(cosplay),style/medium
ironic_fake_ears,person/body
ironmouse_outfit_art_contest,clothing/whole
irregular_border,camera/framing
irregular_speech_bubble,style/quality
isaac_clarke_(cosplay),style/medium
isayama_hajime_(style),style/medium
ishikawa_goemon_xiii_(cosplay),style/medium
ishikawa_ken_(style),style/medium
ishikei_(style),style/medium
ishowspeed_trying_not_to_laugh_(meme),expression/face
ishtar_(fate)_(cosplay),style/medium
isis_(terrorist_group),person/count
iskandar_(fate)_(cosplay),style/medium
island,scene/nature
island_kahuna,scene/nature
island_turtle,scene/nature
israeli_flag,object/tool
it's_j.j._style!,style/medium
itagaki_keisuke_(style),style/medium
italian_flag,object/tool
italian_flag_bikini,clothing/whole
italian_flag_print,object/tool
italian_kingdom_flag,object/tool
itan_private_high_school_uniform,clothing/whole
itch.io_logo,style/quality
item_box,object/tool
item_focus,camera/framing
itou_ikuko_(style),style/medium
itou_junji_(style),style/medium
itsukushima_shrine,scene/indoor
itunes_card,object/tool
iv_bag,clothing/accessory
ivy_(plant),scene/nature
iwatobi_high_school_uniform,clothing/whole
izayoi_arisa_(cosplay),style/medium
izayoi_sakuya_(cosplay),style/medium
izumi_konata_(cosplay),style/medium
izumi_sagiri_(cosplay),style/medium
j.k._(style),style/medium
j_rock,scene/nature
jack_(fish),object/food
jack_(playing_card),expression/action
jack_in_the_box,object/tool
jack_o'_lantern,object/tool
jack_o'_lantern_brooch,clothing/accessory
jack_o'_lantern_cutout,object/tool
jack_o'_lantern_earrings,clothing/accessory
jack_o'_lantern_hair_ornament,clothing/head
jack_o'_lantern_hat,clothing/head
jack_o'_lantern_hat_ornament,clothing/head
jack_o'_lantern_head,person/body
jack_o'_lantern_ornament,object/tool
jack_o'_lantern_print,object/tool
jack_o'_pose,expression/pose
jack_o'_valentine_(cosplay),style/medium
jack_of_clubs_(playing_card),expression/action
jack_the_ripper_(fate/apocrypha)_(cosplay),style/medium
jackal_boy,person/count
jackal_ears,person/body
jackal_girl,person/count
jackalope_girl,person/count
jacket,clothing/top
jacket_around_neck,clothing/top
jacket_around_waist,clothing/top
jacket_grab,clothing/top
jacket_lift,clothing/top
jacket_off_shoulders,clothing/top
jacket_on_arm,clothing/top
jacket_on_shoulders,clothing/top
jacket_only,clothing/top
jacket_over_head,clothing/top
jacket_over_hoodie,clothing/top
jacket_over_jacket,clothing/top
jacket_over_shoulder,clothing/top
jacket_over_swimsuit,clothing/whole
jacket_partially_removed,clothing/top
jacket_pull,clothing/top
jacket_tug,clothing/top
jacket_vest,clothing/top
jackets,clothing/top
jade_bracelet,clothing/accessory
jagged_mouth,person/body
jagged_sword,object/weapon
jagged_teeth,person/body
jaguar_boy,person/count
jaguar_ears,person/body
jaguar_girl,person/count
jail_bars,scene/indoor
jakuzure_nonon_(cosplay),style/medium
jamaican_flag,object/tool
james_(pokemon)_(cosplay),style/medium
jane_doe_(zenless_zone_zero)_(cosplay),style/medium
japan_cup,object/food
japanese_armor,clothing/accessory
japanese_castle,scene/indoor
japanese_clothes,clothing/other
japanese_clothing,clothing/other
japanese_flag,object/tool
japanese_flag_print,object/tool
japanese_food,object/food
japanese_national_soccer_team_uniform,clothing/whole
japanese_school_uniform,clothing/whole
japanese_tankery_league_judge_uniform,clothing/whole
japanese_white_eye,person/eyes
japari_bun,person/hair
japari_coin,object/tool
jasmine_(disney)_(cosplay),style/medium
jasmine_(flower),scene/nature
jason_voorhees_(cosplay),style/medium
javelin_(spear),object/weapon
jaw,person/body
jaw_drop,person/body
jaw_horn,person/body
jaw_spikes,person/body
jaws,person/body
jean_(genshin_impact)_(cosplay),style/medium
jeanne_d'arc_(ruler)_(fate)_(cosplay),style/medium
jeanne_d'arc_(swimsuit_archer)_(fate)_(cosplay),style/medium
jeanne_d'arc_alter_(avenger)_(fate)_(cosplay),style/medium
jeanne_d'arc_alter_(swimsuit_berserker)_(fate)_(cosplay),style/medium
jeanne_d'arc_alter_(ver._shinjuku_1999)_(fate)_(cosplay),style/medium
jeanne_d'arc_alter_santa_lily_(fate)_(cosplay),style/medium
jeans,clothing/bottom
jeans_down,clothing/bottom
jeans_shorts,clothing/bottom
jedi_tunic,clothing/top
jeffrey_mangiat_(style),style/medium
jelly_(food),object/food
jelly_drink,object/food
jellyfish_earrings,clothing/accessory
jellyfish_girl,person/count
jellyfish_hair_ornament,clothing/head
jenny_(pokemon)_(cosplay),style/medium
jeogori_(clothes),clothing/other
jerry_can,object/food
jersey_maid,clothing/whole
jervis_(kancolle)_(cosplay),style/medium
jessica_rabbit_(cosplay),style/medium
jessie_(pokemon)_(cosplay),style/medium
jester_cap,clothing/head
jester_costume,clothing/whole
jester_girl,person/count
jester_outfit,clothing/whole
jet_boots,clothing/footwear
jewel_butt_plug,sex/gear
jewel_buttplug,sex/gear
jewel_collar,clothing/accessory
jewel_under_eye,person/eyes
jeweled_branch_of_hourai,scene/nature
jeweled_crown,clothing/head
jeweled_hat,clothing/head
jewelry,clothing/accessory
jewelry_box,clothing/accessory
jewelry_only,clothing/accessory
ji_(weapon),object/weapon
jian_(weapon),object/weapon
jiangshi_costume,clothing/whole
jigen_daisuke_(cosplay),style/medium
jigoku_no_misawa_(style),style/medium
jika_tabi,clothing/legwear
jikkyou_powerful_pro_yakyuu_(style),style/medium
jill_stingray_(cosplay),style/medium
jill_valentine_(cosplay),style/medium
jin_(headwear),clothing/head
jin_kisaragi_(cosplay),style/medium
jinbei_(clothes),clothing/other
jinbei_(clothing),clothing/other
jindai_high_school_uniform,clothing/whole
jingle_bell_collar,clothing/accessory
jingle_bell_earrings,clothing/accessory
jingle_bell_wristband,clothing/accessory
jinki_style_restrained,style/medium
jockstrap_on_face,person/body
jogging_pants,clothing/bottom
johnston_(kancolle)_(cosplay),style/medium
joint_in_hand,person/body
jojo_pose,expression/pose
joker_(dc)_(cosplay),style/medium
joker_(playing_card),expression/action
jolteon_(cosplay),style/medium
jonathan_joestar's_pose,expression/pose
jonathan_joestar's_pose_(jojo),expression/pose
jonathan_joestar_(cosplay),style/medium
joseph_joestar_(young)_(cosplay),style/medium
jotaro's_hat,clothing/head
jougasaki_mika_(cosplay),style/medium
jouin_high_school_uniform,clothing/whole
journey_in_the_auspicious_snow_(girls'_frontline),person/count
joy_(pokemon)_(cosplay),style/medium
joycon_controller,object/toy
joystick,object/toy
judy_hopps_(cosplay),style/medium
jug_(bottle),object/food
juice,object/food
juice_(beverage),object/food
juice_box,object/food
juice_carton,object/food
jujutsu_tech_uniform,clothing/whole
juliana_(pokemon)_(cosplay),style/medium
juliet_capulet_(cosplay),style/medium
juliet_starling_(cosplay),style/medium
jump_rope,object/tool
jumping,expression/action
jumpsuit,clothing/whole
jumpsuit_around_waist,clothing/whole
jumpsuit_pull,clothing/whole
jungle,scene/nature
jungle_background,scene/nature
jungle_girl,person/count
jungle_gym,scene/indoor
jungle_style,style/medium
junk_food,object/food
junko_(touhou)_(cosplay),style/medium
junko_day,scene/sky
jupiter_(planet),scene/sky
jupiter_cannon_(girls'_frontline),person/count
just_deserts,scene/nature
just_shoes,clothing/footwear
justice_task_force_member_(blue_archive)_(cosplay),style/medium
justina_follower_(blue_archive)_(cosplay),style/medium
juuban_elementary_school_uniform,clothing/whole
juuban_high_school_uniform,clothing/whole
juuban_middle_school_uniform,clothing/whole
k_corp._(identity)_(project_moon),scene/sky
kaban_(kemono_friends)_(cosplay),style/medium
kaburagi_t._kotetsu_(cosplay),style/medium
kaburagi_t_kotetsu_(cosplay),style/medium
kabuto_(helmet),clothing/head
kaenbyou_rin_(cosplay),style/medium
kafka_(honkai:_star_rail)_(cosplay),style/medium
kafra_uniform,clothing/whole
kafuu_chino's_school_uniform,clothing/whole
kafuu_chino_(cosplay),style/medium
kaga_(azur_lane)_(cosplay),style/medium
kaga_(kancolle)_(cosplay),style/medium
kaga_cape,clothing/top
kagamine_len_(cosplay),style/medium
kagamine_rin_(cosplay),style/medium
kagerou_(kancolle)_(cosplay),style/medium
kageura_squad's_uniform,clothing/whole
kagiyama_hina_(cosplay),style/medium
kagome_(pattern),scene/background
kagura_(gintama)_(cosplay),style/medium
kagurabachi_pose_(meme),expression/pose
kaguya_day,scene/sky
kaguya_luna_(cosplay),style/medium
kaine_(nier)_(cosplay),style/medium
kaito_(cosplay),style/medium
kaito_(vocaloid)_(cosplay),style/medium
kaitou_kid_(cosplay),style/medium
kaitou_shinshi_no_harahara!?_white_day_(project_sekai),scene/sky
kakizaki_squad's_uniform,clothing/whole
kaku_seiga_(cosplay),style/medium
kakyoin_noriaki's_pose,expression/pose
kakyoin_noriaki's_pose_(jojo),expression/pose
kalashnikov_rifle,object/weapon
kaleido_ruby_(cosplay),style/medium
kalina_(girls'_frontline)_(cosplay),style/medium
kalina_ann_(weapon),object/weapon
kama_(fate)_(cosplay),style/medium
kama_(weapon),object/weapon
kamado_nezuko_(cosplay),style/medium
kamado_tanjirou_(cosplay),style/medium
kamakura_(city),scene/outdoor
kamehameha_(dragon_ball),object/toy
kami_high_school_uniform,clothing/whole
kamiha_magica_idol_costume,clothing/whole
kamihama_future_academy_school_uniform,clothing/whole
kamihama_university_affiliated_school_uniform,clothing/whole
kamikaze_(kancolle)_(cosplay),style/medium
kamina_(cosplay),style/medium
kamina_(ttgl)_(cosplay),style/medium
kamina_pose,expression/pose
kamisato_ayaka_(cosplay),style/medium
kamisato_ayaka_(springbloom_missive)_(cosplay),style/medium
kamishirasawa_keine_(cosplay),style/medium
kamiyama_high_school_uniform_(hyouka),clothing/whole
kamiyama_high_school_uniform_(project_sekai),clothing/whole
kamogawa_girls'_high_school_uniform,clothing/whole
kamoi_(kancolle)_(cosplay),style/medium
kamome_gakuen_school_uniform,clothing/whole
kamura_(armor),clothing/accessory
kamura_(palico_armor),clothing/accessory
kamura_armor,clothing/accessory
kana_(bunny_garden)_(cosplay),style/medium
kaname_madoka_(cosplay),style/medium
kanazawa_(city),scene/outdoor
kanazawa_station,scene/outdoor
kanba_girls_high_school_uniform,clothing/whole
kandi_(jewelry),clothing/accessory
kaneda_shoutarou_(akira)_(cosplay),style/medium
kangaroo_ears,person/body
kangaroo_girl,person/count
kanji_focus,camera/framing
kanji_hair_ornament,clothing/head
kanji_tattoo,person/body
kanmuri_(headwear),clothing/head
kanna_(blue_archive)_(cosplay),style/medium
kanna_kamui_(cosplay),style/medium
kanoko_(pattern),scene/background
kanon_school_uniform,clothing/whole
kanroji_mitsuri_(cosplay),style/medium
kantoku_(style),style/medium
kanzaki_ranko_(cosplay),style/medium
kanzashi,clothing/head
kara_no_kyoukai/the_garden_of_order,scene/outdoor
karakura_high_school_uniform,clothing/whole
karakusa_(pattern),scene/background
karaoke_box,object/tool
karasuno_volleyball_uniform,clothing/whole
karate_belt,clothing/accessory
karate_outfit,clothing/whole
karin_(blue_archive)_(cosplay),style/medium
kariyushi_shirt,clothing/top
karukozaka_high_school_uniform,clothing/whole
karuta_(card_game),object/tool
karyl_(princess_connect!)_(cosplay),style/medium
kasamatsu_tracen_school_uniform,clothing/whole
kasamatsu_tracen_training_uniform,clothing/whole
kasane_teto_(cosplay),style/medium
kashima_(kancolle)_(cosplay),style/medium
kashima_high_school_uniform,clothing/whole
kashiwa_mochi_(food),object/food
kasugano_sakura_(cosplay),style/medium
kasugayama_high_school_uniform,clothing/whole
kasumi_(doa)_(cosplay),style/medium
kasumi_(kancolle)_(cosplay),style/medium
kasumin_box,object/tool
katagiri_senior_high_school_uniform,clothing/whole
katana,object/weapon
katano_sukune's_bottle_opener,object/food
katori_(kancolle)_(cosplay),style/medium
katori_squad's_uniform,clothing/whole
katsu_(food),object/food
katsudon_(food),object/food
katsuragi_misato_(cosplay),style/medium
katsushika_hokusai_(fate)_(cosplay),style/medium
kawakami_academy_school_uniform,clothing/whole
kawamura_toshie_(style),style/medium
kawashiro_nitori_(cosplay),style/medium
kay_(girls_und_panzer)_(cosplay),style/medium
kazakh_clothes,clothing/other
kazama_iroha_(cosplay),style/medium
kazama_squad's_uniform,clothing/whole
kazamatsuri_institute_high_school_uniform,clothing/whole
kazami_uniform,clothing/whole
kazami_yuuka_(cosplay),style/medium
kazekoshi_school_uniform,clothing/whole
kazimierz_logo,style/quality
kazunoko_(food),object/food
kazusa_(blue_archive)_(cosplay),style/medium
ke_ta_(style),style/medium
keaton_mask,clothing/head
kei_(dirty_pair)_(cosplay),style/medium
kei_(keigarou)_(style),style/medium
keikenchi_(style),style/medium
keisanchuu_new_costume,clothing/whole
keishin_academy_school_uniform,clothing/whole
keizoku_military_uniform,clothing/whole
keizoku_school_uniform,clothing/whole
kendo_mask,clothing/head
keqing_(genshin_impact)_(cosplay),style/medium
kero_(cardcaptor_sakura)_(cosplay),style/medium
kerosene_lamp,object/tool
kessoku_band_logo,style/quality
kessoku_band_t_shirt,clothing/top
ketchup_bottle,object/food
key,object/tool
key_choker,clothing/accessory
key_coffee_(meme),object/food
key_disposal,object/tool
key_earrings,clothing/accessory
key_frame,object/tool
key_hair_ornament,clothing/head
key_in_head,person/body
key_necklace,clothing/accessory
key_of_like!,object/tool
key_stone_(pokemon),scene/nature
keyboard,object/tool
keyboard_(computer),object/tool
keyboard_(instrument),object/tool
keyboard_instrument,object/tool
keyhole_bra,clothing/top
keyhole_clothing,clothing/other
keysmash_text,style/quality
khaki_pants,clothing/bottom
khaki_shorts,clothing/bottom
khezu_(armor),clothing/accessory
kiana_kaslana_(cosplay),style/medium
kibina_high_school_uniform,clothing/whole
kibito_high_school_uniform,clothing/whole
kicking,expression/action
kicking_another,expression/action
kicking_balls,expression/action
kicking_legs,expression/action
kid_taped_to_wall_(meme),person/count
kiddie_pool,scene/outdoor
kihel_heim_(cosplay),style/medium
kijiyama_north_high_school,scene/indoor
kiki_(majo_no_takkyuubin)_(cosplay),style/medium
kikka_academy_school_uniform,clothing/whole
kikyo_private_academy_school_uniform,clothing/whole
kill_la_kill_final_episode_scissor_blade_relay_(meme),object/weapon
killer_queen's_pose_(jojo),expression/pose
kimberly_magic_academy_school_uniform,clothing/whole
kimetsu_gakuen_school_uniform,clothing/whole
kimisaki_school_uniform,clothing/whole
kimoi_girls_(meme),person/count
kimono,clothing/whole
kimono_down,clothing/whole
kimono_dress,clothing/whole
kimono_lift,clothing/whole
kimono_on_shoulders,clothing/whole
kimono_only,clothing/whole
kimono_partially_removed,clothing/whole
kimono_pull,clothing/whole
kimono_skirt,clothing/whole
kimono_tug,clothing/whole
kin_iro_mosaic_middle_school_uniform,clothing/whole
kinchaku_(food),object/food
kindergarten_bag,clothing/accessory
kindergarten_uniform,clothing/whole
king_(chess),object/toy
king_(playing_card),expression/action
king_of_hearts_(playing_card),expression/action
kingdom_key,object/tool
kingdom_of_kazimierz_logo,style/quality
kingdom_of_victoria_logo,style/quality
kinky_hair,person/hair
kino_makoto's_school_uniform,clothing/whole
kinomoto_sakura_(cosplay),style/medium
kira!_mankai_smile_(idolmaster),expression/face
kirakira_patisserie_uniform,clothing/whole
kirameki_high_school_uniform,clothing/whole
kirare_idol_uniform,clothing/whole
kirarigaoka_middle_school_uniform,clothing/whole
kirby_(cosplay),style/medium
kirby_burger,object/food
kirigaoka_girls'_academy_school_uniform,clothing/whole
kirigiri_kyoko_(cosplay),style/medium
kirijou_mitsuru_(cosplay),style/medium
kirima_syaro_(cosplay),style/medium
kirin_(armor),clothing/accessory
kirin_armor,clothing/accessory
kirin_r_yato_(arknights)_(cosplay),style/medium
kirisame_marisa_(cosplay),style/medium
kirishima_(kancolle)_(cosplay),style/medium
kirishima_uniform,clothing/whole
kiritanpo_(food),object/food
kirito_(cosplay),style/medium
kiritsusei_juuji_academy_school_uniform,clothing/whole
kiritsusei_juuji_academy_uniform,clothing/whole
kiryu_coco_(cosplay),style/medium
kiryu_kazuma_(cosplay),style/medium
kiryuuin_satsuki_(cosplay),style/medium
kisaki_(blue_archive)_(cosplay),style/medium
kisaragi_station,scene/outdoor
kishimen_hair,person/hair
kishimoto_masashi_(style),style/medium
kishin_sagume_(cosplay),style/medium
kiso_(kancolle)_(cosplay),style/medium
kiss_day,scene/sky
kiss_from_behind,camera/angle
kiss_mark_on_anus,sex/body
kiss_mark_on_balls,object/toy
kiss_mark_on_belly,person/body
kiss_mark_on_breast,person/body
kiss_mark_on_butt,person/body
kiss_mark_on_chest,person/body
kiss_mark_on_face,person/body
kiss_mark_on_foot,person/body
kiss_mark_on_leg,person/body
kiss_mark_on_penis,sex/body
kiss_my_ass,person/body
kiss_on_forehead,person/body
kiss_on_lips,person/body
kissing,expression/action
kissing_animal,expression/action
kissing_ass,expression/action
kissing_back,expression/action
kissing_balls,expression/action
kissing_belly,expression/action
kissing_booth,expression/action
kissing_bough,expression/action
kissing_breast,expression/action
kissing_bulge,expression/action
kissing_butt,expression/action
kissing_cheek,expression/action
kissing_during_sex,sex/act
kissing_ear,expression/action
kissing_eye,expression/action
kissing_feet,expression/action
kissing_foot,expression/action
kissing_forehead,expression/action
kissing_hair,expression/action
kissing_hand,expression/action
kissing_head,expression/action
kissing_leg,expression/action
kissing_neck,expression/action
kissing_nose,expression/action
kissing_object,expression/action
kissing_pectoral,expression/action
kissing_penis,sex/body
kissing_penis_tip,sex/body
kissing_pov,camera/angle
kissing_shoulder,expression/action
kissing_skull,expression/action
kissing_sound_effect,expression/action
kissing_stomach,expression/action
kissing_tail_mouth,expression/action
kissing_thigh,expression/action
kissing_while_cumming,expression/action
kissing_while_handjob,sex/act
kissing_while_penetrated,expression/action
kissing_while_penetrating,expression/action
kissing_with_both_sets_of_lips,expression/action
kissuisou_uniform,clothing/whole
kissy_face,person/body
kisume_(cosplay),style/medium
kita_high_school_uniform,clothing/whole
kita_ikuyo_(cosplay),style/medium
kitagawa_marin_(cosplay),style/medium
kitakami_(kancolle)_(cosplay),style/medium
kitami_hokuryo_high_school_uniform,clothing/whole
kitasan_black_(umamusume)_(cosplay),style/medium
kitauji_high_school_uniform,clothing/whole
kitchen,scene/indoor
kitchen_appliance,scene/indoor
kitchen_cabinet,scene/indoor
kitchen_counter,scene/indoor
kitchen_hood,clothing/head
kitchen_knife,scene/indoor
kitchen_range,scene/indoor
kitchen_scale,scene/indoor
kitchen_sink,scene/indoor
kitchen_spatula,scene/indoor
kitchen_stove,scene/indoor
kitchen_table,scene/indoor
kitchen_utensils,scene/indoor
kite,object/toy
kite_balloon,object/toy
kite_flying,expression/action
kite_shield,object/weapon
kite_string,object/toy
kitsune_mask,clothing/head
kitten_heels,clothing/footwear
kiwi_(fruit),object/food
kiwi_hair_ornament,clothing/head
kiyosumi_school_uniform,clothing/whole
kizuna_ai_(cosplay),style/medium
kjerag_logo,style/quality
klee_(genshin_impact)_(cosplay),style/medium
knee_armor,clothing/accessory
knee_blush,expression/face
knee_boobs,person/body
knee_boots,clothing/footwear
knee_brace,person/body
knee_cutout,person/body
knee_grab,person/body
knee_guards,person/body
knee_highs,person/body
knee_markings,person/body
knee_pads,person/body
knee_pit,person/body
knee_pulled_up,person/body
knee_socks,clothing/legwear
knee_spikes,person/body
knee_strap,person/body
knee_strike,person/body
knee_to_chest,person/body
knee_to_face,person/body
knee_tuft,person/body
knee_up,person/body
kneehighs,clothing/legwear
kneehighs_pull,clothing/legwear
kneeling,expression/pose
kneeling_and_blow_position,expression/pose
kneeling_bodyguard_position,expression/pose
kneeling_in_water,expression/pose
kneeling_on_bed,expression/pose
kneeling_on_chair,expression/pose
kneeling_on_ground,expression/pose
kneeling_on_liquid,expression/pose
kneeling_on_sofa,expression/pose
kneeling_on_table,expression/pose
kneeling_oral_position,sex/act
kneeling_over_dildo,sex/gear
kneeling_position,expression/pose
kneeling_sex,sex/act
kneepit_sex,sex/act
knees,person/body
knees_apart_feet_together,person/body
knees_bent,person/body
knees_out_of_frame,person/body
knees_out_of_water,person/body
knees_pulled_up,person/body
knees_to_chest,person/body
knees_together_feet_apart,person/body
knees_up,person/body
knife,object/weapon
knife_behind_back,person/body
knife_belt,clothing/accessory
knife_hair_ornament,clothing/head
knife_in_hair,person/hair
knife_in_head,person/body
knife_in_mouth,person/body
knife_play,object/weapon
knife_sheath,object/weapon
knife_to_throat,object/weapon
knight_(chess),object/toy
knight_armor,clothing/accessory
knight_helmet,clothing/head
knightmare_frame,object/other
knights_of_blood_uniform_(sao),clothing/whole
knights_of_the_round_uniform,clothing/whole
knit_hat,clothing/head
knit_scarf,clothing/accessory
knit_sweater,clothing/top
knives_between_fingers,person/body
knocking_on_door,scene/outdoor
knot_in_ass,person/body
knot_in_mouth,person/body
knot_in_sheath,object/weapon
knot_sitting,expression/pose
knotted_condom,sex/gear
knotted_dildo,sex/gear
knotted_equine_dildo,sex/gear
knotted_equine_penis,sex/body
knotted_feline_penis,sex/body
knotted_humanoid_penis,sex/body
knotted_penis,sex/body
knotted_rope,object/tool
knotted_tapering_penis,sex/body
knotted_tentacle,sex/gear
knuckle_hair,person/hair
ko_fi_logo,style/quality
ko_omote_mask,clothing/head
koakuma_(cosplay),style/medium
koala_ears,person/body
koala_forest_military_uniform,clothing/whole
koala_girl,person/count
koban_(coin),object/tool
kobeni's_car_(chainsaw_man),person/count
kobeya_uniform,clothing/whole
kochiya_sanae_(cosplay),style/medium
kochou_shinobu_(cosplay),style/medium
kogasa_day,scene/sky
koge_donbo_(style),style/medium
koharu_(blue_archive)_(cosplay),style/medium
koi_(koisan)_(style),style/medium
koi_koi_cafe_(ensemble_stars!),scene/indoor
koishi_day,scene/sky
kojitsunagi_(pattern),scene/background
kokatsu_academy_school_uniform,clothing/whole
kokiri_sword,object/weapon
kokkoro_(princess_connect!)_(cosplay),style/medium
komaeda_nagito_(cosplay),style/medium
komainu_boy,person/count
komainu_ears,person/body
komainu_girl,person/count
komaru_(himouto!_umaru_chan)_(cosplay),style/medium
komatsuzaki_rui_(style),style/medium
komeiji_family_(touhou),person/count
komeiji_koishi_(cosplay),style/medium
komeiji_satori_(cosplay),style/medium
kongou_(kancolle)_(cosplay),style/medium
kongou_pose,expression/pose
konjiki_no_yami_(cosplay),style/medium
konnyaku_(food),object/food
konohagakure_anbu_uniform,clothing/whole
konohagakure_shinobi_uniform,clothing/whole
konpaku_youmu_(cosplay),style/medium
korean_clothes,clothing/other
korean_clothing,clothing/other
korean_fire_noodles,object/food
korean_people's_army,person/count
korean_traditional_hat,clothing/head
kosaka_honoka_(cosplay),style/medium
kosei_high_school_uniform,clothing/whole
kosho_academy_school_uniform,clothing/whole
kotobuki_tsumugi_(cosplay),style/medium
kotomine_kirei_(cosplay),style/medium
kourindou_tengu_costume,clothing/whole
kouryou_academy_school_uniform,clothing/whole
kousaka_kirino's_school_uniform,clothing/whole
kouyouen_academy_school_uniform,clothing/whole
koyanskaya_(fate)_(cosplay),style/medium
kozaki_yuusuke_(style),style/medium
kris_(weapon),object/weapon
kris_hair_ornament,clothing/head
kriss_vector,style/medium
kubo_tite_(style),style/medium
kuho_girls_academy_school_uniform,clothing/whole
kujikawa_rise_(cosplay),style/medium
kujo_jolyne_(cosplay),style/medium
kujo_jotaro's_pose,expression/pose
kujo_jotaro's_pose_(jojo),expression/pose
kujo_jotaro_(cosplay),style/medium
kujou_karen_(cosplay),style/medium
kumano_(kancolle)_(cosplay),style/medium
kumeta_kouji_(style),style/medium
kumoi_ichirin_(cosplay),style/medium
kunugigaoka_middle_school_uniform,clothing/whole
kuoh_academy_school_uniform,clothing/whole
kuradoberi_jam_(cosplay),style/medium
kuraigana_island,scene/nature
kure_(city),scene/outdoor
kurikinton_(food),object/food
kurobara_girls_high_school_uniform,clothing/whole
kurodani_yamame_(cosplay),style/medium
kuroe_shizuku_(cosplay),style/medium
kurokw_(style),style/medium
kuromi_(cosplay),style/medium
kuromorimine_military_uniform,clothing/whole
kuromorimine_school_uniform,clothing/whole
kuroobi_(armor),clothing/accessory
kurosawa_dia_(cosplay),style/medium
kuruma_squad's_uniform,clothing/whole
kurumada_masami_(style),style/medium
kurumi_gaoka_high_school_uniform,clothing/whole
kusanagi_kyou_(cosplay),style/medium
kusanagi_motoko_(cosplay),style/medium
kuujou_joutarou_(cosplay),style/medium
kwon_eun_bi_(cosplay),style/medium
kyojiri_loli,person/count
kyoudaidon_(sex),sex/act
kyouwa_school_uniform,clothing/whole
kyubey_(cosplay),style/medium
l'avenir_academy_school_uniform,clothing/whole
l'ecole_des_cinq_lumieres_school_uniform,clothing/whole
l_hand,person/body
la+_darknesss_(cosplay),style/medium
la_manchaland_(identity)_(project_moon),scene/sky
lab_coat,clothing/top
lab_coat_only,clothing/top
labia_ring,clothing/accessory
labia_rings,clothing/accessory
lace_background,scene/background
lace_bikini,clothing/whole
lace_border,camera/framing
lace_bow,clothing/head
lace_bra,clothing/top
lace_bridal_gauntlets,clothing/accessory
lace_choker,clothing/accessory
lace_collar,clothing/accessory
lace_dress,clothing/whole
lace_garter_belt,clothing/legwear
lace_gloves,clothing/accessory
lace_hairband,clothing/head
lace_legwear,clothing/legwear
lace_pantyhose,clothing/legwear
lace_pantyhose_hooked_on_heel_(meme),clothing/legwear
lace_ribbon,clothing/head
lace_shirt,clothing/top
lace_skirt,clothing/bottom
lace_socks,clothing/legwear
lace_stockings,clothing/legwear
lace_thigh_highs,person/body
lace_thighhighs,clothing/legwear
lace_trimmed_apron,clothing/whole
lace_trimmed_bikini,clothing/whole
lace_trimmed_blindfold,clothing/head
lace_trimmed_boots,clothing/footwear
lace_trimmed_bow,clothing/head
lace_trimmed_bowtie,clothing/accessory
lace_trimmed_bra,clothing/top
lace_trimmed_camisole,clothing/top
lace_trimmed_choker,clothing/accessory
lace_trimmed_collar,clothing/accessory
lace_trimmed_dress,clothing/whole
lace_trimmed_eyepatch,clothing/accessory
lace_trimmed_garter_belt,clothing/legwear
lace_trimmed_gloves,clothing/accessory
lace_trimmed_hair_ornament,clothing/head
lace_trimmed_hairband,clothing/head
lace_trimmed_hat,clothing/head
lace_trimmed_headwear,clothing/head
lace_trimmed_jacket,clothing/top
lace_trimmed_kimono,clothing/whole
lace_trimmed_leotard,clothing/whole
lace_trimmed_nightgown,clothing/whole
lace_trimmed_ribbon,clothing/head
lace_trimmed_sailor_collar,clothing/accessory
lace_trimmed_shirt,clothing/top
lace_trimmed_shirt_collar,clothing/top
lace_trimmed_shorts,clothing/bottom
lace_trimmed_skirt,clothing/bottom
lace_trimmed_socks,clothing/legwear
lace_trimmed_swimsuit,clothing/whole
lace_trimmed_tank_top,clothing/top
lace_trimmed_thighhighs,clothing/legwear
lace_trimmed_umbrella,object/tool
lace_trimmed_veil,clothing/head
lace_trimmed_wrist_cuffs,person/body
lace_up_boots,clothing/footwear
lace_up_gloves,clothing/accessory
lace_up_heels,clothing/footwear
lace_up_legwear,clothing/legwear
lace_up_thighhighs,clothing/legwear
lace_veil,clothing/head
laced_boots,clothing/footwear
laced_clothing,clothing/other
laces,clothing/other
lactating_cum,sex/act
lactating_during_sex,sex/act
lactating_in_cup,object/food
lactating_juice,object/food
lactating_through_clothing,clothing/other
lactation,sex/act
lactation_denial,sex/act
lactation_through_clothes,clothing/other
lacus_clyne_(cosplay),style/medium
ladder,scene/outdoor
ladder_cutout,scene/outdoor
ladder_piercing,scene/outdoor
lady_maria_of_the_astral_clocktower_(cosplay),style/medium
lady_yu_doll,object/toy
ladydevimon_(cosplay),style/medium
lagombi_(armor),clothing/accessory
lagomorph_penis,sex/body
lagomorph_vulva,sex/body
laid_back,person/body
lake,scene/nature
lake_guardians,scene/nature
lala_satalin_deviluke_(cosplay),style/medium
lamellar_armor,clothing/accessory
lamia_boy,person/count
laminar_armor,clothing/accessory
lamp,object/tool
lamp_(e.g.o),object/tool
lamp_shade,object/tool
lana_(pokemon)_(cosplay),style/medium
lance,object/weapon
lance_of_cassius,object/weapon
lance_of_longinus_(evangelion),object/weapon
lance_of_ruin,object/weapon
landline_phone,object/tool
landscape_background,scene/background
lantern,object/tool
lantern_(e.g.o),object/tool
lantern_earrings,clothing/accessory
lantern_festival,object/tool
lantern_on_liquid,object/tool
lap_pillow,object/other
lap_pillow_invitation,object/other
lap_pov,camera/angle
lap_sex,sex/act
lapel_chain,object/tool
laptop,object/tool
lapwing_face_tracking_redraws,person/body
large_arm,person/body
large_belt,clothing/accessory
large_bow,clothing/head
large_breasts,person/body
large_earrings,clothing/accessory
large_ears,person/body
large_female,person/count
large_forehead,person/body
large_glasses,clothing/accessory
large_group,person/count
large_hands,person/body
large_hat,clothing/head
large_head_wings,person/body
large_insertion,sex/act
large_male,person/count
large_nose,person/body
large_penetration,sex/act
large_penis,sex/body
large_ribbon,clothing/head
large_shoes,clothing/footwear
large_syringe,object/tool
large_teddy_bear,object/toy
large_teeth,person/body
large_tongue,person/body
large_weapon,object/weapon
larger_female,person/count
larger_gynomorph/small_male,person/count
larger_human,person/count
larger_humanoid,person/count
larger_male,person/count
larger_nude,sex/act
larger_rape,sex/act
lariat_(necklace),clothing/accessory
larkspur_(flower),scene/nature
laser_cannon,object/weapon
laser_eyes,person/eyes
laser_gun,object/weapon
laser_hallway,scene/indoor
laser_rifle,object/weapon
laser_sword,object/weapon
laser_weapon,object/weapon
lass_(pokemon)_(cosplay),style/medium
last_defense_academy_school_uniform,clothing/whole
late_for_school,scene/indoor
latex,clothing/other
latex_arm_warmers,clothing/other
latex_armwear,clothing/other
latex_bandeau,clothing/other
latex_bikini,clothing/whole
latex_body,clothing/other
latex_bodysuit,clothing/whole
latex_boots,clothing/footwear
latex_bottomwear,clothing/other
latex_bra,clothing/top
latex_bridal_gauntlets,clothing/accessory
latex_choker,clothing/accessory
latex_clothing,clothing/other
latex_collar,clothing/accessory
latex_corset,clothing/other
latex_crop_top,clothing/top
latex_cum,clothing/other
latex_detached_sleeves,clothing/other
latex_diaper,clothing/other
latex_dress,clothing/whole
latex_footwear,clothing/footwear
latex_gloves,clothing/accessory
latex_handware,clothing/other
latex_handwear,clothing/other
latex_harness,clothing/other
latex_headwear,clothing/head
latex_hiphighs,clothing/other
latex_hood,clothing/head
latex_jacket,clothing/top
latex_leg_warmers,clothing/other
latex_leggings,clothing/bottom
latex_legwear,clothing/legwear
latex_leotard,clothing/whole
latex_lingerie,clothing/other
latex_mask,clothing/head
latex_panties,clothing/other
latex_pants,clothing/bottom
latex_shirt,clothing/top
latex_shorts,clothing/bottom
latex_shrug,clothing/other
latex_shrug_(clothing),clothing/other
latex_skin,clothing/other
latex_skinsuit,clothing/other
latex_skirt,clothing/bottom
latex_sleeves,clothing/other
latex_socks,clothing/legwear
latex_stockings,clothing/legwear
latex_straitjacket,clothing/other
latex_suit,clothing/whole
latex_tail_stocking,clothing/other
latex_tentacles,clothing/other
latex_thigh_boots,clothing/footwear
latex_thigh_highs,clothing/other
latex_thighhigh_boots,clothing/footwear
latex_thighhighs,clothing/legwear
latex_thong,clothing/other
latex_top,clothing/other
latex_topwear,clothing/other
latex_transformation,clothing/other
latex_underwear,clothing/other
latex_uniform,clothing/whole
latina_girl,person/count
lats_(muscle),person/body
laugh,expression/face
laughing_girls_(meme),person/count
laughing_man_(gits),person/count
laundry_room,scene/indoor
laurel_crown,clothing/head
lauren_faust_(style),style/medium
lava_cum,sex/act
lava_lamp,object/tool
lava_pool,scene/outdoor
lava_skin,person/body
lavender_(flower),scene/nature
lavender_bra,clothing/top
lavender_legwear,clothing/legwear
lawn_chair,object/other
layer_cake,object/food
layered_armor,clothing/accessory
layered_bikini,clothing/whole
layered_clothes,clothing/other
layered_clothing,clothing/other
layered_dress,clothing/whole
layered_gloves,clothing/accessory
layered_kimono,clothing/whole
layered_legwear,clothing/legwear
layered_nightgown,clothing/whole
layered_shirt,clothing/top
layered_shorts,clothing/bottom
layered_skirt,clothing/bottom
layered_swimsuit,clothing/whole
laying_on_grass,scene/nature
laying_on_pillow,object/other
laying_on_planet,scene/sky
laying_on_table,object/other
lazy_eye,person/eyes
lcb_uniform_(project_moon),clothing/whole
lccb_(identity)_(project_moon),scene/sky
lce_(identity)_(project_moon),scene/sky
le_malin_(azur_lane)_(cosplay),style/medium
le_mans_prototype,person/count
lead_pipe,object/tool
leaf,scene/nature
leaf_(anatomy),scene/nature
leaf_(pokemon)_(cosplay),style/medium
leaf_arms,person/body
leaf_background,scene/nature
leaf_bikini,clothing/whole
leaf_bra,clothing/top
leaf_bracelet,clothing/accessory
leaf_censor,scene/nature
leaf_clothing,clothing/other
leaf_crown,clothing/head
leaf_dress,clothing/whole
leaf_earrings,clothing/accessory
leaf_ears,person/body
leaf_fan,scene/nature
leaf_flute,scene/nature
leaf_hair,person/hair
leaf_hair_ornament,clothing/head
leaf_hat,clothing/head
leaf_hat_ornament,clothing/head
leaf_in_hair,person/hair
leaf_in_mouth,person/body
leaf_leotard,clothing/whole
leaf_necklace,clothing/accessory
leaf_nose,person/body
leaf_on_head,person/body
leaf_on_liquid,scene/nature
leaf_panties,scene/nature
leaf_pasties,scene/nature
leaf_pattern,scene/nature
leaf_pile,scene/nature
leaf_print,scene/nature
leaf_print_clothing,clothing/other
leaf_print_shirt,clothing/top
leaf_print_topwear,scene/nature
leaf_shirt,clothing/top
leaf_skirt,clothing/bottom
leaf_stone,scene/nature
leaf_tail,scene/nature
leaf_tattoo,person/body
leaf_umbrella,scene/nature
leaf_wings,scene/nature
leafa_(sao)_(cosplay),style/medium
leafeon_(cosplay),style/medium
league_card,object/tool
league_club_uniform,clothing/whole
leaking_anus,sex/body
leaking_breasts,person/body
leaking_cum,sex/act
leaking_juice,object/food
leaking_milk,object/food
leaking_penis,sex/body
leaking_precum,sex/body
leaking_pussy,sex/body
leaking_pussy_juice,sex/body
leaking_through_clothing,clothing/other
leaking_vagina,sex/body
lean_muscle,person/body
leaned_back,person/body
leaning_against_tree,scene/nature
leaning_against_wall,scene/outdoor
leaning_back,person/body
leaning_hips,person/body
leaning_on_arm,person/body
leaning_on_ball,object/toy
leaning_on_bed,object/other
leaning_on_desk,object/other
leaning_on_doorway,scene/outdoor
leaning_on_elbow,person/body
leaning_on_elbows,person/body
leaning_on_fence,scene/outdoor
leaning_on_hand,person/body
leaning_on_person,person/count
leaning_on_rock,scene/nature
leaning_on_table,object/other
leaning_on_tree,scene/nature
leaning_on_wall,scene/outdoor
leaning_on_weapon,object/weapon
leash,sex/gear
leash_belt,clothing/accessory
leash_between_breasts,sex/gear
leash_in_mouth,sex/gear
leash_in_own_mouth,sex/gear
leash_on_penis,sex/body
leash_pull,sex/gear
leash_towards_viewer,sex/gear
leashed_collar,clothing/accessory
leashed_female,person/count
leashed_male,person/count
leashed_pov,camera/angle
leashed_to_penis,sex/body
leashing_pov,camera/angle
leather_(palico_armor),clothing/accessory
leather_apron,clothing/whole
leather_armor,clothing/accessory
leather_bag,clothing/accessory
leather_belt,clothing/accessory
leather_bikini,clothing/whole
leather_boots,clothing/footwear
leather_bra,clothing/top
leather_bracelet,clothing/accessory
leather_chair,object/other
leather_choker,clothing/accessory
leather_clothing,clothing/other
leather_coat,clothing/top
leather_collar,clothing/accessory
leather_dress,clothing/whole
leather_footwear,clothing/footwear
leather_gloves,clothing/accessory
leather_hat,clothing/head
leather_headwear,clothing/head
leather_helmet,clothing/head
leather_jacket,clothing/top
leather_legwear,clothing/legwear
leather_leotard,clothing/whole
leather_pants,clothing/bottom
leather_shirt,clothing/top
leather_shorts,clothing/bottom
leather_skirt,clothing/bottom
leather_stockings,clothing/legwear
leather_suit,clothing/whole
leather_thigh_highs,person/body
leather_vest,clothing/top
leather_wrist_straps,person/body
leaves,scene/nature
leaves_blowing,scene/nature
leaves_in_hair,person/hair
leaves_on_arms,person/body
leaves_on_body,scene/nature
leaves_on_ground,scene/nature
leech_girl,person/count
left_hand_drive,person/body
left_to_right_manga,style/medium
leg_accessory,person/body
leg_armor,clothing/accessory
leg_around_head,person/body
leg_around_partner,person/body
leg_around_pole,person/body
leg_back,person/body
leg_behind_head,person/body
leg_behind_shoulder,person/body
leg_belt,clothing/accessory
leg_between_thighs,person/body
leg_blade,person/body
leg_blush,expression/face
leg_bow,clothing/head
leg_brace,person/body
leg_bracelet,clothing/accessory
leg_braces,person/body
leg_cast,person/body
leg_cropped_sex,camera/shot
leg_cuff,person/body
leg_cuffs,person/body
leg_cutout,person/body
leg_fins,person/body
leg_fluff,person/body
leg_focus,camera/framing
leg_frill,person/body
leg_fur,person/body
leg_gallow,person/body
leg_garter,clothing/legwear
leg_glider_position,person/body
leg_grab,person/body
leg_hair,person/hair
leg_harness,person/body
leg_hold,person/body
leg_holster,person/body
leg_hook,person/body
leg_hug,expression/action
leg_humping,person/body
leg_in_air,person/body
leg_in_water,person/body
leg_jewelry,clothing/accessory
leg_lick,person/body
leg_lift,person/body
leg_lock,person/body
leg_markings,person/body
leg_muscles,person/body
leg_on_another's_leg,person/body
leg_on_another's_shoulder,person/body
leg_on_furniture,person/body
leg_on_shoulder,person/body
leg_on_table,person/body
leg_on_thigh,person/body
leg_only,person/body
leg_over_edge,person/body
leg_over_knee,person/body
leg_over_shin,person/body
leg_over_shoulder,person/body
leg_over_thigh,person/body
leg_piercing,person/body
leg_pouch,clothing/accessory
leg_press,person/body
leg_pull,person/body
leg_restraint,person/body
leg_ribbon,clothing/head
leg_ring,clothing/accessory
leg_rolls,person/body
leg_scar,person/body
leg_shaking,person/body
leg_spikes,person/body
leg_spots,person/body
leg_spreader,person/body
leg_squeeze,person/body
leg_strap,person/body
leg_stretch,person/body
leg_stripes,person/body
leg_support,person/body
leg_tattoo,person/body
leg_tied,person/body
leg_torture,person/body
leg_tuft,person/body
leg_twitch,person/body
leg_up,person/body
leg_warmers,person/body
leg_warmers_only,person/body
leg_wings,person/body
leg_wound,person/body
leg_wrap,person/body
leg_wraps,person/body
legend_still_vivid_(project_sekai),style/color
legendary_shield_(small_shield)_(tate_no_yuusha_no_nariagari),object/weapon
legendary_shield_(tate_no_yuusha_no_nariagari),object/weapon
leggings,clothing/bottom
leggings_down,clothing/bottom
leggings_only,clothing/bottom
leggings_pull,clothing/bottom
leggings_under_shorts,clothing/bottom
legs,person/body
legs_above_head,person/body
legs_apart,person/body
legs_around_head,person/body
legs_around_partner,person/body
legs_around_waist,person/body
legs_back,person/body
legs_behind_head,person/body
legs_folded,person/body
legs_held_open,person/body
legs_held_up,person/body
legs_in_air,person/body
legs_in_water,person/body
legs_lifted,person/body
legs_on_another's_lap,person/body
legs_on_another's_shoulders,person/body
legs_on_furniture,person/body
legs_on_shoulders,person/body
legs_on_table,person/body
legs_out_of_frame,person/body
legs_out_of_water,person/body
legs_over_edge,person/body
legs_over_head,person/body
legs_over_shoulders,person/body
legs_tied,person/body
legs_together,person/body
legs_up,person/body
legwear,clothing/legwear
legwear_cutout,clothing/legwear
legwear_garter,clothing/legwear
legwear_only,clothing/legwear
legwear_pull,clothing/legwear
lei_lei_(cosplay),style/medium
lelouch_vi_britannia_(cosplay),style/medium
lemon_blossoms,scene/nature
lemon_earrings,clothing/accessory
lemon_hair_ornament,clothing/head
lemon_juice,object/food
lemon_necklace,clothing/accessory
lemur_ears,person/body
lemur_girl,person/count
lemures_(sailor_moon),scene/sky
lens_eye,person/eyes
lensless_glasses,clothing/accessory
leon_(pokemon)_(cosplay),style/medium
leon_s._kennedy_(cosplay),style/medium
leopard_boy,person/count
leopard_ears,person/body
leopard_girl,person/count
leopard_print_bikini,clothing/whole
leopard_print_bra,clothing/top
leotard,clothing/whole
leotard_aside,clothing/whole
leotard_lift,clothing/whole
leotard_over_bodysuit,clothing/whole
leotard_peek,clothing/whole
leotard_peel,clothing/whole
leotard_pull,clothing/whole
leotard_removed,clothing/whole
leotard_sweater,clothing/whole
leotard_tug,clothing/whole
leotard_under_clothes,clothing/whole
leotard_under_clothing,clothing/whole
lesbian_flag,object/tool
lesbians_doing_makeup_(meme),person/eyes
less_than_chest_height,person/body
less_than_lethal_weapon,object/weapon
let's_draw_pretty_girls_challenge,person/count
let's_draw_short_haired_hinanawi_tenshi,person/hair
letter,object/tool
letter_balloon,object/tool
letter_banner,object/tool
letter_block,object/tool
letter_earrings,clothing/accessory
letter_hair_ornament,clothing/head
letter_opener,object/tool
letter_pose,expression/pose
letter_print,object/tool
letter_replacement,object/tool
letterboxed,camera/framing
letterman_jacket,clothing/top
letters,object/tool
letty_whiterock_(cosplay),style/medium
lever_action_rifle,object/weapon
levin_sword,object/weapon
lewis_gun,object/weapon
li_syaoran_(cosplay),style/medium
libeccio_(kancolle)_(cosplay),style/medium
library,scene/indoor
license_plate,object/food
lichtenberg_figure,person/count
lick_lips,person/body
licking_abs,person/body
licking_another's_arm,person/body
licking_another's_face,person/body
licking_another's_finger,person/body
licking_another's_hair,person/hair
licking_another's_hand,person/body
licking_another's_head,person/body
licking_another's_lips,person/body
licking_another's_neck,person/body
licking_another's_pussy_juice,sex/body
licking_arm,person/body
licking_armpit,person/body
licking_back,person/body
licking_between_toes,person/body
licking_blade,object/weapon
licking_boots,clothing/footwear
licking_breast,person/body
licking_candy,object/food
licking_chastity_cage,object/tool
licking_crotch,sex/body
licking_cum,sex/act
licking_cum_from_pussy,sex/act
licking_dildo,sex/gear
licking_ear,person/body
licking_eye,person/eyes
licking_finger,person/body
licking_food,object/food
licking_foot,person/body
licking_glass,object/food
licking_hand,person/body
licking_ice_cream,object/food
licking_knife,object/weapon
licking_leg,person/body
licking_lips,person/body
licking_mouth,person/body
licking_navel,person/body
licking_nose,person/body
licking_own_finger,person/body
licking_own_foot,person/body
licking_own_lips,person/body
licking_penis,sex/body
licking_precum,sex/body
licking_screen,object/tool
licking_sex_toy,sex/act
licking_shoulder,person/body
licking_stomach,person/body
licking_tears,expression/face
licking_teeth,person/body
licking_tentacle,sex/gear
licking_thigh,person/body
licking_tongue,person/body
licking_weapon,object/weapon
licorice_(food),object/food
lidded_eyes,person/eyes
liebe_girls_academy_school_uniform,clothing/whole
life_at_the_hakurei_shrine_(touhou),scene/indoor
life_jacket,clothing/top
life_ring,clothing/accessory
life_size_gardevoir_plush,object/toy
life_vest,clothing/top
lifebuoy_hair_ornament,clothing/head
lifeguard_chair,object/other
lifeguard_swimsuit,clothing/whole
lifted_by_legs,person/body
lifted_by_neck,person/body
lifting_another's_clothes,clothing/other
lifting_balls,object/toy
lifting_belly,person/body
lifting_own_clothes,clothing/other
lifting_person,person/count
light_anus,sex/body
light_areola,sex/body
light_armor,clothing/accessory
light_arms,person/body
light_arrows,object/weapon
light_back,person/body
light_background,scene/background
light_balls,object/toy
light_belly,person/body
light_blue_background,scene/background
light_blue_dress,clothing/whole
light_blue_jacket,clothing/top
light_blush,expression/face
light_bondage,sex/gear
light_border,camera/framing
light_bow_shekinah,clothing/head
light_breasts,person/body
light_brown_background,scene/background
light_brown_jacket,clothing/top
light_brown_shirt,clothing/top
light_brown_skirt,clothing/bottom
light_brown_sweater,clothing/top
light_bulb_above_head,person/body
light_bulb_hair_ornament,clothing/head
light_butt,person/body
light_chest,person/body
light_clothing,clothing/other
light_ears,person/body
light_eyebrows,person/eyes
light_eyelids,person/eyes
light_eyes,person/eyes
light_face,person/body
light_feet,person/body
light_fingers,person/body
light_footwear,clothing/footwear
light_from_below,camera/angle
light_frown,expression/face
light_gloves,clothing/accessory
light_green_background,scene/background
light_gun,object/weapon
light_hair,person/hair
light_hands,person/body
light_head,person/body
light_headwear,clothing/head
light_inner_ear,person/body
light_inner_ear_fluff,person/body
light_legs,person/body
light_legwear,clothing/legwear
light_lips,person/body
light_machine_gun,object/weapon
light_mouth,person/body
light_neck,person/body
light_nose,person/body
light_penis,sex/body
light_pupils,person/eyes
light_pussy,sex/body
light_reflection_(water),scene/nature
light_sheath,object/weapon
light_shirt,clothing/top
light_skin,person/body
light_skinned_female,person/count
light_skinned_male,person/count
light_smile,expression/face
light_socks,clothing/legwear
light_text,style/quality
light_thigh_highs,person/body
light_toes,person/body
light_tongue,person/body
lightened_eyebrows,person/eyes
lightened_inner_ear,person/body
lightened_skin,person/body
lighter_belly,person/body
lighting_cigarette,object/tool
lightning,scene/sky
lightning_ahoge,person/hair
lightning_background,scene/sky
lightning_bolt,scene/sky
lightning_bolt_earrings,clothing/accessory
lightning_bolt_facial_mark,scene/sky
lightning_bolt_hair_ornament,clothing/head
lightning_bolt_marking,scene/sky
lightning_bolt_necklace,clothing/accessory
lightning_bolt_piercing,scene/sky
lightning_bolt_print,scene/sky
lightning_bolt_shaped_pupils,person/eyes
lightning_bolt_symbol,scene/sky
lightning_claw,scene/sky
lightning_crotch_(meme),sex/body
lightning_elemental,scene/sky
lightning_farron_(cosplay),style/medium
lightning_glare,scene/sky
lightning_hair,person/hair
lightning_tail,scene/sky
lightning_whiskers,scene/sky
liliel_(2.5_jigen_no_ririsa)_(cosplay),style/medium
lilith_(darkstalkers)_(cosplay),style/medium
lilith_aensland_(cosplay),style/medium
lillian_girls'_academy_school_uniform,clothing/whole
lillie_(pokemon)_(cosplay),style/medium
lily_(flower),scene/nature
lily_of_the_valley,scene/nature
lily_white_(cosplay),style/medium
limbus_kindergarten_uniform,clothing/whole
lime_(fruit),object/food
lime_eyes,person/eyes
lime_hair_ornament,clothing/head
lime_necklace,clothing/accessory
liminal_space,scene/sky
liminal_spaces,scene/sky
limp_arms,person/body
limp_wrist,person/body
lina_inverse_(cosplay),style/medium
lineart,style/medium
lined_paper,object/tool
link_(cosplay),style/medium
linked_bikini,clothing/whole
linked_collar,clothing/accessory
linked_collars,clothing/accessory
linked_ear_piercing,person/body
linked_speech_bubble,style/quality
linked_thought_bubble,style/quality
lio_fotia_(cosplay),style/medium
lion_boy,person/count
lion_costume,clothing/whole
lion_ears,person/body
lion_girl,person/count
lion_hair,person/hair
lion_hair_ornament,clothing/head
lion_head_(ornament),person/body
lion_hood,clothing/head
lip_ring,clothing/accessory
lip_scar,person/body
lips,person/body
lipstick_mark_on_anus,sex/body
lipstick_mark_on_arm,person/body
lipstick_mark_on_ass,person/body
lipstick_mark_on_breast,person/body
lipstick_mark_on_chest,person/body
lipstick_mark_on_face,person/body
lipstick_mark_on_forehead,person/body
lipstick_mark_on_leg,person/body
lipstick_mark_on_neck,person/body
lipstick_mark_on_penis,sex/body
lipstick_mark_on_pussy,sex/body
lipstick_mark_on_shoulder,person/body
lipstick_mark_on_stomach,person/body
lipstick_mark_tattoo,person/body
lipstick_on_anus,sex/body
lipstick_on_balls,object/toy
lipstick_on_breast,person/body
lipstick_on_butt,person/body
lipstick_on_face,person/body
lipstick_ring,clothing/accessory
lipstick_writing,expression/action
liquid_clothes,clothing/other
liquid_dress,clothing/whole
liquid_from_eyes,person/eyes
liquid_from_mouth,person/body
liquid_hair,person/hair
liquid_in_glass_thermometer,object/food
liquid_latex,clothing/other
liquid_weapon,object/weapon
liquor_bottle,object/food
lisa_(genshin_impact)_(cosplay),style/medium
listening_to_belly,person/body
listening_to_chest,person/body
lit_candle,object/tool
lit_cigarette,object/tool
lithuanian_flag,object/tool
litten_(cosplay),style/medium
litter_box,object/tool
little_busters!_school_uniform,clothing/whole
little_devil_swimsuit_(idolmaster),clothing/whole
little_red_riding_hood_(fairy_tale_character)_(cosplay),style/medium
little_red_riding_hood_(grimm)_(cosplay),style/medium
liu_association_(identity)_(project_moon),scene/sky
liu_association_south_(identity)_(project_moon),scene/sky
liu_association_south_uniform,clothing/whole
live_hood,clothing/head
living_buttplug,sex/gear
living_chair,object/other
living_clothes,clothing/other
living_condom,sex/gear
living_dildo,sex/gear
living_doll_uniform,clothing/whole
living_hair,person/hair
living_insertion,sex/act
living_insertion_play,sex/act
living_penis,sex/body
living_room,scene/indoor
living_room_sex,sex/act
living_sex_toy,sex/act
living_sex_toy_use,sex/act
living_toilet,scene/indoor
liyue_harbor,scene/outdoor
load_bearing_vest,clothing/top
loading_screen,object/tool
loaf_of_bread,object/food
loafers,clothing/footwear
lobelia_(flower),scene/nature
lobotomy_corporation_(identity)_(project_moon),scene/sky
lobotomy_corporation_logo,style/quality
lobster_girl,person/count
localized_pointy_speech_bubble,style/quality
location_sign,object/tool
lock_earrings,clothing/accessory
lock_hair_ornament,clothing/head
lock_necklace,clothing/accessory
locked_arms,person/body
locked_legs,person/body
locker_foot_kabedon_(meme),person/body
locker_room,scene/indoor
locker_room_sex,sex/act
lofter_logo,style/quality
log_pose,expression/pose
logo,style/quality
logo_hair_ornament,style/quality
logo_on_clothing,style/quality
logo_on_shirt,style/quality
logo_on_topwear,style/quality
logo_parody,style/quality
logo_print,style/quality
logo_waistband,style/quality
loli,person/count
loli_harem,person/count
lolita_dress,clothing/whole
lolita_hairband,clothing/head
lollipop_hair_ornament,clothing/head
lollipop_in_mouth,person/body
lon_lon_milk,object/food
lone_nape_hair,person/hair
long_animal_ears,person/body
long_arms,person/body
long_bangs,person/hair
long_belly,person/body
long_belt,clothing/accessory
long_boots,clothing/footwear
long_braid,person/hair
long_breast_curtain,person/body
long_breasts,person/body
long_coat,clothing/top
long_dildo,sex/gear
long_dress,clothing/whole
long_eyebrows,person/eyes
long_eyelashes,person/eyes
long_face,person/body
long_fall_boots,clothing/footwear
long_fall_boots_(portal),clothing/footwear
long_feet,person/body
long_finger,person/body
long_fingernails,person/body
long_fingers,person/body
long_gun,object/weapon
long_hair,person/hair
long_hair_between_eyes,person/hair
long_hoodie,clothing/top
long_inner_ear_fluff,person/body
long_legs,person/body
long_mouth,person/body
long_neck,person/body
long_necktie,clothing/accessory
long_nose,person/body
long_orgasm,sex/act
long_pants,clothing/bottom
long_penis,sex/body
long_pointy_ears,person/body
long_ponytail,person/hair
long_pseudo_hair,person/hair
long_ribbon,clothing/head
long_scarf,clothing/accessory
long_sheath,object/weapon
long_shirt,clothing/top
long_sidelocks,person/hair
long_skirt,clothing/bottom
long_sleeve_shirt,clothing/top
long_sleeved_jacket,clothing/top
long_socks,clothing/legwear
long_spout_teapot,object/food
long_stockings,clothing/legwear
long_sword,object/weapon
long_sword_(sao),object/weapon
long_table,object/other
long_teeth,person/body
long_term_bondage,sex/gear
long_toes,person/body
long_tongue,person/body
long_torso,person/body
long_twintails,person/hair
long_veil,clothing/head
long_vulva,sex/body
longer_spine_fur,person/body
longevity_peach_bun,person/hair
longhorn_lance,object/weapon
longinus_(weapon)_(fate),object/weapon
looking_at_another's_breasts,person/body
looking_at_another's_butt,person/body
looking_at_another's_penis,sex/body
looking_at_anus,sex/body
looking_at_ass,person/body
looking_at_back,person/body
looking_at_balls,object/toy
looking_at_belly,person/body
looking_at_book,object/tool
looking_at_breasts,person/body
looking_at_butt,person/body
looking_at_chest,person/body
looking_at_computer,object/tool
looking_at_crotch,sex/body
looking_at_cup,object/food
looking_at_dildo,sex/gear
looking_at_doll,object/toy
looking_at_flowers,scene/nature
looking_at_food,object/food
looking_at_foot,person/body
looking_at_hand,person/body
looking_at_hands,person/body
looking_at_laptop,object/tool
looking_at_map,object/tool
looking_at_mirror,object/tool
looking_at_monitor,object/tool
looking_at_mouth,person/body
looking_at_own_belly,person/body
looking_at_own_breasts,person/body
looking_at_own_butt,person/body
looking_at_own_hand,person/body
looking_at_own_penis,sex/body
looking_at_own_pussy,sex/body
looking_at_paper,object/tool
looking_at_partner's_penis,sex/body
looking_at_penetration,sex/act
looking_at_penis,sex/body
looking_at_phone,object/tool
looking_at_photo,style/medium
looking_at_pussy,sex/body
looking_at_screen,object/tool
looking_at_sex,sex/act
looking_at_sex_toy,sex/act
looking_at_viewer,camera/framing
looking_at_vulva,sex/body
looking_at_watch,object/tool
looking_back,camera/framing
looking_back_at_another,camera/framing
looking_back_at_partner,camera/framing
looking_back_at_self,camera/framing
looking_back_at_viewer,camera/framing
looking_back_through_legs,camera/framing
looking_down,camera/framing
looking_down_at_another,camera/framing
looking_down_at_belly,camera/framing
looking_down_at_breasts,camera/framing
looking_down_at_butt,camera/framing
looking_down_at_genitalia,camera/framing
looking_down_at_object,camera/framing
looking_down_at_partner,camera/framing
looking_down_at_penis,camera/framing
looking_down_at_self,camera/framing
looking_down_at_stomach,camera/framing
looking_down_at_viewer,camera/framing
looking_for_glasses,clothing/accessory
looking_from_above,camera/angle
looking_into_mouth,person/body
looking_over_glasses,clothing/accessory
looking_over_shoulder,person/body
looking_over_shoulders,person/body
looking_scared,expression/face
looking_surprised,expression/face
looking_through_fence,scene/outdoor
looking_through_fingers,person/body
looking_through_legs_at_viewer,person/body
looking_through_own_legs,person/body
looking_to_the_side,camera/framing
looking_under_clothing,clothing/other
looking_up,camera/framing
looking_up_at_another,camera/framing
looking_up_at_partner,camera/framing
looking_up_at_penis,camera/framing
looking_up_at_viewer,camera/framing
looking_up_skirt,camera/framing
looming_butt,person/body
looming_foot,person/body
looming_penis,sex/body
loose_anus,sex/body
loose_bandages,clothing/accessory
loose_belt,clothing/accessory
loose_bikini,clothing/whole
loose_bowtie,clothing/accessory
loose_clothes,clothing/other
loose_footwear,clothing/footwear
loose_hair,person/hair
loose_hair_strand,person/hair
loose_kimono,clothing/whole
loose_neck_ribbon,clothing/head
loose_neckerchief,clothing/accessory
loose_necktie,clothing/accessory
loose_pants,clothing/bottom
loose_pussy,sex/body
loose_shirt,clothing/top
loose_skirt,clothing/bottom
loose_socks,clothing/legwear
loosely_tucked_bangs,person/hair
loot_box,object/tool
lop_ears,person/body
lop_rabbit_ears,person/body
lopsided_border,camera/framing
lopunny_(cosplay),style/medium
lost_child,person/count
lost_my_keys,object/tool
lostroom_outfit_(fate),clothing/whole
lotion_bottle,object/food
lots_of_jewelry,clothing/accessory
lotus_(flower),scene/nature
lotus_earrings,clothing/accessory
lotus_hair_ornament,clothing/head
lotus_lantern,object/tool
lotus_leaf,scene/nature
lotus_pose,expression/pose
loud_background_music,scene/background
loud_sex,sex/act
louise_francoise_le_blanc_de_la_valliere_(cosplay),style/medium
lounge_chair,object/other
love_ball,object/toy
love_guitar_rod,expression/action
love_high_school_uniform,clothing/whole
love_hotel,scene/indoor
love_letter,object/tool
love_letter_(idolmaster),object/tool
love_live!_victory_flag,object/tool
love_pillow,object/other
loving_sex,sex/act
low_angle,camera/angle
low_angle_view,camera/angle
low_block_heels,clothing/footwear
low_braided_long_hair,person/hair
low_cut_dress,clothing/whole
low_cut_shirt,clothing/top
low_leg_panties,person/body
low_ponytail,person/hair
low_side_ponytail,person/hair
low_tied_hair_ring,clothing/accessory
low_tied_long_hair,person/hair
low_tied_medium_hair,person/hair
low_tied_sidelocks,person/hair
low_twin_braids,person/hair
low_twintails,person/hair
low_wall,scene/outdoor
lower_body,camera/shot
lower_eyelashes_only,person/eyes
lower_teeth_only,person/body
lowered_eyelids,person/eyes
lowered_pants,clothing/bottom
lowleg_bikini,clothing/whole
lowleg_pants,clothing/bottom
lowleg_pantyhose,clothing/legwear
lowleg_shorts,clothing/bottom
lowleg_skirt,clothing/bottom
lube_bottle,object/food
lube_in_ass,person/body
lube_on_anus,sex/body
lube_on_breasts,person/body
lube_on_butt,person/body
lube_on_dildo,sex/gear
lube_on_hand,person/body
lube_on_penis,sex/body
lube_on_sex_toy,sex/act
lubed_anus,sex/body
lubed_sex_toy,sex/act
lucario_(cosplay),style/medium
lucas_(pokemon)_(cosplay),style/medium
luce_(jubilee_2025)_(cosplay),style/medium
lucha_libre_mask,clothing/head
luchador_mask,clothing/head
lucifer_(helltaker)_(cosplay),style/medium
lucina_(fire_emblem)_(cosplay),style/medium
lucky_beast_(kemono_friends)_(cosplay),style/medium
lucy_(cyberpunk)_(cosplay),style/medium
ludvico_private_girls'_academy_school_uniform,clothing/whole
ludwig's_holy_blade,object/weapon
luigi_(cosplay),style/medium
lum_(cosplay),style/medium
lumine_(genshin_impact)_(cosplay),style/medium
lumiose_city,scene/outdoor
luna_(sailor_moon)_(cosplay),style/medium
luna_nova_school_uniform,clothing/whole
lunamaria_hawke_(cosplay),style/medium
lunamoon_(style),style/medium
lunasa_prismriver_(cosplay),style/medium
lunatic_gun,object/weapon
lunchbox,object/food
lungmen_logo,style/quality
lupinus_(flower),scene/nature
lure_ball,object/toy
lust_bar,scene/indoor
lustful_eyes,person/eyes
lutrine_penis,sex/body
luxurious_sea_lord,scene/nature
luxury_ball,object/toy
lycoris_uniform,clothing/whole
lydian_academy_school_uniform,clothing/whole
lydian_academy_swimsuit,clothing/whole
lying,expression/pose
lying_and_blow_position,expression/pose
lying_butler_position,expression/pose
lying_in_water,expression/pose
lying_on_animal,expression/pose
lying_on_another,expression/pose
lying_on_ball,expression/pose
lying_on_balloon,expression/pose
lying_on_bed,expression/pose
lying_on_bench,expression/pose
lying_on_branch,expression/pose
lying_on_breasts,expression/pose
lying_on_car,expression/pose
lying_on_chair,expression/pose
lying_on_desk,expression/pose
lying_on_grass,expression/pose
lying_on_ground,expression/pose
lying_on_lap,expression/pose
lying_on_own_breasts,expression/pose
lying_on_partner,expression/pose
lying_on_penis,sex/body
lying_on_person,expression/pose
lying_on_pillow,expression/pose
lying_on_pool_toy,expression/pose
lying_on_self,expression/pose
lying_on_sofa,expression/pose
lying_on_table,expression/pose
lying_on_tail,expression/pose
lying_on_tongue,expression/pose
lying_on_top,expression/pose
lying_on_water,expression/pose
lying_pov,camera/angle
lying_sex,sex/act
lyn_(fire_emblem)_(cosplay),style/medium
lynette_(genshin_impact)_(cosplay),style/medium
lynette_bishop_(cosplay),style/medium
lyney_(genshin_impact)_(cosplay),style/medium
lyra_(pokemon)_(cosplay),style/medium
m._bison_(cosplay),style/medium
m1918_bar,scene/indoor
m1_bazooka,object/weapon
m1_helmet,clothing/head
m3_submachine_gun,object/weapon
m43_field_cap,clothing/head
m4a1_(girls'_frontline)_(cosplay),style/medium
m60_(machine_gun),object/weapon
m_bison_(cosplay),style/medium
m_legs,person/body
macaron_(food),object/food
macaron_background,scene/background
macaron_hair_ornament,clothing/head
macedonian_flag,object/tool
machine_bondage,sex/gear
machine_gun,object/weapon
machine_sex,sex/act
mackerel_(fish),object/food
macro_breasts,person/body
macro_female,person/count
macro_focus,camera/framing
macro_humanoid,person/count
macro_male,person/count
macro_penis,sex/body
mad_hatter_(alice_in_wonderland)_(cosplay),style/medium
maga_hat,clothing/head
magatama_earrings,clothing/accessory
magatama_hair_ornament,clothing/head
magatama_necklace,clothing/accessory
magazine,object/weapon
magazine_(gun),object/weapon
magazine_(object),object/weapon
magazine_(weapon),object/weapon
magazine_ejection,object/weapon
magazine_page,object/weapon
magazine_pouch,clothing/accessory
magazine_rack,object/weapon
mage_(dq3)_(cosplay),style/medium
mage_hand,person/body
mage_hat,clothing/head
magenta_clothing,clothing/other
magenta_hair,person/hair
magia_baiser_(cosplay),style/medium
magic_arm,person/body
magic_bondage,sex/gear
magic_book,object/tool
magic_bullet_(e.g.o),object/weapon
magic_carpet,object/other
magic_chain,object/tool
magic_circle_background,scene/background
magic_circle_floating_ahead_hand,person/body
magic_clothing,clothing/other
magic_collar,clothing/accessory
magic_dildo,sex/gear
magic_eye,person/eyes
magic_hand,person/body
magic_hands,person/body
magic_hat,clothing/head
magic_lamp,object/tool
magic_pen_(twisted_wonderland),object/tool
magic_penis,sex/body
magic_school_uniform_(mahou_girls_precure!),clothing/whole
magic_stone,scene/nature
magic_sword,object/weapon
magic_tentacle,sex/gear
magic_undressing,clothing/other
magic_weapon,object/weapon
magical_boy,person/count
magical_girl,person/count
magical_girl_outfit,clothing/whole
magical_girl_transformation,person/count
magical_girl_wand,person/count
magical_masturbation,sex/act
magical_tattoo,person/body
magician_hat,clothing/head
magik's_crown,clothing/head
maginot_military_uniform,clothing/whole
maginot_school_uniform,clothing/whole
magitek_armor,clothing/accessory
magnetic_weapon,object/weapon
magnifying_glass,object/food
mahjong_table,object/other
mahjong_tile_hair_ornament,clothing/head
mahora_academy_middle_school_uniform,clothing/whole
maid,clothing/whole
maid_apron,clothing/whole
maid_bikini,clothing/whole
maid_cafe,clothing/whole
maid_cap,clothing/whole
maid_collar,clothing/whole
maid_day,clothing/whole
maid_fairy_tale_(idolmaster),clothing/whole
maid_hat,clothing/whole
maid_headdress,clothing/whole
maid_leotard,clothing/whole
maid_one_piece_swimsuit,clothing/whole
maid_uniform,clothing/whole
maihama_minami_high_school_uniform,clothing/whole
majima_goro_(cosplay),style/medium
majora's_mask_(item),clothing/head
maka_albarn_(cosplay),style/medium
makai_family_(touhou),person/count
makeup,person/eyes
makeup_brush,person/eyes
makeup_palette,person/eyes
makima_(chainsaw_man)_(cosplay),style/medium
makinami_mari_illustrious_(cosplay),style/medium
making_faces,person/body
makise_kurisu_(cosplay),style/medium
makoto_nanaya_(cosplay),style/medium
malay_text,style/quality
malaysian_clothes,clothing/other
malaysian_flag,object/tool
malaysian_secondary_school_uniform,clothing/whole
male/ambiguous,person/count
male/female,person/count
male/female_symbol,person/count
male/male,person/count
male/male_symbol,person/count
male/null,person/count
male_adolescent,person/count
male_and_female_submissive,person/count
male_anthro,person/count
male_ass,person/body
male_birth,person/count
male_breastfeeding,person/count
male_byleth_(fire_emblem)_(cosplay),style/medium
male_chest,person/body
male_death,person/count
male_defloration,person/count
male_dominating_anthro,person/count
male_dominating_female,person/count
male_dominating_gynomorph,person/count
male_dominating_male,person/count
male_face,person/body
male_facesitting_female,person/count
male_facesitting_male,person/count
male_farting,person/count
male_female_symbol,person/count
male_feral,person/count
male_fingered,person/count
male_fingering,person/count
male_fingering_andromorph,person/count
male_fingering_female,person/count
male_fingering_male,person/count
male_fisting_male,person/count
male_focus,camera/framing
male_futanari,sex/body
male_hand,person/body
male_hands,person/body
male_harem,person/count
male_human,person/count
male_humanoid,person/count
male_impregnating_male,person/count
male_impregnation,person/count
male_lactation,sex/act
male_maid,clothing/whole
male_masturbation,sex/act
male_moans,person/count
male_nipple_licking,person/count
male_nipple_tweak,person/count
male_nipples,person/count
male_non_humanoid_machine,person/count
male_on_anthro,person/count
male_on_back,person/body
male_on_bottom,person/count
male_on_feral,person/count
male_on_futa,sex/body
male_on_human,person/count
male_on_humanoid,person/count
male_on_taur,person/count
male_on_top,person/count
male_orgasm,sex/act
male_oviposition,person/count
male_peed_on,person/count
male_peeing,person/count
male_peeing_on_female,person/count
male_peeing_on_male,person/count
male_penetrated,person/count
male_penetrating,person/count
male_penetrating_ambiguous,person/count
male_penetrating_andromorph,person/count
male_penetrating_anthro,person/count
male_penetrating_antnro,person/count
male_penetrating_female,person/count
male_penetrating_feral,person/count
male_penetrating_gynomorph,person/count
male_penetrating_herm,person/count
male_penetrating_human,person/count
male_penetrating_humanoid,person/count
male_penetrating_intersex,person/count
male_penetrating_male,person/count
male_penetrating_maleherm,person/count
male_penetrating_taur,person/count
male_penetration,sex/act
male_playboy_bunny,person/count
male_pooping,person/count
male_pov,camera/angle
male_pred,person/count
male_pregnancy,person/count
male_prey,person/count
male_prostitution,person/count
male_pubic_hair,sex/body
male_rape,sex/act
male_rape_victim,sex/act
male_raped,person/count
male_raping,person/count
male_raping_anthro,person/count
male_raping_female,person/count
male_raping_male,person/count
male_receiving,person/count
male_rimmed,person/count
male_rimming,person/count
male_rimming_female,person/count
male_rimming_gynomorph,person/count
male_rimming_intersex,person/count
male_rimming_male,person/count
male_robin_(fire_emblem)_(cosplay),style/medium
male_school_swimsuit,clothing/whole
male_spitroast,person/count
male_squirting,person/count
male_stripper,person/count
male_swimwear,person/count
male_swimwear_aside,person/count
male_swimwear_pull,person/count
male_swimwear_writing,expression/action
male_symbol,person/count
male_taur,person/count
male_thong,person/count
male_to_female,person/count
male_udder,person/count
male_underwear,person/count
male_underwear_around_leg,person/body
male_underwear_aside,person/count
male_underwear_peek,person/count
male_underwear_pull,person/count
male_underwear_removed,person/count
male_virgin,person/count
male_virginity_loss,person/count
male_wearing_strapon,clothing/other
male_with_breasts,person/body
male_yandere,person/count
maleherm/female,person/count
maleherm/male,person/count
maleherm_penetrating_female,person/count
maleherm_penetrating_male,person/count
mall,scene/indoor
mall_goth,scene/indoor
mall_link_suit,clothing/whole
man_face,person/body
man_levitating_pizza_(meme),person/count
man_machine,person/count
man_portable_air_defense_system,person/count
man_portable_anti_tank_systems,person/count
man_watching_tv_(meme),person/count
manabe_nodoka_(cosplay),style/medium
manchu_clothes,clothing/other
mandalorian_armor,clothing/accessory
mandalorian_helmet,clothing/head
mandarin_collar,clothing/accessory
mandarin_orange,object/food
mandarin_orange_slice,object/food
mandated_nudity,sex/act
mane_hair,person/hair
manga_(object),style/medium
manga_cover,style/medium
manga_illustration,style/medium
manga_page,style/medium
manga_style,style/medium
manga_temple_(font),style/medium
mango_(fruit),object/food
manhattan_cafe_(umamusume)_(cosplay),style/medium
mankanshoku_mako_(cosplay),style/medium
manly_tears,expression/face
manta_ray_girl,person/count
mantis_arms,person/body
mantis_blades_(cyberpunk),object/weapon
mantis_girl,person/count
manual_masturbation,sex/act
manually_operated_mounted_gun,object/weapon
manuscript_paper,object/tool
manya_(cosplay),style/medium
manya_(dq4)_(cosplay),style/medium
mao_suit,clothing/whole
map,object/tool
map_(medium),object/tool
map_(object),object/tool
map_background,scene/background
map_pin,object/tool
map_print,object/tool
maple_leaf,scene/nature
maple_leaf_hair_ornament,clothing/head
maple_leaf_print,scene/nature
maple_tree,scene/nature
marathon_sex,sex/act
marble_(stone),scene/nature
marble_(toy),object/toy
marble_sculpture,style/medium
march_7th_(honkai:_star_rail)_(cosplay),style/medium
march_hare_(alice_in_wonderland)_(cosplay),style/medium
marching_band_uniform,clothing/whole
marcille_donato_(cosplay),style/medium
mare's_leg,person/body
marehoshi_academy_school_uniform,clothing/whole
margherita_pizza,object/food
mari_(blue_archive)_(cosplay),style/medium
maribel_hearn_(cosplay),style/medium
marie_(splatoon)_(cosplay),style/medium
marie_rose_(cosplay),style/medium
marigold_(flower),scene/nature
marijuana_leaf,scene/nature
marilyn_monroe_(cosplay),style/medium
marina_(splatoon)_(cosplay),style/medium
marine_day,scene/sky
marine_uniform_(one_piece),clothing/whole
mario_(cosplay),style/medium
mario_day,scene/sky
mario_hat,clothing/head
marisa_day,scene/sky
mark_under_both_eyes,person/eyes
mark_under_eye,person/eyes
market,scene/indoor
market_stall,scene/indoor
marketplace,scene/outdoor
markings_on_cheeks,person/body
marley_military_uniform,clothing/whole
marlin_(fish),object/food
marmot_ears,person/body
marmot_girl,person/count
marnie_(pokemon)_(cosplay),style/medium
maroon_background,scene/background
maroon_clothing,clothing/other
maroon_eyes,person/eyes
maroon_hair,person/hair
maroon_skirt,clothing/bottom
married_couple,person/count
married_woman,person/count
mars_(planet),scene/sky
mars_symbol_hair_ornament,clothing/head
marsupial_penis,sex/body
marsupial_pussy,sex/body
marsupial_vulva,sex/body
martial_artist_(dq3)_(cosplay),style/medium
martial_arts_belt,clothing/accessory
martial_arts_uniform,clothing/whole
maru_yu_(kancolle)_(cosplay),style/medium
marx_(kirby)_(cosplay),style/medium
mary_janes,clothing/footwear
masanori_sato_(style),style/medium
mascara,person/eyes
mascara_smear,person/eyes
mascara_wand,person/eyes
mascot_costume,clothing/whole
mascot_head,person/body
maser_cannon,object/weapon
mash_kyrielight_(cosplay),style/medium
mash_kyrielight_(dangerous_beast)_(cosplay),style/medium
mash_kyrielight_(enma_tei_uniform)_(cosplay),style/medium
mask,clothing/head
mask_(marking),clothing/head
mask_around_neck,clothing/head
mask_around_one_ear,clothing/head
mask_bikini,clothing/whole
mask_lift,clothing/head
mask_of_truth,clothing/head
mask_off,clothing/head
mask_on_belt,clothing/head
mask_on_breasts,clothing/head
mask_on_hat,clothing/head
mask_on_head,clothing/head
mask_on_shoulder,clothing/head
mask_only,clothing/head
mask_over_one_eye,clothing/head
mask_pull,clothing/head
mask_transformation,clothing/head
mask_with_sex_toy,clothing/head
masked_female,person/count
masked_male,person/count
masquerade_mask,clothing/head
mass_rape,sex/act
massage_chair,object/other
massage_table,object/other
massakasama_(style),style/medium
mastectomy_scar,person/body
master_and_pupil,person/eyes
master_ball,object/toy
master_crown,clothing/head
master_dojo_uniform,clothing/whole
master_sword,object/weapon
masturbating_during_fellatio,sex/act
masturbating_during_sex,sex/act
masturbating_on_bed,sex/act
masturbating_pred,sex/act
masturbating_prey,sex/act
masturbating_to_other,sex/act
masturbating_together,sex/act
masturbating_under_clothing,clothing/other
masturbating_while_penetrated,sex/act
masturbating_while_rimmed,sex/act
masturbating_while_rimming,sex/act
masturbating_while_watching,sex/act
masturbation,sex/act
masturbation_day,sex/act
masturbation_denial,sex/act
masturbation_encouragement,sex/act
masturbation_from_behind,camera/angle
masturbation_inside_body,sex/act
masturbation_inside_stomach,sex/act
masturbation_pov,camera/angle
masturbation_through_clothes,clothing/other
masturbation_through_clothing,clothing/other
masturbation_under_clothes,clothing/other
matara_okina_(cosplay),style/medium
matatabi_(flower),scene/nature
match_grade_pistol,object/weapon
matcha_(food),object/food
matching_clothing,clothing/other
matching_earrings,clothing/accessory
matching_hair/eyes,person/hair
matching_outfits,clothing/whole
matching_ring,clothing/accessory
maternity_dress,clothing/whole
maternity_pantyhose,clothing/legwear
mathilda_lando_(cosplay),style/medium
matikane_tannhauser_(umamusume)_(cosplay),style/medium
mating_(animal),sex/act
mating_bite,sex/act
mating_grip,sex/act
mating_press,sex/act
matoi_ryuuko_(cosplay),style/medium
matou_family_(fate),person/count
matou_sakura_(cosplay),style/medium
matryoshka_doll,object/toy
matryoshka_sex,sex/act
matsumoto_leiji_(style),style/medium
matsuno_karamatsu_(cosplay),style/medium
matt_groening_(style),style/medium
mature_eyes,person/eyes
mature_female,person/count
mature_human,person/count
mature_humanoid,person/count
mature_male,person/count
mauve_background,scene/background
maxim_gun,object/weapon
may_(guilty_gear)_(cosplay),style/medium
may_(pokemon)_(cosplay),style/medium
maya_(kancolle)_(cosplay),style/medium
maya_kai_ni_(kancolle)_(cosplay),style/medium
mayan_clothes,clothing/other
mayonnaise_bottle,object/food
mayqueen_maid_uniform,clothing/whole
maze_town_(love_live!),scene/outdoor
mcpig_(style),style/medium
meadow,scene/nature
meandros_border,camera/framing
measuring_cup,object/food
measuring_penetration_depth,sex/act
measuring_penis,sex/body
meat,object/food
meat_armor,clothing/accessory
meat_day,scene/sky
meat_grinder,object/food
meat_hair,person/hair
meat_hook,object/food
meat_on_bone,object/food
meaty_pussy,sex/body
mech_suit,clothing/whole
mecha_focus,camera/framing
mecha_girl,person/count
mecha_on_girl,person/count
mecha_pilot_suit,clothing/whole
mechanic_outfit,clothing/whole
mechanical_arm,person/body
mechanical_arms,person/body
mechanical_boots,clothing/footwear
mechanical_cyclops_eye,person/eyes
mechanical_dress,clothing/whole
mechanical_ears,person/body
mechanical_eye,person/eyes
mechanical_eyes,person/eyes
mechanical_foot,person/body
mechanical_gloves,clothing/accessory
mechanical_hair,person/hair
mechanical_hands,person/body
mechanical_head,person/body
mechanical_leg,person/body
mechanical_legs,person/body
mechanical_neck,person/body
mechanical_pencil,object/tool
mechanical_penis,sex/body
mechanical_pussy,sex/body
mechanical_skirt,clothing/bottom
mechanical_spine,person/body
mechanical_sword,object/weapon
mechanical_tentacles,sex/gear
medea_(fate)_(cosplay),style/medium
medi_gun,object/weapon
medial_ring,clothing/accessory
medial_ringed_humanoid_penis,sex/body
medial_ringed_hybrid_penis,sex/body
medial_ringed_tapering_penis,sex/body
medical_eyepatch,clothing/accessory
medical_gloves,clothing/accessory
medical_monitor,object/tool
medical_syringe,object/tool
medici_collar,clothing/accessory
medicine,object/tool
medicine_bottle,object/food
medicine_box,object/tool
medieval_armor,clothing/accessory
medieval_clothing,clothing/other
medieval_style,style/medium
medium_breasts,person/body
medium_butt,person/body
medium_dress,clothing/whole
medium_eyebrows,person/eyes
medium_hair,person/hair
medium_length_hair,person/hair
medium_machine_gun,object/weapon
medium_penis,sex/body
medium_sidelocks,person/hair
medium_skirt,clothing/bottom
medjed_(fate)_(cosplay),style/medium
medusa_(lancer)_(fate)_(cosplay),style/medium
medusa_(rider)_(fate)_(cosplay),style/medium
meer_campbell_(cosplay),style/medium
meerkat_boy,person/count
meerkat_ears,person/body
meeting_room,scene/indoor
mega_lopunny_(cosplay),style/medium
mega_man_(character)_(cosplay),style/medium
mega_man_day,person/count
mega_ring,clothing/accessory
mega_stone,scene/nature
mega_stone_collar,clothing/accessory
mega_stone_necklace,clothing/accessory
megawatt_(arms),person/body
megumin_(cosplay),style/medium
megurigaoka_high_school_uniform,clothing/whole
megurine_luka_(cosplay),style/medium
mei_(overwatch)_(cosplay),style/medium
meiji_milk_chocolate,object/food
meiji_schoolgirl_uniform,clothing/whole
meiko_(vocaloid)_(cosplay),style/medium
meister_otome_uniform,clothing/whole
mejiro_dober_(umamusume)_(cosplay),style/medium
mejiro_family_(umamusume),person/count
mejiro_mcqueen_(umamusume)_(cosplay),style/medium
mejiro_palmer_(umamusume)_(cosplay),style/medium
melee_weapon,object/weapon
melee_weapon_(warframe),object/weapon
melon_ball,object/toy
melon_bread,object/food
melon_chan_(cosplay),style/medium
melon_hair_ornament,clothing/head
melting_eyes,person/eyes
melting_ice_cream,object/food
meltryllis_(fate)_(cosplay),style/medium
meltryllis_(swimsuit_lancer)_(fate)_(cosplay),style/medium
meme_face,person/body
meme_pose,expression/pose
meme_shirt,clothing/top
memorial_on_desk,object/other
memory_card,object/tool
men's_toilet_symbol,person/count
mentioned_character,person/count
menu_screen,object/tool
meowscarada_(cosplay),style/medium
meowth_(cosplay),style/medium
mephistopheles_(project_moon),scene/sky
mercury_(planet),scene/sky
mercy_(overwatch)_(cosplay),style/medium
merlin_(fate)_(cosplay),style/medium
mermaid_costume,clothing/whole
mermaid_dress,clothing/whole
meruru_(oreimo)_(cosplay),style/medium
meslamtaea_(weapon),object/weapon
message_box,object/tool
message_in_a_bottle,object/food
messenger_bag,clothing/accessory
messy_bed,object/other
messy_clothing,clothing/other
messy_hair,person/hair
messy_room,scene/indoor
messy_sex,sex/act
mesugaki_pose,expression/pose
metal_arm,person/body
metal_arm_cuffs,person/body
metal_armor,clothing/accessory
metal_ball,object/toy
metal_balls,object/toy
metal_band_text,style/quality
metal_bar,scene/indoor
metal_belt,clothing/accessory
metal_bikini,clothing/whole
metal_bondage,sex/gear
metal_boots,clothing/footwear
metal_bra,clothing/top
metal_bracelet,clothing/accessory
metal_chain,object/tool
metal_chastity_belt,clothing/accessory
metal_chastity_cage,object/tool
metal_collar,clothing/accessory
metal_eyepatch,clothing/accessory
metal_fence,scene/outdoor
metal_gloves,clothing/accessory
metal_hair,person/hair
metal_hair_tubes,person/hair
metal_hairband,clothing/head
metal_hand,person/body
metal_jaw,person/body
metal_legs,person/body
metal_mask,clothing/head
metal_penis,sex/body
metal_pipe,object/tool
metal_plates,object/food
metal_sand,scene/nature
metal_skin,person/body
metal_table,object/other
metal_teeth,person/body
metal_tentacles,sex/gear
metal_tongue,person/body
metal_wall,scene/outdoor
metal_wrist_cuffs,person/body
metallic_hair,person/hair
metallic_tentacles,sex/gear
metamoran_vest,clothing/top
meteor_sweepers_uniform,clothing/whole
metroid_suit,clothing/whole
mew_ichigo_(cosplay),style/medium
mexican_clothes,clothing/other
mexican_dress,clothing/whole
mexican_flag,object/tool
mian_(dream_c_club)_(cosplay),style/medium
miao_clothes,clothing/other
miao_hat,clothing/head
michael_jackson_(cosplay),style/medium
michishio_(kancolle)_(cosplay),style/medium
mickey_mouse_(cosplay),style/medium
mickey_mouse_(symbol),object/tool
mickey_mouse_ears,person/body
micro_bikini,clothing/whole
micro_bra,clothing/top
micro_female,person/count
micro_focus,camera/framing
micro_human,person/count
micro_in_ass,person/body
micro_in_clothes,clothing/other
micro_in_hand,person/body
micro_in_mouth,person/body
micro_legs,person/body
micro_male,person/count
micro_on_foot,person/body
micro_on_penis,sex/body
micro_on_tongue,person/body
micro_pov,camera/angle
micro_shorts,clothing/bottom
micro_sling_bikini,clothing/whole
micro_thighs,person/body
microphone,object/tool
microphone_between_breasts,person/body
microphone_cord,object/tool
microphone_stand,object/tool
microphone_wand,object/tool
microphone_wire,object/tool
midas_money,object/tool
middle_(identity)_(project_moon),scene/sky
middle_finger,person/body
middle_ring,clothing/accessory
midgar_academy_school_uniform,clothing/whole
midoriya_izuku_(cosplay),style/medium
midriff_jacket,clothing/top
midriff_tattoo,person/body
mifune_takashi_(style),style/medium
migrating_breasts,person/body
mihama_junior_high_school_uniform,clothing/whole
mihama_private_academy_school_uniform,clothing/whole
mihono_bourbon_(umamusume)_(cosplay),style/medium
mihoshi_academy_school_uniform,clothing/whole
mihoshi_middle_school_uniform,clothing/whole
mihuashi_logo,style/quality
mika_(blue_archive)_(cosplay),style/medium
mika_pikazo_(style),style/medium
mikagura_private_academy_school_uniform,clothing/whole
mikagura_uniform,clothing/whole
mikan_box,object/tool
mikasa_ackerman_(cosplay),style/medium
miki_sayaka_(cosplay),style/medium
mikimoto_haruhiko_(style),style/medium
miko_outfit,clothing/whole
miku_collar_bikini,clothing/whole
miku_day,scene/sky
miku_holding_a_bikini_(meme),clothing/whole
mikuma_(kancolle)_(cosplay),style/medium
mikumo_squad's_uniform,clothing/whole
mildly_muscular_women_think_they're_gods_(meme),person/body
miles_edgeworth_(cosplay),style/medium
military_cap,clothing/head
military_clothing,clothing/other
military_coat,clothing/top
military_combat_uniform,clothing/whole
military_dress_uniform,clothing/whole
military_hat,clothing/head
military_helmet,clothing/head
military_jacket,clothing/top
military_pants,clothing/bottom
military_uniform,clothing/whole
military_vest,clothing/top
milk,object/food
milk_(love_live!),object/food
milk_bath,object/food
milk_bottle,object/food
milk_bucket,object/food
milk_can,object/food
milk_carton,object/food
milk_churn,object/food
milk_container,object/food
milk_drip,object/food
milk_enema,object/food
milk_gun,object/weapon
milk_inflation,object/food
milk_leaking,object/food
milk_mustache,object/food
milk_on_breasts,person/body
milk_on_face,person/body
milk_on_ground,object/food
milk_pail,object/food
milk_pool,scene/outdoor
milk_puddle,object/food
milk_stream,object/food
milk_tank,object/food
milk_tea,object/food
milking,sex/act
milking_breasts,sex/act
milking_cow,sex/act
milking_cum,sex/act
milking_handjob,sex/act
milking_machine,sex/act
milking_machine_on_male,sex/act
milking_request,sex/act
milking_self,sex/act
milking_table,sex/act
milking_tentacles,sex/act
millennium_cheerleader_outfit_(blue_archive),clothing/whole
millennium_eye,person/eyes
millennium_necklace,clothing/accessory
millennium_ring,clothing/accessory
millennium_science_school_logo,style/quality
millia_rage_(cosplay),style/medium
million_live_card,object/tool
miltank_(cosplay),style/medium
mimikyu_(cosplay),style/medium
mimosa_(flower),scene/nature
minami_kotori_(cosplay),style/medium
minaminagi_liberty_academy_school_uniform,clothing/whole
minamoto_no_raikou_(fate)_(cosplay),style/medium
minato_aqua_(cosplay),style/medium
mind_rape,sex/act
mind_reading,expression/action
mindscape_cinema_(zenless_zone_zero),scene/indoor
mine_(weapon),object/weapon
minecraft_(style),style/medium
minecraft_axe,object/weapon
minecraft_shield,object/weapon
minecraft_sword,object/weapon
minegahara_high_school_uniform,clothing/whole
mini_bowtie,clothing/accessory
mini_chef_hat,clothing/head
mini_crown,clothing/head
mini_flag,object/tool
mini_hat,clothing/head
mini_party_hat,clothing/head
mini_person,person/count
mini_person_on_shoulder,person/body
mini_piano,object/tool
mini_santa_hat,clothing/head
mini_shako_cap,clothing/head
mini_tiara,clothing/head
mini_top_hat,clothing/head
mini_witch_hat,clothing/head
minimal_clothing,clothing/other
mining_helmet,clothing/head
minion_(despicable_me)_(cosplay),style/medium
miniskirt_day,scene/sky
minmatar_logo_(eve_online),style/quality
minna_de_enjoy!_spojoy_park_(project_sekai),scene/outdoor
minnie_mouse_(cosplay),style/medium
minnie_mouse_ears,person/body
minoseki_academy_school_uniform,clothing/whole
minoseki_gakuin_uniform,clothing/whole
minotsuki_academy_school_uniform,clothing/whole
mint_chocolate,object/food
mint_chocolate_chip,object/food
minus_sign,object/tool
mio_(xenoblade)_(cosplay),style/medium
mira_cra_park!,scene/outdoor
miracle_wave,expression/action
mirage_pen,object/tool
mirai_ticket,object/tool
mirakurun_(cosplay),style/medium
mirko_(cosplay),style/medium
mirror,object/tool
mirror_image,object/tool
mirror_opposites,object/tool
mirror_reflection,object/tool
mirror_selfie,person/count
mirror_shield,object/weapon
mirror_twins,person/count
mirrored_text,style/quality
misaka_mikoto_(cosplay),style/medium
misaki_high_school_uniform,clothing/whole
misaki_kurehito_(style),style/medium
misato_west_high_school_uniform,clothing/whole
mischievous_smile,expression/face
mischievous_straight_uniform_(blue_archive),clothing/whole
mismagius_(cosplay),style/medium
mismatched_animal_ear_colors,person/body
mismatched_animal_penis,sex/body
mismatched_animal_vulva,sex/body
mismatched_arm_warmers,person/body
mismatched_armpit_hair,person/hair
mismatched_arms,person/body
mismatched_bikini,clothing/whole
mismatched_ear_covers,person/body
mismatched_earrings,clothing/accessory
mismatched_ears,person/body
mismatched_equine_penis,sex/body
mismatched_eyebrows,person/eyes
mismatched_eyelashes,person/eyes
mismatched_eyes,person/eyes
mismatched_footwear,clothing/footwear
mismatched_gloves,clothing/accessory
mismatched_humanoid_penis,sex/body
mismatched_legwear,clothing/legwear
mismatched_pants,clothing/bottom
mismatched_penis,sex/body
mismatched_pubic_hair,sex/body
mismatched_pupils,person/eyes
mismatched_pussy,sex/body
mismatched_sclera,person/eyes
mismatched_shoes,clothing/footwear
mismatched_socks,clothing/legwear
mismatched_thighhighs,clothing/legwear
mismatched_vulva,sex/body
miso_soup,object/food
misono_gakuen_school_uniform,clothing/whole
misplaced_mouth,person/body
missing_all_arms,person/body
missing_all_legs,person/body
missing_anus,sex/body
missing_arm,person/body
missing_ear,person/body
missing_eye,person/eyes
missing_finger,person/body
missing_hand,person/body
missing_head,person/body
missing_leg,person/body
missing_legwear,clothing/legwear
missing_lower_body,camera/shot
missing_poster,object/tool
missing_teeth,person/body
missionary,sex/act
missionary_position,sex/act
missionary_tribadism,sex/act
mistletoe_bow,clothing/head
mistletoe_hair_ornament,clothing/head
mistletoe_on_penis,sex/body
misty_(pokemon)_(cosplay),style/medium
misty_lake,scene/nature
mitakihara_school_uniform,clothing/whole
mitsukoshi_(department_store),scene/indoor
mitten_hands,person/body
miwa_squad's_uniform,clothing/whole
mixed_cum_impregnation,sex/act
mixed_eye_color,person/eyes
mixed_holding,expression/action
mixed_language_text,style/quality
mixed_maids,clothing/whole
mixed_sandwich_position,object/food
mixed_sex_bathing,sex/act
mixed_sex_combat,sex/act
mixer_(cooking),expression/action
mixing_bowl,object/food
miyafuji_yoshika_(cosplay),style/medium
miyako_yoshika_(cosplay),style/medium
miyamasuzaka_girls'_academy_school_uniform,clothing/whole
miyamori_school_uniform,clothing/whole
miyamoto_musashi_(fate)_(cosplay),style/medium
miyamoto_musashi_(swimsuit_berserker)_(second_ascension)_(fate)_(cosplay),style/medium
miyoushe_watermark,style/quality
miyu_edelfelt_(cosplay),style/medium
miyu_edelfelt_(magical_girl)_(cosplay),style/medium
mizi_(alien_stage)_(cosplay),style/medium
mizuhashi_parsee_(cosplay),style/medium
mizuka_academy_school_uniform,clothing/whole
mizukawa_school_uniform,clothing/whole
mizuki_nana_(cosplay),style/medium
mizuki_yukikaze_(cosplay),style/medium
mizuna_girls'_academy_school_uniform,clothing/whole
mizutsune_(armor),clothing/accessory
mjolnir_necklace,clothing/accessory
mk2_grenade,object/weapon
mma_gloves,clothing/accessory
mob_cap,clothing/head
mob_face,person/body
mobile_armor,clothing/accessory
mobile_bondage,sex/gear
mobile_phone,object/tool
mobile_trace_suit,clothing/whole
mochidoru_(plush),object/toy
mochizuki_kei_(style),style/medium
modakawa_dress,clothing/whole
model_pose,expression/pose
modelling_balloon,object/toy
moderate_pubic_hair,sex/body
modern_drawing_style,style/medium
modular_weapon_system,object/weapon
moegi_high_school_uniform,clothing/whole
mogeko_(mogeko_castle),scene/indoor
mojibake_text,style/quality
molar_boatworks_(identity)_(project_moon),scene/sky
molar_office_(identity)_(project_moon),scene/indoor
mole,person/body
mole_(marking),person/body
mole_above_eye,person/eyes
mole_above_mouth,person/body
mole_beside_mouth,person/body
mole_on_areola,sex/body
mole_on_arm,person/body
mole_on_armpit,person/body
mole_on_ass,person/body
mole_on_back,person/body
mole_on_breast,person/body
mole_on_butt,person/body
mole_on_cheek,person/body
mole_on_chest,person/body
mole_on_collarbone,person/body
mole_on_crotch,sex/body
mole_on_ear,person/body
mole_on_foot,person/body
mole_on_forehead,person/body
mole_on_groin,sex/body
mole_on_hand,person/body
mole_on_leg,person/body
mole_on_neck,person/body
mole_on_nose,person/body
mole_on_pussy,sex/body
mole_on_shoulder,person/body
mole_on_stomach,person/body
mole_on_testicles,person/body
mole_on_thigh,person/body
mole_under_breast,person/body
mole_under_each_eye,person/eyes
mole_under_eye,person/eyes
mole_under_mouth,person/body
moles,person/body
molten_rock,scene/nature
momoi_(blue_archive)_(cosplay),style/medium
momotsuki_gakuen_school_uniform,clothing/whole
momozono_junior_high_school_uniform,clothing/whole
mona_(genshin_impact)_(cosplay),style/medium
mondragon_rifle,object/weapon
mondstadt_city,scene/outdoor
money,object/tool
money_bag,clothing/accessory
money_bath,object/tool
money_between_breasts,person/body
money_fan,object/tool
money_gesture,object/tool
money_in_garter,clothing/legwear
money_in_legwear,clothing/legwear
money_in_mouth,person/body
money_in_thigh_highs,person/body
money_in_thong,object/tool
money_in_underwear,object/tool
money_rain,scene/sky
money_shaped_pupils,person/eyes
money_slap,object/tool
mongolian_clothes,clothing/other
mongolian_clothing,clothing/other
monika_(doki_doki_literature_club)_(cosplay),style/medium
monitor,object/tool
monitors,object/tool
monk_shoes,clothing/footwear
monkey_bars,scene/indoor
monkey_boy,person/count
monkey_costume,clothing/whole
monkey_d._luffy_(cosplay),style/medium
monkey_ears,person/body
monkey_feet,person/body
monkey_girl,person/count
monkey_mask,clothing/head
monobloc_(chair),object/other
monochrome_background,style/color
monochrome_body,style/color
monocle_chain,object/tool
monokuma_(cosplay),style/medium
monomi_(danganronpa)_(cosplay),style/medium
mononobe_no_futo_(cosplay),style/medium
monotone_anus,sex/body
monotone_apron,clothing/whole
monotone_arms,person/body
monotone_back,person/body
monotone_background,scene/background
monotone_balls,object/toy
monotone_belly,person/body
monotone_belt,clothing/accessory
monotone_bikini,clothing/whole
monotone_boots,clothing/footwear
monotone_bra,clothing/top
monotone_breasts,person/body
monotone_butt,person/body
monotone_chest,person/body
monotone_cloak,clothing/top
monotone_clothing,clothing/other
monotone_collar,clothing/accessory
monotone_crop_top,clothing/top
monotone_dress,clothing/whole
monotone_egg,object/food
monotone_elbow_gloves,clothing/accessory
monotone_eyelashes,person/eyes
monotone_eyelids,person/eyes
monotone_face,person/body
monotone_facial_hair,person/hair
monotone_feet,person/body
monotone_fingernails,person/body
monotone_footwear,clothing/footwear
monotone_glasses,clothing/accessory
monotone_gloves,clothing/accessory
monotone_hair,person/hair
monotone_hands,person/body
monotone_hat,clothing/head
monotone_head,person/body
monotone_headphones,object/tool
monotone_headwear,clothing/head
monotone_high_heels,clothing/footwear
monotone_hoodie,clothing/top
monotone_inner_ear,person/body
monotone_inner_pussy,sex/body
monotone_jacket,clothing/top
monotone_legs,person/body
monotone_legwear,clothing/legwear
monotone_leotard,clothing/whole
monotone_mouth,person/body
monotone_neck,person/body
monotone_neckerchief,clothing/accessory
monotone_necktie,clothing/accessory
monotone_pants,clothing/bottom
monotone_penis,sex/body
monotone_pseudo_hair,person/hair
monotone_shirt,clothing/top
monotone_shoes,clothing/footwear
monotone_shorts,clothing/bottom
monotone_skin,person/body
monotone_skirt,clothing/bottom
monotone_socks,clothing/legwear
monotone_stockings,clothing/legwear
monotone_sweater,clothing/top
monotone_t_shirt,clothing/top
monotone_tank_top,clothing/top
monotone_tentacles,sex/gear
monotone_text,style/quality
monotone_thigh_highs,person/body
monotone_thigh_socks,clothing/legwear
monotone_vest,clothing/top
monster_(monster_farm),scene/outdoor
monster_boy,person/count
monster_energy_can,object/food
monster_focus,camera/framing
monster_girl,person/count
monster_girl_(genre),person/count
monster_on_female,person/count
monster_on_human,person/count
monster_on_male,person/count
monster_penis,sex/body
monster_sex,sex/act
mont_blanc_(food),object/food
moogle_(cosplay),style/medium
moomoo_milk,object/food
moon,scene/sky
moon_(marking),scene/sky
moon_(ornament),scene/sky
moon_(symbol),scene/sky
moon_background,scene/sky
moon_ball,scene/sky
moon_behind_head,person/body
moon_collar_tag,clothing/accessory
moon_earrings,clothing/accessory
moon_gate,scene/outdoor
moon_in_daylight,scene/sky
moon_necklace,clothing/accessory
moon_pendant,clothing/accessory
moon_phases,scene/sky
moon_print,scene/sky
moon_reflection,scene/sky
moon_stick,scene/sky
moon_stick_(sailor_moon),scene/sky
moon_symbol,scene/sky
moon_tattoo,person/body
moon_uniform_(houseki_no_kuni),clothing/whole
moon_with_face,person/body
moonflower_(flower),scene/nature
moonlight,scene/sky
moonlight_butterfly_(gundam),scene/sky
moonlight_greatsword,scene/sky
moose_boy,person/count
moose_ears,person/body
moose_girl,person/count
mop_bucket,object/tool
mora_meat_(genshin_impact),object/food
morbidly_obese_female,person/count
morbidly_obese_humanoid,person/count
morbidly_obese_male,person/count
mordred_(fate/apocrypha)_(cosplay),style/medium
mordred_(memories_at_trifas)_(fate)_(cosplay),style/medium
morgan_le_fay_(fate)_(cosplay),style/medium
mori_calliope_(cosplay),style/medium
morichika_rinnosuke_(cosplay),style/medium
morino_hon_(style),style/medium
moriya's_iron_rings,clothing/accessory
moriya_family_(touhou),person/count
moriya_shrine,scene/indoor
moriya_suwako_(cosplay),style/medium
morning_sex,sex/act
morning_star_(weapon),object/weapon
morpeko_(cosplay),style/medium
morph_ball,object/toy
morrigan_aensland_(cosplay),style/medium
mortar_(bowl),object/food
mortar_(weapon),object/weapon
mosaic_background,scene/background
mosaic_pattern,scene/background
mosquito_girl,person/count
mostly_greyscale,style/color
mostly_nude,sex/act
mostly_nude/nude,sex/act
mostly_nude_ambiguous,sex/act
mostly_nude_andromorph,sex/act
mostly_nude_anthro,sex/act
mostly_nude_female,sex/act
mostly_nude_feral,sex/act
mostly_nude_gynomorph,sex/act
mostly_nude_herm,sex/act
mostly_nude_human,sex/act
mostly_nude_humanoid,sex/act
mostly_nude_intersex,sex/act
mostly_nude_male,sex/act
mostly_offscreen_character,person/count
mostly_offscreen_female,person/count
mostly_offscreen_human,person/count
mostly_offscreen_male,person/count
moth_boy,person/count
moth_girl,person/count
moth_hair_ornament,clothing/head
mother_and_baby,person/count
mother_and_child,person/count
motion_arrow,object/weapon
motion_blur,camera/framing
motion_path,scene/outdoor
motivational_poster,object/tool
motoori_kosuzu_(cosplay),style/medium
motor_vehicles_only_sign,object/tool
motorcycle_helmet,clothing/head
motosu_school_uniform,clothing/whole
mottled_anus,sex/body
mottled_balls,object/toy
mottled_nose,person/body
mottled_penis,sex/body
mottled_pussy,sex/body
mottled_skin,person/body
mottled_tongue,person/body
mottled_vulva,sex/body
mountain,scene/nature
mountain_background,scene/nature
mountain_bicycle,scene/nature
mountain_climbing,expression/action
mountain_focus,camera/framing
mountain_range,scene/nature
mountains,scene/nature
mounted_dildo,sex/gear
mounted_sign,object/tool
mouse_(animal),object/tool
mouse_(computer),object/tool
mouse_boy,person/count
mouse_costume,clothing/whole
mouse_cursor,object/tool
mouse_ears,person/body
mouse_girl,person/count
mouse_hair_ornament,clothing/head
mouse_hat,clothing/head
mouse_hole,object/tool
mouse_hood,clothing/head
mouse_mask,clothing/head
mouse_on_hand,person/body
mouse_on_head,person/body
mouse_on_shoulder,person/body
mouse_print,object/tool
mouse_tail,object/tool
mouse_trap,object/tool
mousse_(food),object/food
mouth,person/body
mouth_beam,person/body
mouth_bubble,person/body
mouth_closed,person/body
mouth_drool,person/body
mouth_eye,person/eyes
mouth_fetish,person/body
mouth_focus,camera/framing
mouth_for_vulva,sex/body
mouth_full,person/body
mouth_grab,person/body
mouth_guard,person/body
mouth_hold,person/body
mouth_insertion,sex/act
mouth_mask,clothing/head
mouth_on_penis,sex/body
mouth_out_of_frame,person/body
mouth_piercing,person/body
mouth_play,person/body
mouth_pull,person/body
mouth_pussy,sex/body
mouth_scar,person/body
mouth_shot,camera/shot
mouth_strap,person/body
mouth_stuffed,person/body
mouth_submerged,person/body
mouth_to_ass,person/body
mouth_to_mouth_resuscitation,person/body
mouth_to_pussy,sex/body
mouth_trail,person/body
mouth_under_water,person/body
mouth_veil,clothing/head
mouth_visible_through_hair,person/hair
movie_night,scene/sky
movie_poster,object/tool
movie_poster_(medium),object/tool
movie_poster_(object),object/tool
movie_theater,scene/indoor
muffled_screaming,expression/face
mug,object/food
mug_writing,expression/action
mugen_gakuen_school_uniform,clothing/whole
muji_body_fitting_sofa,object/other
mule_heels,clothing/footwear
multi_anal,sex/body
multi_anus,sex/body
multi_arm,person/body
multi_balls,object/toy
multi_breast,person/body
multi_breast_bikini,clothing/whole
multi_breast_growth,person/body
multi_ear,person/body
multi_eye,person/eyes
multi_face,person/body
multi_frame_sequence,object/other
multi_hair_tones,person/hair
multi_hand,person/body
multi_head,person/body
multi_head_fellatio,sex/act
multi_head_kiss,person/body
multi_jaw,person/body
multi_lane_road,scene/outdoor
multi_leg,person/body
multi_mouth,person/body
multi_penetration,sex/act
multi_penis,sex/body
multi_penis_bulge,sex/body
multi_penis_peeing,sex/body
multi_pupil,person/eyes
multi_pussy,sex/body
multi_sheath,object/weapon
multi_strapped_bikini_bottom,clothing/whole
multi_strapped_bikini_top,clothing/whole
multi_strapped_bra,clothing/top
multi_strapped_dress,clothing/whole
multi_strapped_swimsuit,clothing/whole
multi_teeth,person/body
multi_tentacle,sex/gear
multi_tied_hair,person/hair
multi_tongue,person/body
multi_upper_body,camera/shot
multi_vulva,sex/body
multi_weapon,object/weapon
multicolored_anus,sex/body
multicolored_apron,clothing/whole
multicolored_arm_warmers,person/body
multicolored_armor,clothing/accessory
multicolored_arms,person/body
multicolored_bag,clothing/accessory
multicolored_balls,object/toy
multicolored_baseball_cap,clothing/head
multicolored_belly,person/body
multicolored_belt,clothing/accessory
multicolored_bikini,clothing/whole
multicolored_bikini_top,clothing/whole
multicolored_bodysuit,clothing/whole
multicolored_boots,clothing/footwear
multicolored_border,camera/framing
multicolored_bow,clothing/head
multicolored_bow_tie,clothing/head
multicolored_bowtie,clothing/accessory
multicolored_bra,clothing/top
multicolored_bracelet,clothing/accessory
multicolored_breasts,person/body
multicolored_butt,person/body
multicolored_cape,clothing/top
multicolored_chest,person/body
multicolored_choker,clothing/accessory
multicolored_cloak,clothing/top
multicolored_clothing,clothing/other
multicolored_coat,clothing/top
multicolored_collar,clothing/accessory
multicolored_crop_top,clothing/top
multicolored_dildo,sex/gear
multicolored_dress,clothing/whole
multicolored_ears,person/body
multicolored_egg,object/food
multicolored_elbow_gloves,clothing/accessory
multicolored_eye_patch,person/eyes
multicolored_eyebrows,person/eyes
multicolored_eyes,person/eyes
multicolored_eyeshadow,person/eyes
multicolored_face,person/body
multicolored_facial_hair,person/hair
multicolored_feet,person/body
multicolored_fingerless_gloves,clothing/accessory
multicolored_flower,scene/nature
multicolored_gloves,clothing/accessory
multicolored_hair,person/hair
multicolored_hair_bobbles,person/hair
multicolored_hairband,clothing/head
multicolored_hands,person/body
multicolored_hat,clothing/head
multicolored_head,person/body
multicolored_headband,clothing/head
multicolored_headphones,object/tool
multicolored_helmet,clothing/head
multicolored_hoodie,clothing/top
multicolored_inner_ear,person/body
multicolored_inner_pussy,sex/body
multicolored_jacket,clothing/top
multicolored_jewelry,clothing/accessory
multicolored_kimono,clothing/whole
multicolored_knee_highs,person/body
multicolored_knee_socks,clothing/legwear
multicolored_leg_warmers,person/body
multicolored_leggings,clothing/bottom
multicolored_legs,person/body
multicolored_legwear,clothing/legwear
multicolored_leotard,clothing/whole
multicolored_male_swimwear,person/count
multicolored_male_underwear,person/count
multicolored_mask,clothing/head
multicolored_neck,person/body
multicolored_neckerchief,clothing/accessory
multicolored_necklace,clothing/accessory
multicolored_necktie,clothing/accessory
multicolored_nose,person/body
multicolored_one_piece_swimsuit,clothing/whole
multicolored_pajamas,clothing/whole
multicolored_pants,clothing/bottom
multicolored_pantyhose,clothing/legwear
multicolored_penis,sex/body
multicolored_pseudo_hair,person/hair
multicolored_pubic_hair,sex/body
multicolored_pupils,person/eyes
multicolored_pussy,sex/body
multicolored_ribbon,clothing/head
multicolored_robe,clothing/whole
multicolored_sailor_collar,clothing/accessory
multicolored_sandals,clothing/footwear
multicolored_sash,clothing/accessory
multicolored_scarf,clothing/accessory
multicolored_sclera,person/eyes
multicolored_shirt,clothing/top
multicolored_shoes,clothing/footwear
multicolored_shorts,clothing/bottom
multicolored_skin,person/body
multicolored_skirt,clothing/bottom
multicolored_sky,scene/sky
multicolored_sneakers,clothing/footwear
multicolored_socks,clothing/legwear
multicolored_sports_bra,clothing/top
multicolored_squares_background,scene/background
multicolored_stockings,clothing/legwear
multicolored_suit,clothing/whole
multicolored_sunglasses,clothing/accessory
multicolored_sweater,clothing/top
multicolored_swimming_trunks,expression/action
multicolored_swimsuit,clothing/whole
multicolored_t_shirt,clothing/top
multicolored_tank_top,clothing/top
multicolored_tattoo,person/body
multicolored_tentacles,sex/gear
multicolored_text,style/quality
multicolored_thigh_highs,person/body
multicolored_thigh_socks,clothing/legwear
multicolored_thighhighs,clothing/legwear
multicolored_tiara,clothing/head
multicolored_tongue,person/body
multicolored_umbrella,object/tool
multicolored_vest,clothing/top
multicolored_vulva,sex/body
multicolored_wristband,clothing/accessory
multicrack_office_(identity)_(project_moon),scene/indoor
multilingual_text,style/quality
multiple_anal,sex/body
multiple_anal_orgasms,sex/act
multiple_angles,camera/angle
multiple_animal_ears,person/body
multiple_arm_straps,person/body
multiple_arms,person/body
multiple_balloons,object/toy
multiple_balls,object/toy
multiple_barrel_firearm,object/tool
multiple_barrel_gun,object/weapon
multiple_belts,clothing/accessory
multiple_boys,person/count
multiple_bracelets,clothing/accessory
multiple_braids,person/hair
multiple_breast_smother,person/body
multiple_cock_rings,clothing/accessory
multiple_condoms,sex/gear
multiple_ear_piercings,person/body
multiple_ear_ring,clothing/accessory
multiple_earrings,clothing/accessory
multiple_expressions,expression/face
multiple_eyes,person/eyes
multiple_faces,person/body
multiple_filled_condoms,sex/gear
multiple_futa,sex/body
multiple_futanari,sex/body
multiple_girls,person/count
multiple_hair_bows,clothing/head
multiple_hair_buns,person/hair
multiple_hair_clips,person/hair
multiple_hair_ribbons,clothing/head
multiple_hairpins,clothing/head
multiple_hands,person/body
multiple_hat_bows,clothing/head
multiple_hats,clothing/head
multiple_head_bumps,person/body
multiple_heads,person/body
multiple_insertions,sex/act
multiple_legs,person/body
multiple_moles,person/body
multiple_monitors,object/tool
multiple_monochrome,style/color
multiple_moons,scene/sky
multiple_necklaces,clothing/accessory
multiple_orgasms,sex/act
multiple_outfits,clothing/whole
multiple_penetration,sex/act
multiple_penile_orgasms,sex/act
multiple_penis_fellatio,sex/act
multiple_poses,expression/pose
multiple_pov,camera/angle
multiple_rings,clothing/accessory
multiple_scars,person/body
multiple_screens,object/tool
multiple_seasonal_school_uniforms,clothing/whole
multiple_style_parody,style/medium
multiple_styles,style/medium
multiple_swords,object/weapon
multiple_tattoos,person/body
multiple_thigh_straps,person/body
multiple_tongue_piercings,person/body
multiple_tongues,person/body
multiple_toys,object/toy
multiple_vibrators,sex/gear
multiple_weapons,object/weapon
multiple_wristbands,clothing/accessory
mummification_(bound),sex/gear
mummification_(non_bound),sex/gear
mummy_(cosplay),style/medium
mummy_costume,clothing/whole
murakami_teruaki_(style),style/medium
murakumo_(kancolle)_(cosplay),style/medium
murakumo_kai_ni_(kancolle)_(cosplay),style/medium
murasa_minamitsu_(cosplay),style/medium
murasaki_shion_(cosplay),style/medium
murasame_(kancolle)_(cosplay),style/medium
murmillo_helmet,clothing/head
musashi_(kancolle)_(cosplay),style/medium
muscle_awe,person/body
muscle_buster,person/body
muscle_car,person/body
muscle_cuirass,person/body
muscle_envy,person/body
muscle_growth,person/body
muscle_loss,person/body
muscle_shirt,clothing/top
muscle_size_difference,person/body
muscle_tone,person/body
muscle_worship,person/body
muscular,person/body
muscular/overweight,person/body
muscular_ambiguous,person/body
muscular_and_chubby_female,person/body
muscular_andromorph,person/body
muscular_anthro,person/body
muscular_arm,person/body
muscular_arms,person/body
muscular_back,person/body
muscular_bottom,person/body
muscular_butt,person/body
muscular_calves,person/body
muscular_chest,person/body
muscular_child,person/body
muscular_dom,person/body
muscular_dom_overweight_sub,person/body
muscular_female,person/body
muscular_femboy,person/body
muscular_feral,person/body
muscular_gynomorph,person/body
muscular_herm,person/body
muscular_human,person/body
muscular_humanoid,person/body
muscular_intersex,person/body
muscular_legs,person/body
muscular_male,person/body
muscular_maleherm,person/body
muscular_on_average,person/body
muscular_on_muscular,person/body
muscular_other,person/body
muscular_sub,person/body
muscular_taur,person/body
muscular_thighs,person/body
muscular_top,person/body
muscular_uke,person/body
muscular_woman,person/body
muscular_young,person/body
museum,scene/indoor
mushroom_cap,clothing/head
mushroom_castle_(super_mario_64),scene/indoor
mushroom_costume,clothing/whole
mushroom_earrings,clothing/accessory
mushroom_girl,person/count
mushroom_hair_ornament,clothing/head
mushroom_hat,clothing/head
mushroom_on_head,person/body
music_box,object/tool
musical_instrument,object/tool
musical_keyboard,object/tool
musical_note_background,scene/background
musical_note_brooch,clothing/accessory
musical_note_earrings,clothing/accessory
musical_note_hair_ornament,clothing/head
musical_note_hat_ornament,clothing/head
musical_note_necklace,clothing/accessory
musical_note_shaped_pupils,person/eyes
musical_note_tattoo,person/body
musk_clouds,scene/sky
musky_anus,sex/body
musky_armpit,person/body
musky_armpits,person/body
musky_balls,object/toy
musky_breasts,person/body
musky_butt,person/body
musky_feet,person/body
musky_penis,sex/body
musky_pussy,sex/body
musky_vulva,sex/body
mustang_(guitar),expression/action
mustard_bottle,object/food
mustelid_penis,sex/body
mute_speaker_sign,object/tool
muted_color,style/color
muted_colors,style/color
mutsu_(kancolle)_(cosplay),style/medium
mutsuki_(kancolle)_(cosplay),style/medium
mutsuki_face,person/body
mutsuki_face_(azur_lane),person/body
mutsuki_face_(blue_archive),person/body
mutual_anal,sex/body
mutual_anal_penetration,sex/act
mutual_bondage,sex/gear
mutual_breast_sucking,person/body
mutual_cunnilingus,sex/act
mutual_double_dildo_fellatio,sex/act
mutual_double_dildo_in_mouth,sex/gear
mutual_double_dildo_insertion,sex/act
mutual_fellatio,sex/act
mutual_foot_licking,person/body
mutual_foot_worship,person/body
mutual_handjob,sex/act
mutual_hug,expression/action
mutual_masturbation,sex/act
mutual_oral,sex/act
mutual_oral_penetration,sex/act
mutual_orgasm,sex/act
mutual_penetration,sex/act
mutual_penile_penetration,sex/act
mutual_penis_in_ass,sex/body
mutual_penis_in_mouth,sex/body
mutual_skirt_lift,clothing/bottom
mutual_tail_sex,sex/act
mutual_unusual_penetration,sex/act
mutual_vaginal_penetration,sex/act
muzzle_(mask),clothing/head
muzzle_in_anus,sex/body
muzzle_in_pussy,sex/body
muzzle_in_sheath,object/weapon
my_eyes_are_up_here,person/eyes
my_melody_(cosplay),style/medium
my_room,scene/indoor
mygo!!!!!_logo_(bang_dream!),style/quality
myoudou_gakuen_high_school_uniform,clothing/whole
myoudou_gakuen_middle_school_uniform,clothing/whole
myouga_(plant),scene/nature
myoukou_pose,expression/pose
myouren_temple,scene/indoor
myouren_temple_clan_(touhou),scene/indoor
mysterious_heroine_x_(fate)_(cosplay),style/medium
mysterious_heroine_x_alter_(fate)_(cosplay),style/medium
mysterious_heroine_xx_(fate)_(cosplay),style/medium
mysterious_mask_(fate),clothing/head
mystery_box,object/tool
mystia_lorelei_(cosplay),style/medium
mystic_dawn_(idolmaster),scene/sky
mystic_eyes,person/eyes
mystic_eyes_of_death_perception,person/eyes
mystic_eyes_of_enchantment,person/eyes
mystical_high_collar,clothing/accessory
mythra_(xenoblade)_(cosplay),style/medium
n64_controller,object/toy
n7_armor,clothing/accessory
n_corp._(identity)_(project_moon),scene/sky
n_corp._e.g.o_(identity)_(project_moon),scene/sky
n_corp._fanatic_(identity)_(project_moon),scene/sky
naan_bread,object/food
nadia_la_arwall_(cosplay),style/medium
naga_u_(style),style/medium
nagae_iku_(cosplay),style/medium
nagai_gou_(style),style/medium
nagano_(grayparka)_(style),style/medium
nagato_(kancolle)_(cosplay),style/medium
nagato_yuki_(cosplay),style/medium
nagi_(kannagi)_(cosplay),style/medium
naginomori_gakuen_high_school_uniform,clothing/whole
nagisa_kaworu_(cosplay),style/medium
nahida_(genshin_impact)_(cosplay),style/medium
nai_ga_(style),style/medium
nail_(weapon),object/weapon
nail_gun,object/weapon
nail_hair_ornament,clothing/head
nail_polish_bottle,object/food
nail_polish_brush,object/tool
nails_visible_through_gloves,clothing/accessory
naive_sex,sex/act
naka_(kancolle)_(cosplay),style/medium
nakabayashi_yoshitaka's_maid_uniform,clothing/whole
nakano_azusa_(cosplay),style/medium
nakaue_shigehisa_(style),style/medium
nakayama_tooru_(style),style/medium
naked_apron,clothing/whole
naked_armor,clothing/accessory
naked_ascot,sex/act
naked_bandage,clothing/accessory
naked_belt,clothing/accessory
naked_blanket,sex/act
naked_boots,clothing/footwear
naked_bowtie,clothing/accessory
naked_cape,clothing/top
naked_capelet,sex/act
naked_cardigan,clothing/top
naked_chocolate,sex/act
naked_cloak,clothing/top
naked_coat,clothing/top
naked_costume,clothing/whole
naked_dogeza,sex/act
naked_dress,clothing/whole
naked_gloves,clothing/accessory
naked_hood,clothing/head
naked_hoodie,clothing/top
naked_jacket,clothing/top
naked_kappougi,sex/act
naked_kimono,clothing/whole
naked_lab_coat,clothing/top
naked_labcoat,sex/act
naked_necktie,clothing/accessory
naked_overalls,clothing/whole
naked_paint,sex/act
naked_poncho,sex/act
naked_pumpkin,sex/act
naked_raincoat,sex/act
naked_randoseru,sex/act
naked_ribbon,clothing/head
naked_robe,clothing/whole
naked_sarashi,sex/act
naked_scarf,clothing/accessory
naked_school_attendance,sex/act
naked_sheet,sex/act
naked_shirt,clothing/top
naked_shoes,clothing/footwear
naked_skirt,clothing/bottom
naked_socks,clothing/legwear
naked_suspenders,sex/act
naked_sweater,clothing/top
naked_tabard,sex/act
naked_tape,sex/act
naked_towel,sex/act
naked_vest,clothing/top
naked_yoga,sex/act
nakoruru_(cosplay),style/medium
name_in_background,scene/background
name_on_clothing,clothing/other
name_plate,object/food
name_tag_hair_ornament,clothing/head
nameko_face_(osawari_tantei),person/body
nameless_axe_sword_(fate),object/weapon
nameless_dagger_(fate),object/weapon
nameless_hill,scene/nature
nami_(one_piece)_(cosplay),style/medium
nami_junior_high_school_uniform,clothing/whole
namori_(style),style/medium
nanahyakuichi_middle_school_uniform,clothing/whole
nanairogaoka_middle_school_uniform,clothing/whole
nanami_chiaki_(cosplay),style/medium
nanamori_school_uniform,clothing/whole
nanashi_mumei_(cosplay),style/medium
naoetsu_high_school_uniform,clothing/whole
nape_braid,person/hair
naranja_academy_school_uniform,clothing/whole
nargacuga_(armor),clothing/accessory
nargacuga_armor,clothing/accessory
narmaya_(granblue_fantasy)_(cosplay),style/medium
narrow_hips,person/body
narrow_legs,person/body
narrow_waist,person/body
narrowed_eyebrows,person/eyes
narrowed_eyes,person/eyes
narukami_yuu_(cosplay),style/medium
narutomaki_hair_ornament,clothing/head
nasa_logo,style/quality
nasal_penetration,sex/act
nasu_squad's_uniform,clothing/whole
nata_(tool),object/tool
natalia_(idolmaster)_(cosplay),style/medium
national_shin_ooshima_school_uniform,clothing/whole
national_verbena_academy_school_uniform,clothing/whole
native_american_clothes,clothing/other
native_american_clothing,clothing/other
natsuki_subaru_(cosplay),style/medium
natural_armor,clothing/accessory
natural_breasts,person/body
natural_eyeshadow,person/eyes
natural_sign,object/tool
naturally_censored,style/quality
naturally_detached_hair,person/hair
nature,scene/nature
nature_background,scene/nature
naughty_face,person/body
naughty_smile,expression/face
naval_dress_uniform,clothing/whole
naval_flag,object/tool
naval_gun,object/weapon
naval_sailor_uniform,clothing/whole
naval_uniform,clothing/whole
naval_working_uniform,clothing/whole
navel,person/body
navel_barbell,person/body
navel_blush,expression/face
navel_cutout,person/body
navel_fetish,person/body
navel_fingering,person/body
navel_focus,camera/framing
navel_hair,person/hair
navel_hair_peek,person/hair
navel_insertion,sex/act
navel_lick,person/body
navel_line,person/body
navel_outline,person/body
navel_peek,person/body
navel_pendant,clothing/accessory
navel_penetration,sex/act
navel_piercing,person/body
navel_play,person/body
navel_poke,person/body
navel_poking,person/body
navel_popping,person/body
navel_rim,person/body
navel_ring,clothing/accessory
navel_stretch,person/body
navel_stud,person/body
navel_tattoo,person/body
navel_tuft,person/body
navel_visible_through_clothes,clothing/other
navel_vore,person/body
navy_hair,person/hair
navy_uniform,clothing/whole
nazi_flag,object/tool
nazi_uniform,clothing/whole
nazrin_(cosplay),style/medium
neapolitan_ice_cream,object/food
nearly_naked_apron,clothing/whole
nearly_naked_cloak,clothing/top
nearly_naked_coat,clothing/top
nearly_naked_shirt,clothing/top
nearly_naked_sweater,clothing/top
nebula,scene/sky
neck,person/body
neck_accessory,person/body
neck_armor,clothing/accessory
neck_bell,person/body
neck_bite,person/body
neck_biting,person/body
neck_blush,expression/face
neck_bobbles,person/body
neck_bolts,person/body
neck_bow,clothing/head
neck_bow_(anatomy),clothing/head
neck_brace,person/body
neck_bulge,person/body
neck_chain,person/body
neck_corset,person/body
neck_cuff,person/body
neck_expansion,person/body
neck_feathers,person/body
neck_fin,person/body
neck_flap,person/body
neck_floof,person/body
neck_flower,person/body
neck_focus,camera/framing
neck_frill,person/body
neck_fur,person/body
neck_garter,clothing/legwear
neck_gills,person/body
neck_grab,person/body
neck_hair,person/hair
neck_hold,person/body
neck_hug,expression/action
neck_kiss,person/body
neck_lick,person/body
neck_lift,person/body
neck_markings,person/body
neck_muscles,person/body
neck_penetration,sex/act
neck_piercing,person/body
neck_pillow,person/body
neck_pussy,sex/body
neck_restraint,person/body
neck_ribbon,clothing/head
neck_ribbon_removed,clothing/head
neck_ribbon_tug,clothing/head
neck_ring,clothing/accessory
neck_rolls,person/body
neck_ruff,person/body
neck_scar,person/body
neck_snap,person/body
neck_spikes,person/body
neck_spines,person/body
neck_tassel,person/body
neck_tattoo,person/body
neck_tie_bikini,clothing/whole
neck_tie_clothing,clothing/other
neck_tie_swimwear,person/body
neck_tied,person/body
neck_to_tail_bondage,sex/gear
neck_torture,person/body
neck_tuft,person/body
neck_vulva,sex/body
neck_warmer,person/body
neck_wound,person/body
neck_wraps,person/body
neckerchief,clothing/accessory
neckerchief_between_breasts,clothing/accessory
neckerchief_in_mouth,clothing/accessory
neckerchief_only,clothing/accessory
necklace,clothing/accessory
necklace_between_breasts,clothing/accessory
necklace_between_pecs,clothing/accessory
necklace_censor,clothing/accessory
necklace_in_mouth,clothing/accessory
necklace_only,clothing/accessory
necklace_pull,clothing/accessory
necktie,clothing/accessory
necktie_around_wrists,clothing/accessory
necktie_aside,clothing/accessory
necktie_between_breasts,clothing/accessory
necktie_between_pectorals,clothing/accessory
necktie_grab,clothing/accessory
necktie_in_mouth,clothing/accessory
necktie_in_pocket,clothing/accessory
necktie_lift,clothing/accessory
necktie_on_head,clothing/accessory
necktie_on_mouth,clothing/accessory
necktie_only,clothing/accessory
necktie_over_shoulder,clothing/accessory
necktie_overhang,clothing/accessory
necktie_pull,clothing/accessory
neckwear_between_breasts,person/body
needle_rifle,object/weapon
needle_sword,object/weapon
needles_between_fingers,person/body
negative_space,camera/framing
negative_space_oral_(meme),camera/framing
nejikirio_(style),style/medium
nekoma_volleyball_uniform,clothing/whole
nekomancer_(granblue_fantasy)_(cosplay),style/medium
nekomata_okayu_(cosplay),style/medium
nelson_pose,expression/pose
nemes_(clothing),clothing/other
nemlei_(style),style/medium
nemophila_(flower),scene/nature
neo_armstrong_cyclone_jet_armstrong_cannon,object/weapon
neon_lights,style/color
neon_palette,style/color
neon_sign,style/color
neon_tetra,style/color
neon_trim,style/color
neptune_(neptunia)_(cosplay),style/medium
neptune_(planet),scene/sky
nerf_gun,object/weapon
nero_claudius_(bride)_(fate)_(cosplay),style/medium
nero_claudius_(fate/extra)_(cosplay),style/medium
nero_claudius_(swimsuit_caster)_(fate)_(cosplay),style/medium
neru_(blue_archive)_(cosplay),style/medium
nervous,expression/face
nervous_grin,expression/face
nervous_laugh,expression/face
nervous_look,expression/face
nervous_smile,expression/face
nervous_sweat,expression/face
nervous_sweating,expression/face
nervous_tama_chan_pose,expression/face
nes_controller,object/toy
ness_(mother_2)_(cosplay),style/medium
nessa_(pokemon)_(cosplay),style/medium
nest_ball,object/toy
nested_mouths,person/body
net,object/tool
net_ball,object/tool
net_stockings,clothing/legwear
neutral_expression,expression/face
never_give_up_cooking!_(project_sekai),expression/action
nevermore_academy_school_uniform,clothing/whole
new_mask_of_hope,clothing/head
new_moon,scene/sky
new_school_swimsuit,clothing/whole
new_stars_rose_(umamusume),scene/sky
new_wave_(idolmaster),expression/action
new_york_city,scene/outdoor
new_york_city_police_department,scene/outdoor
newgrounds_logo,style/quality
newhalf_with_female,person/count
newhalf_with_male,person/count
newsboy_cap,clothing/head
newspaper,object/tool
nia_(blade)_(xenoblade)_(cosplay),style/medium
nia_teppelin_(cosplay),style/medium
nib_pen_(object),object/tool
nice_knee_socks_day,clothing/legwear
nice_nature_(umamusume)_(cosplay),style/medium
nick_wilde_(cosplay),style/medium
nico_robin_(cosplay),style/medium
niedersachsen_military_uniform,clothing/whole
night,scene/sky
night_and_day_amcg_(idolmaster),scene/sky
night_battle_idiot,scene/sky
night_clothes,clothing/other
night_howlers,scene/sky
night_light,scene/sky
night_lords,scene/sky
night_raven_college_ceremonial_robes,clothing/whole
night_raven_college_gym_uniform,clothing/whole
night_raven_college_labwear,scene/sky
night_raven_college_school_uniform,clothing/whole
night_raven_college_uniform,clothing/whole
night_sky,scene/sky
night_sky_body,scene/sky
night_sky_sword,scene/sky
night_vision,scene/sky
night_vision_device,scene/sky
night_vision_goggles,clothing/accessory
nightgown,clothing/whole
nightgown_lift,clothing/whole
niijima_makoto_(cosplay),style/medium
nijigasaki_academy_school_uniform,clothing/whole
nijigasaki_school_uniform,clothing/whole
nijigasaki_track_jacket,clothing/top
nijisanji_fes_t_shirt,clothing/top
nijisanji_idol_uniform,clothing/whole
nijisanji_symphonia_concert_uniform,clothing/whole
nikke's_shooting_pose_(meme),expression/pose
nikujaga_(food),object/food
nilou_(genshin_impact)_(cosplay),style/medium
nine_ball_maid_uniform,clothing/whole
nine_frame_image,object/other
ningguang_(genshin_impact)_(cosplay),style/medium
ninja_mask,clothing/head
ninja_suit,clothing/whole
ninja_toes,person/body
ninomae_ina'nis_(cosplay),style/medium
ninomiya_squad's_uniform,clothing/whole
nintendo_64_controller,object/toy
nintendo_controller,object/toy
nintendo_logo,style/quality
nintendo_switch_pro_controller,object/toy
nipple_armor,clothing/accessory
nipple_bar,scene/indoor
nipple_blush,expression/face
nipple_bondage,sex/gear
nipple_chain,object/tool
nipple_chain_to_collar,clothing/accessory
nipple_focus,camera/framing
nipple_hair,person/hair
nipple_jewelry,clothing/accessory
nipple_leash,sex/gear
nipple_milking,sex/act
nipple_mouth,person/body
nipple_object_insertion,sex/act
nipple_orgasm,sex/act
nipple_penetration,sex/act
nipple_plug,sex/gear
nipple_plugs,sex/gear
nipple_pull,sex/body
nipple_ribbon,clothing/head
nipple_ring,clothing/accessory
nipple_ring_dress,clothing/whole
nipple_ring_pull,clothing/accessory
nipple_rings,clothing/accessory
nipple_sex,sex/act
nipple_shield,object/weapon
nipple_stimulation_through_clothes,clothing/other
nipple_suspension_bikini,clothing/whole
nipple_tattoo,person/body
nipple_to_collar,clothing/accessory
nipple_to_penis,sex/body
nipple_to_tongue,person/body
nipple_tweak_through_clothes,clothing/other
nipple_vibrator,sex/gear
nipple_zipper,clothing/other
nippleless_bikini,clothing/whole
nippleless_bra,clothing/top
nippleless_clothes,clothing/other
nippleless_clothing,clothing/other
nipples_through_clothes,clothing/other
nipples_to_collar,clothing/accessory
nipples_visible_through_clothing,clothing/other
nishihama_middle_school_uniform,clothing/whole
nishikigi_chisato_(cosplay),style/medium
nishikino_maki_(cosplay),style/medium
nishimura_kinu_(style),style/medium
nishizumi_miho_(cosplay),style/medium
nissin_cup_noodle,object/food
nissin_cup_noodle_curry,object/food
nissin_cup_noodle_seafood,object/food
nitta_minami_(cosplay),style/medium
no_ahoge,person/hair
no_ai_logo,style/quality
no_animal_ears,person/body
no_anus,sex/body
no_apron,clothing/whole
no_armor,clothing/accessory
no_blindfold,clothing/head
no_bra,clothing/top
no_brand_girls,person/count
no_cape,clothing/top
no_cardigan,clothing/top
no_choker,clothing/accessory
no_coat,clothing/top
no_earrings,clothing/accessory
no_ears,person/body
no_entry_sign,object/tool
no_eyebrows,person/eyes
no_eyelashes,person/eyes
no_eyepatch,clothing/accessory
no_eyes,person/eyes
no_feet,person/body
no_fingers,person/body
no_footwear,clothing/footwear
no_freckles,person/body
no_gloves,clothing/accessory
no_goggles,clothing/accessory
no_hair_bow,clothing/head
no_hair_ornament,clothing/head
no_hairband,clothing/head
no_hands,person/body
no_hands_paizuri,person/body
no_headband,clothing/head
no_headwear,clothing/head
no_helmet,clothing/head
no_heterochromia,person/eyes
no_hood,clothing/head
no_humans,person/count
no_jacket,clothing/top
no_lady_on_twitter_can_recreate_this_(meme),object/food
no_legwear,clothing/legwear
no_leotard,clothing/whole
no_lineart,style/medium
no_lips,person/body
no_male_underwear,person/count
no_mask,clothing/head
no_mole,person/body
no_mouth,person/body
no_navel,person/body
no_neck,person/body
no_necktie,clothing/accessory
no_nose,person/body
no_pants,clothing/bottom
no_parking_sign,object/tool
no_penis,sex/body
no_prosthetic_arm,person/body
no_prosthetic_leg,person/body
no_pupils,person/eyes
no_pussy,sex/body
no_ribbon,clothing/head
no_scar,person/body
no_scarf,clothing/accessory
no_sclera,person/eyes
no_shading,style/color
no_shirt,clothing/top
no_shoes,clothing/footwear
no_show_socks,clothing/legwear
no_skin,person/body
no_skirt,clothing/bottom
no_socks,clothing/legwear
no_stopping_sign,object/tool
no_tattoo,person/body
no_teeth,person/body
no_toes,person/body
no_toilet_paper,scene/indoor
no_u_turn_sign,object/tool
no_vest,clothing/top
noah_(d.gray_man),person/count
noah_hat_(ragnarok_online),clothing/head
nobiiru_arm,person/body
noble_academy_school_uniform,clothing/whole
nodding_head,person/body
noel_vermillion_(cosplay),style/medium
noelle_(genshin_impact)_(cosplay),style/medium
noh_mask,clothing/head
nohrian_butler_uniform,clothing/whole
nohrian_maid_uniform,clothing/whole
noisy_oral,sex/act
nokotan_entering_a_classroom_(meme),scene/indoor
nomura_tetsuya_(style),style/medium
non_binary_flag,object/tool
non_euclidean_masturbation,sex/act
non_euclidean_penetration,sex/act
non_euclidean_sex,sex/act
non_humanoid_machine,person/count
non_humanoid_robot,person/count
non_mammal_areolas,sex/body
non_mammal_balls,object/toy
non_mammal_breasts,person/body
non_mammal_ears,person/body
non_mammal_hair,person/hair
non_mammal_lactation,sex/act
non_mammal_mastectomy_scar,person/body
non_mammal_navel,person/body
non_mammal_pussy,sex/body
non_mammal_vulva,sex/body
nontraditional_poke_ball,object/toy
nontraditional_school_swimsuit,clothing/whole
nontraditional_wedding_dress,clothing/whole
noodle_arms,person/body
noodles,object/food
noppo_bread,object/food
normal_suit,clothing/whole
normal_suit_(gundam),clothing/whole
normal_suit_(metroid),clothing/whole
north_korean_flag,object/tool
northern_ocean_hime_(cosplay),style/medium
northern_ocean_princess_(cosplay),style/medium
norwegian_flag,object/tool
nose,person/body
nose_art,person/body
nose_beak,person/body
nose_blush,expression/face
nose_boop,person/body
nose_bridge_piercing,person/body
nose_bubble,person/body
nose_cannon,person/body
nose_chain,person/body
nose_expansion,person/body
nose_hook,person/body
nose_horn,person/body
nose_kiss,person/body
nose_leash,sex/gear
nose_lick,person/body
nose_markings,person/body
nose_pads,person/body
nose_picking,person/body
nose_piercing,person/body
nose_pinch,person/body
nose_plug,sex/gear
nose_plugs,sex/gear
nose_ring,clothing/accessory
nose_ring_pull,clothing/accessory
nose_scar,person/body
nose_shade,person/body
nose_size_difference,person/body
nose_spike,person/body
nose_stud,person/body
nose_tape,person/body
nose_to_anus,sex/body
nose_to_nose,person/body
nose_tube,person/body
nose_tuft,person/body
nose_wrinkle,person/body
noses_touching,person/body
nostril_ring,clothing/accessory
not_afraid_anymore,expression/face
not_furry_focus,camera/framing
not_furry_wearing_fursuit,clothing/other
notched_ear,person/body
notched_ears,person/body
notched_leaf,scene/nature
note_(gatchaman_crowds),person/count
notebook,object/tool
notebook_paper_background,scene/background
noumi_kudryavka_(cosplay),style/medium
novelty_clothing,clothing/other
novelty_glasses,clothing/accessory
novelty_sex_toy,sex/act
noveske_space_invader,scene/sky
nowi_(fire_emblem)_(cosplay),style/medium
nozomi_(blue_archive)_(cosplay),style/medium
nozzle_on_belly,person/body
nub_chastity_cage,object/tool
nubbed_dildo,sex/gear
nubbed_penis,sex/body
nubbed_tentacles,sex/gear
nuclear_weapon,object/weapon
nude,sex/act
nude_ambiguous,sex/act
nude_andromorph,sex/act
nude_anthro,sex/act
nude_beach,sex/act
nude_cover,sex/act
nude_female,sex/act
nude_female_clothed_male,sex/act
nude_feral,sex/act
nude_fight,sex/act
nude_gynomorph,sex/act
nude_herm,sex/act
nude_hiking,sex/act
nude_human,sex/act
nude_humanoid,sex/act
nude_in_front_of_audience,sex/act
nude_in_front_of_computer,sex/act
nude_intersex,sex/act
nude_library,sex/act
nude_macro,sex/act
nude_male,sex/act
nude_male_nude_female,sex/act
nude_maleherm,sex/act
nude_micro,sex/act
nude_modeling,sex/act
nude_modelling,sex/act
nude_park,sex/act
nude_photo,style/medium
nude_pred,sex/act
nude_prey,sex/act
nude_sunbathing,sex/act
nude_taur,sex/act
nude_to_clothed,sex/act
nude_workout,sex/act
nude_wrestling,sex/act
nudist_beach,scene/outdoor
nudist_beach_uniform,clothing/whole
nudity_curse,sex/act
nue_day,scene/sky
nukunuku_nigirimeshi_(style),style/medium
null_masturbation,sex/act
number_background,scene/background
number_balloon,object/toy
number_candle,object/tool
number_earrings,clothing/accessory
number_glasses,clothing/accessory
number_hair_ornament,clothing/head
number_on_clothing,clothing/other
number_on_shirt,clothing/top
number_on_t_shirt,clothing/top
number_sign,object/tool
number_tattoo,person/body
numbered_anal_beads,sex/body
numbered_ear_tag,person/body
numbered_flag,object/tool
numbers'_uniform,clothing/whole
numbers_above_head,person/body
nun_outfit,clothing/whole
nun_veil,clothing/head
nurse_cap,clothing/head
nurse_clothing,clothing/other
nurse_dress,clothing/whole
nurse_hat,clothing/head
nurse_headwear,clothing/head
nurse_uniform,clothing/whole
nursing_handjob,sex/act
nut_(food),object/food
nut_(fruit),object/food
nut_hair_ornament,clothing/head
nuzzling_penis,sex/body
nva_uniform,clothing/whole
nyannyan_cat's_eye_(idolmaster),person/eyes
nyantcha_(style),style/medium
nyarlathotep_(nyaruko_san)_(cosplay),style/medium
nylon_stockings,clothing/legwear
o_arms,person/body
o_ring,clothing/accessory
o_ring_arm_strap,clothing/accessory
o_ring_belly_chain,clothing/accessory
o_ring_belt,clothing/accessory
o_ring_bikini,clothing/whole
o_ring_bikini_bottom,clothing/whole
o_ring_bikini_top,clothing/whole
o_ring_bottom,clothing/accessory
o_ring_bra,clothing/top
o_ring_choker,clothing/accessory
o_ring_collar,clothing/accessory
o_ring_dress,clothing/whole
o_ring_garter_belt,clothing/legwear
o_ring_harness,clothing/accessory
o_ring_legwear,clothing/legwear
o_ring_legwear_garter,clothing/legwear
o_ring_leotard,clothing/whole
o_ring_necktie,clothing/accessory
o_ring_panties,clothing/accessory
o_ring_strap,clothing/accessory
o_ring_swimsuit,clothing/whole
o_ring_swimwear,clothing/accessory
o_ring_thigh_strap,clothing/accessory
o_ring_top,clothing/accessory
oak_cake_roll_(honkai:_star_rail),object/food
oak_leaf,scene/nature
oak_tree,scene/nature
obata_takeshi_(style),style/medium
obelisk_blue_uniform,clothing/whole
obese_female,person/count
obese_human,person/count
obese_humanoid,person/count
obese_male,person/count
obi_bow,clothing/head
obi_wan_kenobi_(cosplay),style/medium
object_behind_ear,person/body
object_belt,clothing/accessory
object_between_breasts,person/body
object_between_cheeks,person/body
object_between_legs,person/body
object_between_toes,person/body
object_floating_above_hand,person/body
object_focus,camera/framing
object_in_ass,person/body
object_in_bra,clothing/top
object_in_clothes,clothing/other
object_in_hand,person/body
object_in_mouth,person/body
object_in_penis,sex/body
object_in_pussy,sex/body
object_in_sheath,object/weapon
object_in_stomach,person/body
object_in_swimsuit,clothing/whole
object_insertion,sex/act
object_insertion_from_behind,camera/angle
object_motion_path,scene/outdoor
object_on_ass,person/body
object_on_breast,person/body
object_on_head,person/body
object_on_shoulder,person/body
object_penetration,sex/act
object_shot,camera/shot
object_through_head,person/body
object_to_humanoid,person/count
object_to_mouth,person/body
objects_in_condom,sex/gear
objects_in_cum,sex/act
obligation_chocolate,object/food
oblivious_nudity,sex/act
oblivious_sex,sex/act
obscured_anal,sex/body
obscured_character,person/count
obscured_cunnilingus,sex/act
obscured_eyes,person/eyes
obscured_face,person/body
obscured_fellatio,sex/act
obscured_masturbation,sex/act
obscured_mouth,person/body
obscured_oral,sex/act
obscured_penetration,sex/act
obscured_penis,sex/body
obscured_pussy,sex/body
obscured_sex,sex/act
obstructed_eye,person/eyes
obstructed_eyes,person/eyes
occult_ball,object/toy
ocean,scene/nature
ochazuke_(food),object/food
octavinelle_dorm_uniform,clothing/whole
octo_shot_(splatoon),camera/shot
octoleet_goggles_(splatoon),clothing/accessory
octopus_(food),object/food
octopus_boy,person/count
octopus_earrings,clothing/accessory
octopus_girl,person/count
octopus_hair_ornament,clothing/head
octopus_tattoo,person/body
octopus_tentacles,sex/gear
oda_eiichirou_(style),style/medium
odaiba_girls_high_school_uniform,clothing/whole
odaiba_middle_school_uniform,clothing/whole
oddly_specific_shirts_(meme),clothing/top
odogaron_(armor),clothing/accessory
oenothera_(flower),scene/nature
oerlikon_20mm_gun,object/weapon
off_color_semen,sex/body
off_shoulder,person/body
off_shoulder_bandeau,person/body
off_shoulder_bikini,clothing/whole
off_shoulder_blouse,clothing/top
off_shoulder_capelet,person/body
off_shoulder_cardigan,clothing/top
off_shoulder_coat,clothing/top
off_shoulder_dress,clothing/whole
off_shoulder_jacket,clothing/top
off_shoulder_kimono,clothing/whole
off_shoulder_leotard,clothing/whole
off_shoulder_one_piece_swimsuit,clothing/whole
off_shoulder_shirt,clothing/top
off_shoulder_sweater,clothing/top
off_shoulder_top,person/body
offensive_skill_book_(azur_lane),object/tool
offering_collar,clothing/accessory
offering_condom,sex/gear
offering_drink,object/food
offering_food,object/food
offering_hand,person/body
offering_hand_to_another,person/body
offering_hug,expression/action
offering_leash,sex/gear
offering_milk,object/food
offering_money,object/tool
offering_sex,sex/act
office,scene/indoor
office_chair,scene/indoor
office_clothing,clothing/other
office_desk,scene/indoor
office_lady,scene/indoor
office_sex,sex/act
officer_uniform,clothing/whole
official_alternate_costume,clothing/whole
official_alternate_eye_color,person/eyes
official_alternate_hair_color,person/hair
official_alternate_hair_length,person/hair
official_alternate_hair_ornament,clothing/head
official_alternate_skin_color,person/body
official_art_inset,style/quality
official_art_nude_filter,style/quality
official_cosplay,style/medium
official_style,style/medium
offscreen_character,person/count
offscreen_female,person/count
offscreen_human,person/count
offscreen_penetration,sex/act
offscreen_sex,sex/act
ofuda_between_fingers,person/body
ofuda_earrings,clothing/accessory
ofuda_on_breast,person/body
ofuda_on_clothes,clothing/other
ofuda_on_forehead,person/body
ofuda_on_head,person/body
ofuda_on_leg,person/body
ofuda_on_pussy,sex/body
ofuda_on_vulva,sex/body
ofuda_over_one_eye,person/eyes
ogino_chihiro_(cosplay),style/medium
ohagi_(food),object/food
ohananomitsu_high_school_uniform,clothing/whole
ohananomitsu_middle_school_uniform,clothing/whole
ohisashiburi_(style),style/medium
ohtori_academy_school_uniform,clothing/whole
oikawa_shizuku_(cosplay),style/medium
oil_can,object/food
oil_cum,sex/act
oil_lamp,object/tool
oil_paper_umbrella,object/tool
oiled_butt,person/body
ojigi_(bowing),expression/pose
ojou_laugh,expression/face
ojou_sama_pose,expression/pose
ok_sign,expression/action
ok_sign_over_eye,expression/action
okamoto_condoms,sex/gear
okapi_ears,person/body
okfams_(group),person/count
okina_mask,clothing/head
okita_souji_(koha_ace)_(cosplay),style/medium
oktavia_von_seckendorff_(cosplay),style/medium
okumura_haru_(cosplay),style/medium
old_fashioned_donut,object/food
old_fashioned_swimsuit,clothing/whole
old_maid,clothing/whole
old_maid_alliance_(touhou),clothing/whole
old_man,person/count
old_school_swimsuit,clothing/whole
old_woman,person/count
older_female,person/count
older_female_and_younger_male,person/count
older_female_younger_male,person/count
older_feral_younger_human,person/count
older_human,person/count
older_humanoid,person/count
older_male,person/count
older_male_and_younger_female,person/count
older_male_younger_female,person/count
older_male_younger_male,person/count
older_man_and_younger_girl,person/count
older_man_and_younger_man,person/count
older_man_and_younger_woman,person/count
older_on_child,person/count
older_on_loli,person/count
older_on_shota,person/count
older_pov,camera/angle
older_rape,sex/act
older_woman_and_younger_girl,person/count
older_woman_and_younger_man,person/count
olimar_(cosplay),style/medium
olive_(fruit),object/food
olive_branch,scene/nature
olive_eyes,person/eyes
olivia_(fire_emblem)_(cosplay),style/medium
olmec_head,person/body
olympic_rings,clothing/accessory
oma_kokichi_(cosplay),style/medium
omega_sword,object/weapon
ominous_background,scene/background
omni_tool,object/tool
omocat_(style),style/medium
on_arm,person/body
on_back,person/body
on_ball,object/toy
on_balloon,object/toy
on_balls,object/toy
on_banana,object/food
on_bed,object/other
on_book,object/tool
on_box,object/tool
on_branch,scene/nature
on_breasts,person/body
on_butt,person/body
on_chair,object/other
on_chest,person/body
on_couch,object/other
on_crate,object/tool
on_desk,object/other
on_elbow,person/body
on_face,person/body
on_fence,scene/outdoor
on_finger,person/body
on_flower,scene/nature
on_food,object/food
on_foot,person/body
on_glass,object/food
on_glass_surface,object/food
on_grass,scene/nature
on_hand,person/body
on_head,person/body
on_hind_legs,person/body
on_hood,clothing/head
on_knee,person/body
on_ladder,scene/outdoor
on_leaf,scene/nature
on_leg,person/body
on_mini_planet,scene/sky
on_model_vs_in_your_style_challenge,style/medium
on_moon,scene/sky
on_nose,person/body
on_one_hand,person/body
on_one_knee,person/body
on_one_leg,person/body
on_penis,sex/body
on_person,person/count
on_phone,object/tool
on_piano,object/tool
on_pillow,object/other
on_plate,object/food
on_pool_toy,scene/outdoor
on_rock,scene/nature
on_rooftop,scene/outdoor
on_sand,scene/nature
on_shelf,object/other
on_shoulder,person/body
on_shoulders,person/body
on_side_handjob,sex/act
on_sofa,object/other
on_stairs,scene/outdoor
on_stomach,person/body
on_stool,object/other
on_style,style/medium
on_swim_ring,clothing/accessory
on_table,object/other
on_the_moon,scene/sky
on_the_phone,object/tool
on_toilet,scene/indoor
on_tongue,person/body
on_top_of_belly,person/body
on_tree,scene/nature
on_tree_stump,scene/nature
on_umbrella,object/tool
on_wall,scene/outdoor
on_water,scene/nature
on_weapon,object/weapon
onahole_handjob,sex/act
onahole_job,sex/gear
onahole_job_invitation,sex/gear
onahole_transformation,sex/gear
one_(style),style/medium
one_arm,person/body
one_arm_handstand,person/body
one_arm_push_ups,person/body
one_armed_hug,expression/action
one_bar_prison,scene/indoor
one_breast_out,person/body
one_cup,object/food
one_ear,person/body
one_ear_down,person/body
one_ear_obstructed,person/body
one_ear_up,person/body
one_eye_closed,expression/face
one_eye_covered,person/eyes
one_eye_half_closed,person/eyes
one_eye_in_shadow,person/eyes
one_eye_narrowed,person/eyes
one_eye_obstructed,person/eyes
one_eye_visible,person/eyes
one_finger_caress,expression/action
one_finger_selfie_challenge_(meme),person/body
one_foot_raised,person/body
one_foot_up,person/body
one_hand_up,person/body
one_handed_face_fucking,person/body
one_handed_mating_grip,sex/act
one_leg_raised,person/body
one_leg_up,person/body
one_man_army,person/count
one_piece_dress,clothing/whole
one_piece_suit,clothing/whole
one_piece_sweater,clothing/top
one_piece_swimsuit,clothing/whole
one_piece_swimsuit_aside,clothing/whole
one_piece_swimsuit_pull,clothing/whole
one_shoulder_out,person/body
one_shoulder_tunic,clothing/top
one_way_mirror,object/tool
one_way_sign,object/tool
onee_loli,person/count
onee_shota,person/count
oni_costume,clothing/whole
oni_girl,person/count
oni_mask,clothing/head
onigiri_hair_ornament,clothing/head
onii_shota,person/count
onion_rings,clothing/accessory
only_one_nude,sex/act
only_pantyhose,clothing/legwear
onomichi_(city),scene/outdoor
onono_imoko_(style),style/medium
onozuka_komachi_(cosplay),style/medium
onsen,scene/indoor
onsen_symbol,scene/indoor
ooarai_military_uniform,clothing/whole
ooarai_naval_school_uniform,clothing/whole
ooarai_school_uniform,clothing/whole
ooarai_volleyball_uniform,clothing/whole
oobari_masami_(style),style/medium
oogai_daiichi_middle_school_uniform,clothing/whole
oohashi_high_school_uniform,clothing/whole
ookami_mio_(cosplay),style/medium
oota_kuniyoshi_face_(meme),person/body
ootori_gakuen_school_uniform,clothing/whole
ootoriryouran_gakuen_school_uniform,clothing/whole
ooyodo_(kancolle)_(cosplay),style/medium
oozing_cum,sex/act
oozora_subaru_(cosplay),style/medium
opaque_glasses,clothing/accessory
opaque_helmet,clothing/head
open_anus,sex/body
open_back_dress,clothing/whole
open_back_leotard,clothing/whole
open_back_swimsuit,clothing/whole
open_bag,clothing/accessory
open_belt,clothing/accessory
open_bikini,clothing/whole
open_blouse,clothing/top
open_bodysuit,clothing/whole
open_book,object/tool
open_box,object/tool
open_bra,clothing/top
open_bust_leotard,camera/shot
open_butt_dress,clothing/whole
open_can,object/food
open_car_hood,clothing/head
open_cardigan,clothing/top
open_chest_sweater,clothing/top
open_cleavage,person/body
open_cloak,clothing/top
open_clothes,clothing/other
open_clothing,clothing/other
open_coat,clothing/top
open_collar,clothing/accessory
open_crotch,sex/body
open_door,scene/outdoor
open_drawer,object/other
open_dress,clothing/whole
open_dress_shirt,clothing/whole
open_frown,expression/face
open_gate,scene/outdoor
open_hand,person/body
open_hands,person/body
open_hat,clothing/head
open_hoodie,clothing/top
open_jacket,clothing/top
open_jeans,clothing/bottom
open_jumpsuit,clothing/whole
open_kimono,clothing/whole
open_lab_coat,clothing/top
open_leotard,clothing/whole
open_magazine,object/weapon
open_mouth,expression/face
open_mouth_gag,expression/face
open_nipple_bra,clothing/top
open_overalls,clothing/whole
open_pajamas,clothing/whole
open_pants,clothing/bottom
open_poke_ball,object/toy
open_pussy,sex/body
open_robe,clothing/whole
open_shirt,clothing/top
open_shoes,clothing/footwear
open_shorts,clothing/bottom
open_sign,object/tool
open_skirt,clothing/bottom
open_smile,expression/face
open_sweater,clothing/top
open_swimsuit,clothing/whole
open_toe_boots,clothing/footwear
open_toe_heels,clothing/footwear
open_toe_shoes,clothing/footwear
open_vest,clothing/top
open_wetsuit,clothing/whole
open_zipper,clothing/other
opening_another's_clothes,clothing/other
opening_can,object/food
opening_curtains,object/other
opening_door,scene/outdoor
opening_eyes,person/eyes
opening_jacket,clothing/top
opening_shirt,clothing/top
opera_glasses,clothing/accessory
operating_table,object/other
oppai_ball,object/toy
oppai_hoodie,clothing/top
oppai_loli,person/count
oppai_shota,person/count
opposable_toe,person/body
ora_ora_get_pregnant_(meme),sex/body
oral,sex/act
oral_bone_disposal,sex/act
oral_canal,sex/act
oral_egg_insertion,sex/act
oral_fingering,sex/act
oral_fisting,sex/act
oral_fixation,sex/act
oral_footjob,sex/act
oral_head_gulp,sex/act
oral_invitation,sex/act
oral_knot_fucking,sex/act
oral_knotting,sex/act
oral_masturbation,sex/act
oral_on_backwards_penis,sex/act
oral_only,sex/act
oral_orgasm,sex/act
oral_oviposition,sex/act
oral_penetration,sex/act
oral_prodding,sex/act
oral_purring,sex/act
oral_rape,sex/act
oral_request,sex/act
oral_sandwich,sex/act
oral_slit_play,sex/act
oral_threading,sex/act
oral_through_clothing,clothing/other
oral_transfer,sex/act
oral_tube,sex/act
oral_tugging,sex/act
oral_vore,sex/act
oral_while_penetrated,sex/act
oral_while_penetrating,sex/act
oral_with_eye_contact,camera/framing
orange_(fruit),object/food
orange_amplifiers,object/food
orange_amps,object/food
orange_antennae,object/food
orange_antlers,object/food
orange_anus,sex/body
orange_apron,clothing/whole
orange_areola,sex/body
orange_arm_warmers,person/body
orange_armband,object/food
orange_armor,clothing/accessory
orange_arms,person/body
orange_armwear,object/food
orange_ascot,object/food
orange_back,person/body
orange_background,scene/background
orange_bag,clothing/accessory
orange_balls,object/food
orange_bandana,object/food
orange_bandeau,object/food
orange_beak,object/food
orange_beanie,object/food
orange_beard,object/food
orange_belly,person/body
orange_belt,clothing/accessory
orange_bikini,clothing/whole
orange_bikini_bottom,clothing/whole
orange_bikini_top,clothing/whole
orange_blood,object/food
orange_bloomers,object/food
orange_blossoms,scene/nature
orange_blush,expression/face
orange_body,object/food
orange_bodysuit,clothing/whole
orange_boots,clothing/footwear
orange_border,camera/framing
orange_bottomwear,object/food
orange_bow,clothing/head
orange_bowtie,clothing/accessory
orange_bra,clothing/top
orange_bracelet,clothing/accessory
orange_breasts,person/body
orange_bridal_gauntlets,clothing/accessory
orange_briefs,object/food
orange_brooch,clothing/accessory
orange_buruma,object/food
orange_butt,person/body
orange_butterfly,object/food
orange_camisole,clothing/top
orange_cape,clothing/top
orange_capelet,object/food
orange_car,object/food
orange_cardigan,clothing/top
orange_cat,object/food
orange_cheeks,person/body
orange_chest,person/body
orange_choker,clothing/accessory
orange_claws,object/food
orange_clitoris,object/food
orange_cloak,clothing/top
orange_clothing,clothing/other
orange_clouds,scene/sky
orange_coat,clothing/top
orange_collar,clothing/accessory
orange_corset,object/food
orange_countershading,object/food
orange_crop_top,clothing/top
orange_cum,sex/act
orange_diaper,object/food
orange_dice,object/food
orange_dildo,sex/gear
orange_dougi,object/food
orange_dress,clothing/whole
orange_ear_tips,person/body
orange_ears,person/body
orange_elbow_gloves,clothing/accessory
orange_exoskeleton,object/food
orange_eyebrows,person/eyes
orange_eyelids,person/eyes
orange_eyeliner,object/food
orange_eyes,person/eyes
orange_eyeshadow,person/eyes
orange_eyewear,object/food
orange_face,person/body
orange_facial_hair,person/hair
orange_facial_markings,object/food
orange_fart_cloud,object/food
orange_feather_hair,person/hair
orange_feathers,object/food
orange_feet,person/body
orange_fin,object/food
orange_fingernails,person/body
orange_fingers,person/body
orange_fire,object/food
orange_flower,scene/nature
orange_foreskin,object/food
orange_framed_eyewear,object/food
orange_freckles,person/body
orange_frill,object/food
orange_fur,object/food
orange_gem,object/food
orange_gemstone,object/food
orange_genital_slit,object/food
orange_gills,object/food
orange_glans,object/food
orange_glasses,clothing/accessory
orange_gloves,clothing/accessory
orange_glow,object/food
orange_goggles,clothing/accessory
orange_goo,object/food
orange_hair,person/hair
orange_hair_ornament,clothing/head
orange_hairband,clothing/head
orange_hakama,object/food
orange_halo,object/food
orange_hands,person/body
orange_handwear,object/food
orange_hanfu,clothing/whole
orange_hat,clothing/head
orange_head,person/body
orange_headband,clothing/head
orange_headphones,object/food
orange_headscarf,object/food
orange_heart,object/food
orange_helmet,clothing/head
orange_highlights,object/food
orange_hood,clothing/head
orange_hoodie,clothing/top
orange_hooves,object/food
orange_horn,object/food
orange_horns,object/food
orange_inner_ear,person/body
orange_inner_ear_fluff,person/body
orange_inner_pussy,sex/body
orange_innertube,object/food
orange_insides,object/food
orange_jacket,clothing/top
orange_jockstrap,object/food
orange_juice,object/food
orange_jumpsuit,clothing/whole
orange_kerchief,object/food
orange_kimono,clothing/whole
orange_knot,object/food
orange_latex,clothing/other
orange_leaf,scene/nature
orange_leaves,scene/nature
orange_leg_warmers,person/body
orange_leggings,clothing/bottom
orange_legs,person/body
orange_leotard,clothing/whole
orange_lesbian_pride_colors,object/food
orange_light,object/food
orange_lighting,object/food
orange_lips,person/body
orange_lipstick,object/food
orange_loincloth,object/food
orange_male_swimwear,person/count
orange_male_underwear,person/count
orange_mane,object/food
orange_markings,object/food
orange_mask,clothing/head
orange_membrane,object/food
orange_mittens,object/food
orange_monochrome,style/color
orange_moon,scene/sky
orange_mouth,person/body
orange_nails,object/food
orange_neck,person/body
orange_neckerchief,clothing/accessory
orange_necktie,clothing/accessory
orange_nipples,object/food
orange_nose,person/body
orange_one_piece_swimsuit,clothing/whole
orange_outline,object/food
orange_overalls,clothing/whole
orange_paint,object/food
orange_pajamas,clothing/whole
orange_panties,object/food
orange_pants,clothing/bottom
orange_pantyhose,clothing/legwear
orange_pawpads,object/food
orange_paws,object/food
orange_penis,sex/body
orange_pepper,object/food
orange_perineum,object/food
orange_petals,scene/nature
orange_pillow,object/food
orange_planet_uniform,clothing/whole
orange_print,object/food
orange_pseudo_hair,person/hair
orange_pubes,object/food
orange_pubic_hair,sex/body
orange_pup_mask,clothing/head
orange_pupils,person/eyes
orange_pussy,sex/body
orange_ribbon,clothing/head
orange_robe,clothing/whole
orange_rope,object/food
orange_rose,object/food
orange_sailor_collar,clothing/accessory
orange_sandals,clothing/footwear
orange_sarong,object/food
orange_sash,clothing/accessory
orange_scales,object/food
orange_scarf,clothing/accessory
orange_sclera,person/eyes
orange_scrunchie,object/food
orange_scutes,object/food
orange_seam_briefs,object/food
orange_seam_underwear,object/food
orange_serafuku,object/food
orange_shaped_earrings,clothing/accessory
orange_shaped_ornament,object/food
orange_shawl,object/food
orange_sheath,object/weapon
orange_shirt,clothing/top
orange_shoes,clothing/footwear
orange_shorts,clothing/bottom
orange_shrug,object/food
orange_skin,person/body
orange_skinsuit,object/food
orange_skirt,clothing/bottom
orange_sky,scene/sky
orange_sleeve_cuffs,object/food
orange_sleeves,object/food
orange_slice,object/food
orange_slime,object/food
orange_slingshot_swimsuit,clothing/whole
orange_slippers,clothing/footwear
orange_snout,object/food
orange_socks,clothing/legwear
orange_speech_bubble,style/quality
orange_speedo,object/food
orange_spikes,object/food
orange_spines,person/body
orange_sports_bra,clothing/top
orange_spots,object/food
orange_star_high_school,scene/indoor
orange_stockings,clothing/legwear
orange_streaks,object/food
orange_stripes,object/food
orange_suit,clothing/whole
orange_sunglasses,clothing/accessory
orange_sweater,clothing/top
orange_sweater_vest,clothing/top
orange_swim_trunks,object/food
orange_swimming_trunks,expression/action
orange_swimwear,object/food
orange_t_shirt,clothing/top
orange_tabard,object/food
orange_tail,object/food
orange_tail_tip,object/food
orange_tail_tuft,object/food
orange_tank_top,clothing/top
orange_tattoo,person/body
orange_teeth,person/body
orange_tentacles,sex/gear
orange_text,style/quality
orange_thigh_highs,person/body
orange_thighhighs,clothing/legwear
orange_thong,object/food
orange_tinted_eyewear,object/food
orange_tinted_glasses,clothing/accessory
orange_toes,person/body
orange_tongue,person/body
orange_topwear,object/food
orange_tree,scene/nature
orange_trim,object/food
orange_tube_top,clothing/top
orange_tuft,object/food
orange_tulip,object/food
orange_tunic,clothing/top
orange_umbrella,object/food
orange_underwear,object/food
orange_veil,clothing/head
orange_vest,clothing/top
orange_visor,object/food
orange_vulva,sex/body
orange_wall,scene/outdoor
orange_wings,object/food
orange_wrist_cuffs,person/body
orange_wristband,clothing/accessory
orbital_frame_(zone_of_the_enders),object/other
orbital_path,scene/outdoor
orca_boy,person/count
orca_girl,person/count
orca_hair_ornament,clothing/head
orca_hood,clothing/head
orchid_(flower),scene/nature
orchiectomy_scar,person/body
order_of_the_black_knights_uniform,clothing/whole
order_shot_(splatoon),camera/shot
order_suit_(splatoon),clothing/whole
ordering_food,object/food
organ_penetration,sex/act
organic_bra,clothing/top
organic_weapon,object/weapon
orgasm,sex/act
orgasm_after_death,sex/act
orgasm_arch,sex/act
orgasm_beam,sex/act
orgasm_command,sex/act
orgasm_control,sex/act
orgasm_count,sex/act
orgasm_counter,sex/act
orgasm_denial,sex/act
orgasm_denial_curse,sex/act
orgasm_face,sex/act
orgasm_from_footjob,sex/act
orgasm_from_frottage,sex/act
orgasm_from_handjob,sex/act
orgasm_from_kissing,sex/act
orgasm_from_rimming,sex/act
orgasm_from_sniffing,sex/act
orgasm_from_tranformation,sex/act
orgasm_from_transformation,sex/act
orgasm_meter,sex/act
orgasm_squirm,sex/act
orientation_play,camera/framing
origami_family's_elite_guard_uniform,clothing/whole
original_race_uniform_(umamusume),clothing/whole
orihime_(cosplay),style/medium
orihime_(tanabata)_(cosplay),style/medium
ornament_focus,camera/framing
ornate_armor,clothing/accessory
ornate_border,camera/framing
ornate_chastity_cage,object/tool
ornate_clothes,clothing/other
ornate_clothing,clothing/other
ornate_ring,clothing/accessory
ornate_weapon,object/weapon
osafune_girls_academy_school_uniform,clothing/whole
osaka_(city),scene/outdoor
osawa_rurino's_cardboard_box,object/tool
oscillating_fan,object/tool
oshino_shinobu_(cosplay),style/medium
osiris_red_uniform,clothing/whole
osmanthus_blade,object/weapon
otaku_room,scene/indoor
other_focus,camera/framing
other_with_female,person/count
other_with_male,person/count
otonashi_kotori_(cosplay),style/medium
otonokizaka_school_uniform,clothing/whole
otonokizaka_track_jacket,clothing/top
ototachibana_academy_school_uniform,clothing/whole
otter_boy,person/count
otter_costume,clothing/whole
otter_ears,person/body
otter_girl,person/count
oufi_association_(identity)_(project_moon),scene/sky
oufi_association_south_uniform,clothing/whole
ouran_high_school_uniform,clothing/whole
ouro_kronii_(cosplay),style/medium
out_of_character,person/count
out_of_focus,camera/framing
out_of_frame,object/other
out_of_frame_censoring,object/other
outdoor_background,scene/background
outdoor_nudity,sex/act
outdoors,scene/outdoor
outfit_change,clothing/whole
outfit_connection,clothing/whole
outfit_reference,clothing/whole
outgrowing_clothes,clothing/other
outie_navel,person/body
outline_speech_bubble,style/quality
outline_text,style/quality
outside_border,camera/framing
outside_masturbation,sex/act
outside_sex,sex/act
outside_view,camera/angle
outstretched_arm,person/body
outstretched_arms,person/body
outstretched_crossed_arms,person/body
outstretched_foot,person/body
outstretched_hand,person/body
outstretched_leg,person/body
outstretched_legs,person/body
oval_background,scene/background
oval_border,camera/framing
over_and_under_barreled_pistol,object/weapon
over_dildo,sex/gear
over_knee,person/body
over_kneehighs,clothing/legwear
over_sex_toy,sex/act
over_shoulder,person/body
over_table,object/other
over_the_collar_(idolmaster),clothing/accessory
over_the_knee,person/body
over_the_mouth_gag,person/body
over_the_nose_gag,person/body
overall_dress,clothing/whole
overall_shorts,clothing/bottom
overall_skirt,clothing/bottom
overalls,clothing/whole
overalls_down,clothing/whole
overalls_only,clothing/whole
overalls_pull,clothing/whole
overalls_removed,clothing/whole
overbarrel_grenade_launcher,object/weapon
overcast,scene/sky
overflowing_breasts,person/body
overhead_door,scene/outdoor
overly_muscular,person/body
oversized_ball_gag,object/toy
oversized_breast_cup,person/body
oversized_clothes,clothing/other
oversized_clothing,clothing/other
oversized_collar,clothing/accessory
oversized_fellatio,sex/act
oversized_flower,scene/nature
oversized_food,object/food
oversized_footwear,clothing/footwear
oversized_fork,object/food
oversized_gloves,clothing/accessory
oversized_hat,clothing/head
oversized_hoodie,clothing/top
oversized_jacket,clothing/top
oversized_oral,sex/act
oversized_pants,clothing/bottom
oversized_plant,scene/nature
oversized_shirt,clothing/top
oversized_spoon,object/food
oversized_sweater,clothing/top
oversized_weapon,object/weapon
oversized_zipper,clothing/other
overwatch_(logo),style/quality
overweight_dom_muscular_sub,person/body
overweight_female,person/count
overweight_human,person/count
overweight_humanoid,person/count
overweight_male,person/count
ovipositor_in_ass,person/body
ovipositor_in_mouth,person/body
ovipositor_in_pussy,sex/body
ovipositor_penetration,sex/act
ovipositor_penis,sex/body
ovum_penetration,sex/act
ovum_with_face,person/body
owl_boy,person/count
owl_costume,clothing/whole
owl_ears,person/body
owl_girl,person/count
owl_hat,clothing/head
own_cum_in_mouth,sex/act
own_cum_on_tongue,sex/act
own_fingers_together,person/body
own_hands_clasped,person/body
own_hands_together,person/body
ox_ears,person/body
ox_girl,person/count
oxygen_mask,clothing/head
oyakodon_(food),object/food
oyakodon_(sex),sex/act
oyama_mahiro_(cosplay),style/medium
p2020_(pistol),object/weapon
p_38_lightning,scene/sky
p_corp_uniform,clothing/whole
pac_man_eyes,person/eyes
pachinko_ball,object/toy
pacifier_in_mouth,person/body
pacifier_necklace,clothing/accessory
pack_noodles,object/food
padded_cloak,clothing/top
padded_coat,clothing/top
padded_gloves,clothing/accessory
padded_jacket,clothing/top
padded_room,scene/indoor
padded_vest,clothing/top
padded_walls,scene/outdoor
padisarah_flower,scene/nature
padlocked_chastity_cage,object/tool
padlocked_choker,clothing/accessory
padlocked_collar,clothing/accessory
pain_stars,scene/sky
pained_expression,expression/face
painful_penetration,sex/act
paint_bucket,object/tool
paint_can,object/food
paint_gun,object/weapon
paint_in_hair,person/hair
paint_on_clothes,clothing/other
paint_on_fingers,person/body
paint_on_hands,person/body
paint_splatter_on_face,person/body
paintbrush_hair_ornament,clothing/head
painted_background,scene/background
painted_balls,object/toy
painted_belly,person/body
painted_breasts,person/body
painted_butt,person/body
painted_clothes,clothing/other
painted_clothing,clothing/other
painted_on_face,person/body
painted_on_mouth,person/body
painted_penis,sex/body
painting,style/medium
painting_(action),style/medium
painting_(object),style/medium
painting_body,style/medium
painting_fingernails,style/medium
painting_nails,style/medium
painting_on_wall,style/medium
painting_toenails,style/medium
paired_penetration,sex/act
paizuri_day,scene/sky
paizuri_over_clothes,clothing/other
paizuri_under_clothes,clothing/other
pajama_pants,clothing/bottom
pajama_shirt,clothing/top
pajamas,clothing/whole
pajamas_challenge,clothing/whole
pajamas_challenge_(meme),clothing/whole
pajamas_lift,clothing/whole
pajamas_only,clothing/whole
pajamas_pull,clothing/whole
pale_eye,person/eyes
pale_eyes,person/eyes
pale_skin,person/body
pale_skinned_female,person/count
palestinian_flag,object/tool
palette_hair_ornament,clothing/head
palette_knife,object/weapon
palette_suit,clothing/whole
pallet_rifle_(evangelion),object/weapon
palm_leaf,scene/nature
palm_leaves,scene/nature
palm_tree,scene/nature
palm_tree_print,scene/nature
palutena_bow_(kid_icarus),clothing/head
pan_flute,object/tool
pan_magazine,object/weapon
panda_boy,person/count
panda_costume,clothing/whole
panda_earrings,clothing/accessory
panda_ears,person/body
panda_girl,person/count
panda_hair_ornament,clothing/head
panda_hat,clothing/head
panda_hood,clothing/head
panel_overlap,camera/framing
paneled_background,scene/background
pangolin_ears,person/body
pangu_terminal_(wuthering_waves),expression/action
pansexual_flag,object/tool
pant_suit,clothing/whole
panther_boy,person/count
panther_ears,person/body
panther_girl,person/count
panties_around_ankle,person/body
panties_around_ankles,person/body
panties_around_feet,person/body
panties_around_knees,person/body
panties_around_leg,person/body
panties_around_legs,person/body
panties_around_one_ankle,person/body
panties_around_one_finger,person/body
panties_around_one_leg,person/body
panties_around_thighs,person/body
panties_around_toe,person/body
panties_day,scene/sky
panties_in_mouth,person/body
panties_on_breasts,person/body
panties_on_face,person/body
panties_on_head,person/body
panties_on_penis,sex/body
panties_over_bike_shorts,clothing/bottom
panties_over_bodysuit,clothing/whole
panties_over_clothes,clothing/other
panties_over_garter_belt,clothing/legwear
panties_over_leggings,clothing/bottom
panties_over_pantyhose,clothing/legwear
panties_under_bike_shorts,clothing/bottom
panties_under_bodysuit,clothing/whole
panties_under_leotard,clothing/whole
panties_under_pantyhose,clothing/legwear
panties_under_shorts,clothing/bottom
panties_under_swimsuit,clothing/whole
panties_visible_through_clothes,clothing/other
pants,clothing/bottom
pants_(marking),clothing/bottom
pants_around_ankle,clothing/bottom
pants_around_ankles,clothing/bottom
pants_around_knees,clothing/bottom
pants_around_legs,clothing/bottom
pants_around_one_leg,clothing/bottom
pants_around_thighs,clothing/bottom
pants_aside,clothing/bottom
pants_down,clothing/bottom
pants_falling,clothing/bottom
pants_lift,clothing/bottom
pants_off,clothing/bottom
pants_on_floor,clothing/bottom
pants_only,clothing/bottom
pants_pull,clothing/bottom
pants_rolled_up,clothing/bottom
pants_tucked_in,clothing/bottom
pants_under_dress,clothing/whole
pants_under_shorts,clothing/bottom
pants_under_skirt,clothing/bottom
pants_undone,clothing/bottom
pants_wetting,clothing/bottom
pantsless_female,person/count
pantsless_humanoid,person/count
pantsless_male,person/count
panty_&_stocking_with_garterbelt_(style),style/medium
panty_(psg)_(cosplay),style/medium
panty_focus,camera/framing
panty_mask,clothing/head
panty_shot,camera/shot
pantyhose,clothing/legwear
pantyhose_around_legs,clothing/legwear
pantyhose_around_one_leg,clothing/legwear
pantyhose_cutout,clothing/legwear
pantyhose_lift,clothing/legwear
pantyhose_on_head,clothing/legwear
pantyhose_only,clothing/legwear
pantyhose_over_swimsuit,clothing/whole
pantyhose_pull,clothing/legwear
pantyhose_tug,clothing/legwear
pantyhose_under_buruma,clothing/legwear
pantyhose_under_leotard,clothing/whole
pantyhose_under_pants,clothing/bottom
pantyhose_under_shorts,clothing/bottom
pantyhose_under_swimsuit,clothing/whole
paopu_fruit,object/food
paper,object/tool
paper_(medium),object/tool
paper_airplane,object/tool
paper_background,scene/background
paper_bag,clothing/accessory
paper_bag_mask,clothing/head
paper_balloon,object/tool
paper_boat,object/tool
paper_chain,object/tool
paper_child,person/count
paper_clip,object/tool
paper_crane,object/tool
paper_crown,clothing/head
paper_cutout,object/tool
paper_doll,object/tool
paper_doll_chain,object/tool
paper_fan,object/tool
paper_flower,scene/nature
paper_hat,clothing/head
paper_in_mouth,person/body
paper_kabuto,object/tool
paper_lantern,object/tool
paper_moon_(fate/grand_order),scene/sky
paper_on_head,person/body
paper_plate,object/food
paper_roll,object/tool
paper_seal,object/tool
paper_stack,object/tool
paper_sword,object/weapon
paper_texture,object/tool
paper_towel,object/tool
paperclip_hair_ornament,clothing/head
papers,object/tool
paprika_private_academy_school_uniform,clothing/whole
parachute_pants,clothing/bottom
paradis_military_uniform,clothing/whole
paradise_private_academy_school_uniform,clothing/whole
parallel_sex,sex/act
parasite_dress_uniform_(darling_in_the_franxx),clothing/whole
parasite_suit_(darling_in_the_franxx),clothing/whole
parasitic_penis,sex/body
parasol,object/tool
parent_and_child,person/count
parent_incest,sex/act
parfait_glass,object/food
park,scene/outdoor
park_bench,scene/outdoor
park_ranger,scene/outdoor
parrot_boy,person/count
parrot_girl,person/count
parsee_day,scene/sky
parted_bangs,person/hair
parted_hair,person/hair
parted_lips,person/body
partial_bodysuit,clothing/whole
partial_line_speech_bubble,style/quality
partial_male,person/count
partial_nudity,sex/act
partial_speech_bubble,style/quality
partially_behind_glass,object/food
partially_clothed_anthro_nude_male,sex/act
partially_clothed_female,person/count
partially_clothed_female_nude_male,sex/act
partially_clothed_human,person/count
partially_clothed_humanoid,person/count
partially_clothed_male,person/count
partially_cracked_egg,object/food
partially_exposed_breasts,person/body
partially_exposed_penis,sex/body
partially_fingerless_gloves,clothing/accessory
partially_offscreen_character,person/count
partially_opaque_glasses,clothing/accessory
partially_opaque_sunglasses,clothing/accessory
partially_open_jacket,clothing/top
partially_open_shirt,clothing/top
partially_shaded_face,person/body
partially_submerged_breasts,person/body
partially_toeless_legwear,clothing/legwear
partially_underwater_shot,camera/shot
partially_unwrapped_candy,object/food
partially_visible_anus,sex/body
partially_visible_vulva,sex/body
particle_cannon_case,object/weapon
parting_water,scene/nature
partisan_(weapon),object/weapon
partly_fingerless_gloves,clothing/accessory
party_cannon,object/weapon
party_dress,clothing/whole
party_hat,clothing/head
party_sex,sex/act
passion_flower,scene/nature
passionlip_(fate)_(cosplay),style/medium
pasta,object/food
pastel_colors,style/color
pastel_goth,style/color
pastel_palettes_(bang_dream!),style/color
pastels,style/color
pasties_under_clothes,clothing/other
pastry_bag,clothing/accessory
pastry_box,object/tool
patched_clothing,clothing/other
patchouli_day,scene/sky
patchouli_knowledge_(cosplay),style/medium
patchwork_clothes,clothing/other
patchwork_clothing,clothing/other
patchwork_skin,person/body
patent_boots,clothing/footwear
patent_heels,clothing/footwear
path,scene/outdoor
path_lines,scene/outdoor
patio_umbrella,object/tool
patreon_logo,style/quality
patreon_logo_censor,style/quality
patriotic_clothing,clothing/other
patrol_cap,clothing/head
pattern_accessory,scene/background
pattern_apron,clothing/whole
pattern_arm_warmers,person/body
pattern_armwear,scene/background
pattern_background,scene/background
pattern_balloon,scene/background
pattern_bedding,scene/background
pattern_bikini,clothing/whole
pattern_bottomwear,scene/background
pattern_bow,clothing/head
pattern_boxers,scene/background
pattern_bra,clothing/top
pattern_briefs,scene/background
pattern_cape,clothing/top
pattern_capelet,scene/background
pattern_clothing,clothing/other
pattern_crop_top,clothing/top
pattern_diaper,scene/background
pattern_dress,clothing/whole
pattern_elbow_gloves,clothing/accessory
pattern_fingerless_gloves,clothing/accessory
pattern_footwear,clothing/footwear
pattern_gloves,clothing/accessory
pattern_handwear,scene/background
pattern_hat,clothing/head
pattern_headgear,scene/background
pattern_headwear,clothing/head
pattern_hoodie,clothing/top
pattern_jacket,clothing/top
pattern_kerchief,scene/background
pattern_leg_warmers,person/body
pattern_leggings,clothing/bottom
pattern_legwear,clothing/legwear
pattern_neckerchief,clothing/accessory
pattern_necktie,clothing/accessory
pattern_pajamas,clothing/whole
pattern_panties,scene/background
pattern_pants,clothing/bottom
pattern_scarf,clothing/accessory
pattern_shirt,clothing/top
pattern_shorts,clothing/bottom
pattern_skirt,clothing/bottom
pattern_socks,clothing/legwear
pattern_stockings,clothing/legwear
pattern_suit,clothing/whole
pattern_sweater,clothing/top
pattern_swimwear,scene/background
pattern_t_shirt,clothing/top
pattern_tank_top,clothing/top
pattern_thigh_highs,person/body
pattern_thigh_socks,clothing/legwear
pattern_thong,scene/background
pattern_topwear,scene/background
pattern_towel,scene/background
pattern_underwear,scene/background
pattern_vest,clothing/top
pattern_wall,scene/outdoor
patterned_background,scene/background
patterned_clothing,clothing/other
patterned_hair,person/hair
patterned_legwear,clothing/legwear
patterns,scene/background
patting_back,person/body
patting_belly,person/body
patting_butt,person/body
pauldron,clothing/accessory
pauldrons,clothing/accessory
paw_earrings,clothing/accessory
paw_flower,scene/nature
paw_gloves,clothing/accessory
paw_hair_ornament,clothing/head
paw_holding,expression/action
paw_in_mouth,person/body
paw_on_belly,person/body
paw_pattern,scene/background
paw_pendant,clothing/accessory
paw_pose,expression/pose
paw_print_background,scene/background
paw_print_pattern,scene/background
paw_print_socks,clothing/legwear
paw_print_tattoo,person/body
paw_shaped_pupils,person/eyes
paw_shoes,clothing/footwear
paw_shot,camera/shot
paw_socks,clothing/legwear
paw_tattoo,person/body
paw_tattoo_pubic,person/body
pawn_(chess),object/toy
pawprint_background,scene/background
pawprint_clothing,clothing/other
pawprint_collar_tag,clothing/accessory
pawprint_pattern,scene/background
pawprint_tattoo,person/body
paws_in_socks,clothing/legwear
paws_on_head,person/body
paws_on_penis,sex/body
pc_98_(style),style/medium
pdw_caliber_pistol,object/weapon
pea_(food),object/food
peaceful_expression,expression/face
peaceful_scenery,scene/background
peach_(fruit),object/food
peach_blossom,scene/nature
peach_hair_ornament,clothing/head
peach_hat_ornament,clothing/head
peach_tree,scene/nature
peacock_feathers_hair_ornament,clothing/head
peacock_hair,person/hair
peaked_cap,clothing/head
peanut_(food),object/food
peanut_mouth,person/body
pear_shaped_figure,person/count
pearl_(rain_world),scene/sky
pearl_(splatoon)_(cosplay),style/medium
pearl_belt,clothing/accessory
pearl_bracelet,clothing/accessory
pearl_choker,clothing/accessory
pearl_clan_outfit,clothing/whole
pearl_ear_ring,clothing/accessory
pearl_earrings,clothing/accessory
pearl_hair_ornament,clothing/head
pearl_hairband,clothing/head
pearl_necklace,clothing/accessory
pec_milking,sex/act
pec_pov_(meme),camera/angle
pecorine_(princess_connect!)_(cosplay),style/medium
pecs_focus,camera/framing
pecs_with_breasts,person/body
pectoral_(jewelry),clothing/accessory
pectoral_cleavage,person/body
pectoral_focus,camera/framing
pectoral_pillow,object/other
pectorals_on_glass,object/food
pedestrian_bridge,scene/outdoor
pedestrian_crossing_sign,object/tool
pedestrians_only_sign,object/tool
pee_on_face,person/body
peeing_in_ass,person/body
peeing_in_bottle,object/food
peeing_in_cup,object/food
peeing_in_mouth,person/body
peeing_in_vagina,sex/body
peeing_into_bowl,object/food
peeing_into_cup,object/food
peeing_into_pool,scene/outdoor
peeing_into_water,scene/nature
peeing_on_chest,person/body
peeing_on_clothing,clothing/other
peeing_on_face,person/body
peeing_on_leg,person/body
peeing_on_penis,sex/body
peeing_on_stomach,person/body
peeing_on_wall,scene/outdoor
peeing_through_clothing,clothing/other
peeing_underwater,scene/nature
peeking_penis,sex/body
peeking_through_door,scene/outdoor
peeking_through_fingers,person/body
peel_(tool),object/tool
peg_leg,person/body
pelvic_curtain,object/other
pelvic_curtain_aside,object/other
pelvic_curtain_lift,object/other
pen,object/tool
pen_behind_ear,person/body
pen_holder,object/tool
pen_in_mouth,person/body
pen_in_pocket,object/tool
pen_spinning,object/tool
pen_to_chin,person/body
pen_to_mouth,person/body
penalty_card,object/tool
pencil,object/tool
pencil_(object),object/tool
pencil_as_mustache,object/tool
pencil_behind_ear,person/body
pencil_case,object/tool
pencil_dress,clothing/whole
pencil_holder,object/tool
pencil_in_mouth,person/body
pencil_mustache,object/tool
pencil_sharpener,object/tool
pencil_skirt,clothing/bottom
pencil_to_face,person/body
pendant,clothing/accessory
pendant_choker,clothing/accessory
pendant_collar,clothing/accessory
pendant_earring,clothing/accessory
pendant_earrings,clothing/accessory
pendant_removed,clothing/accessory
pendant_watch,clothing/accessory
pendulum_clock,object/tool
penectomy_scar,person/body
penetrable_booty_toy,object/toy
penetrable_plug,sex/gear
penetrable_sex_toy,sex/act
penetrable_sex_toy_in_ass,sex/act
penetrable_sex_toy_in_mouth,sex/act
penetrable_sex_toy_insertion,sex/act
penetrated_pov,camera/angle
penetrating_pov,camera/angle
penetration,sex/act
penetration_close_up,sex/act
penetration_from_behind,camera/angle
penetration_gesture,sex/act
penetration_interlock,sex/act
penetration_lick,sex/act
penetration_through_clothes,clothing/other
penetration_through_clothing,clothing/other
penetration_tunneling,sex/act
penetration_while_penetrated,sex/act
penguin_costume,clothing/whole
penguin_girl,person/count
penguin_hair_ornament,clothing/head
penguin_hat,clothing/head
penguin_hood,clothing/head
penguin_logistics_logo,style/quality
penile_breasts,person/body
penile_masturbation,sex/act
penile_penetration,sex/act
penile_spines,person/body
penis,sex/body
penis_accessory,sex/body
penis_across_breasts,sex/body
penis_against_cheek,sex/body
penis_and_testicles_touching,sex/body
penis_arm,sex/body
penis_awe,sex/body
penis_backwards,sex/body
penis_base,sex/body
penis_behind_thighs,sex/body
penis_bell,sex/body
penis_between_breasts,sex/body
penis_between_buttocks,sex/body
penis_between_feet,sex/body
penis_between_forepaws,sex/body
penis_between_hands,sex/body
penis_between_pecs,sex/body
penis_between_thighs,sex/body
penis_between_toes,sex/body
penis_bigger_than_body,sex/body
penis_bigger_than_torso,sex/body
penis_bite,sex/body
penis_biting,sex/body
penis_blush,sex/body
penis_bondage,sex/body
penis_bow,clothing/head
penis_chart,sex/body
penis_close_to_face,sex/body
penis_close_up,sex/body
penis_clothing,clothing/other
penis_collar,clothing/accessory
penis_comparison,sex/body
penis_conforming,sex/body
penis_covering_eyes,sex/body
penis_cuff,sex/body
penis_drawing,sex/body
penis_earrings,clothing/accessory
penis_eating,sex/body
penis_envy,sex/body
penis_everywhere,sex/body
penis_expansion,sex/body
penis_extension,sex/body
penis_face,sex/body
penis_fingers,sex/body
penis_fluid,sex/body
penis_focus,camera/framing
penis_fondling,sex/body
penis_grab,sex/body
penis_growth,sex/body
penis_harness,sex/body
penis_hat,clothing/head
penis_head,sex/body
penis_hold,sex/body
penis_horn,sex/body
penis_hot_dog,sex/body
penis_hug,sex/body
penis_humiliation,sex/body
penis_imprint,sex/body
penis_in_ass,sex/body
penis_in_bikini,clothing/whole
penis_in_cloaca,sex/body
penis_in_ear,sex/body
penis_in_eye,sex/body
penis_in_face,sex/body
penis_in_glove,sex/body
penis_in_hand,sex/body
penis_in_mouth,sex/body
penis_in_navel,sex/body
penis_in_nipple,sex/body
penis_in_nose,sex/body
penis_in_own_ass,sex/body
penis_in_own_mouth,sex/body
penis_in_own_pussy,sex/body
penis_in_own_vagina,sex/body
penis_in_panties,sex/body
penis_in_pantyhose,clothing/legwear
penis_in_penis,sex/body
penis_in_pseudo_penis,sex/body
penis_in_pussy,sex/body
penis_in_sex_toy,sex/act
penis_in_sheath,sex/body
penis_in_slime,sex/body
penis_in_slit,sex/body
penis_in_stomach,sex/body
penis_in_swimsuit,clothing/whole
penis_in_tentacle,sex/body
penis_in_thigh_high,sex/body
penis_in_thighhigh,sex/body
penis_in_urethra,sex/body
penis_in_uterus,sex/body
penis_in_vagina,sex/body
penis_inflation,sex/body
penis_jewelry,clothing/accessory
penis_kissing,sex/body
penis_leash,sex/body
penis_leg,sex/body
penis_lick,sex/body
penis_lift,sex/body
penis_limb,sex/body
penis_locked_in_mouth,sex/body
penis_markings,sex/body
penis_marriage,sex/body
penis_measuring,sex/body
penis_milking,sex/act
penis_milking_machine,sex/act
penis_mouth,sex/body
penis_nipples,sex/body
penis_nursing,sex/body
penis_nuzzling,sex/body
penis_on_anus,sex/body
penis_on_ass,sex/body
penis_on_back,sex/body
penis_on_balls,sex/body
penis_on_belly,sex/body
penis_on_breast,sex/body
penis_on_butt,sex/body
penis_on_cheek,sex/body
penis_on_chest,sex/body
penis_on_face,sex/body
penis_on_feet,sex/body
penis_on_glass,sex/body
penis_on_ground,sex/body
penis_on_head,sex/body
penis_on_leg,sex/body
penis_on_lips,sex/body
penis_on_nose,sex/body
penis_on_pussy,sex/body
penis_on_shoulder,sex/body
penis_on_stomach,sex/body
penis_on_table,sex/body
penis_on_tongue,sex/body
penis_on_vulva,sex/body
penis_ornament,sex/body
penis_out,sex/body
penis_out_of_frame,sex/body
penis_out_of_underwear,sex/body
penis_outline,sex/body
penis_over_eyes,sex/body
penis_over_one_eye,sex/body
penis_over_shoulder,sex/body
penis_peek,sex/body
penis_peeking_out_of_water,sex/body
penis_piercing,sex/body
penis_piercings,sex/body
penis_plug,sex/body
penis_poke,sex/body
penis_poking_out,sex/body
penis_popsicle,sex/body
penis_pump,sex/body
penis_resting_on_thigh,sex/body
penis_ribbon,clothing/head
penis_riding,sex/body
penis_ring_(piercing),clothing/accessory
penis_rope,sex/body
penis_rubbing,sex/body
penis_scar,sex/body
penis_shadow,sex/body
penis_shaped_bulge,sex/body
penis_sheath,sex/body
penis_shot,camera/shot
penis_shrinking,sex/body
penis_silhouette,sex/body
penis_sitting,sex/body
penis_size_comparison,sex/body
penis_size_difference,sex/body
penis_slip,sex/body
penis_snake,sex/body
penis_sniffing,sex/body
penis_squeeze,sex/body
penis_squish,sex/body
penis_stroking_machine,sex/body
penis_tail,sex/body
penis_tattoo,sex/body
penis_tentacle,sex/body
penis_tentacles,sex/body
penis_theft,sex/body
penis_through_clothing,clothing/other
penis_through_fly,sex/body
penis_through_leghole,sex/body
penis_through_neckhole,sex/body
penis_through_underwear,sex/body
penis_tied,sex/body
penis_tip,sex/body
penis_to_breast,sex/body
penis_to_butt,sex/body
penis_to_navel,sex/body
penis_to_vagina_tf,sex/body
penis_tongue,sex/body
penis_torture,sex/body
penis_touching,sex/body
penis_towards_viewer,sex/body
penis_tuck,sex/body
penis_under_another's_clothes,clothing/other
penis_under_another's_clothing,clothing/other
penis_under_breasts,sex/body
penis_under_clothes,clothing/other
penis_under_clothing,clothing/other
penis_under_dress,clothing/whole
penis_under_mask,clothing/head
penis_under_shirt,clothing/top
penis_under_skirt,clothing/bottom
penis_vibrator,sex/body
penis_visible_through_thighs,sex/body
penis_worship,sex/body
penis_wrap,sex/body
pennant_banner,object/tool
penny_loafers,clothing/footwear
pens,object/tool
pentacle_necklace,clothing/accessory
pentagram_earrings,clothing/accessory
pentagram_eyes,person/eyes
pentagram_hair_ornament,clothing/head
pentagram_necklace,clothing/accessory
pentagram_pendant,clothing/accessory
pentagram_tattoo,person/body
peony_(flower),scene/nature
people,person/count
people's_liberation_army,person/count
people's_liberation_army_air_force,person/count
people's_liberation_army_ground_force,person/count
people's_liberation_army_navy,person/count
people's_republic_of_china_flag,person/count
pepper_(fruit),object/food
pepper_box,object/tool
pepper_box_handgun,object/tool
peppermint_(candy),object/food
pepperoni_pizza,object/food
pequod_(identity)_(project_moon),scene/sky
perfect_night_(le_sserafim),scene/sky
perfume_bottle,object/food
perimeter_wall,scene/outdoor
periodic_table,object/other
perky_breasts,person/body
perky_butt,person/body
permanent_bondage,sex/gear
permanent_orgasm_denial,sex/act
permanent_smile,expression/face
perrine_h._clostermann_(cosplay),style/medium
person_and_animalization,person/count
person_and_furrification,person/count
person_as_gift,person/count
person_between_breasts,person/body
person_of_color,person/count
person_on_back,person/body
person_on_hand,person/body
person_on_head,person/body
person_on_shoulder,person/body
person_present,person/count
persona_eyes,person/eyes
personal_defense_weapon,object/weapon
perspective,camera/angle
perspective_incorrect_clothing,camera/angle
perspective_incorrect_plaid,camera/angle
perspective_incorrect_texturing,camera/angle
perspective_shot,camera/shot
perspective_text,style/quality
pet_bed,object/other
pet_bowl,object/food
pet_door,scene/outdoor
pet_food,object/food
pet_rock,scene/nature
pet_store,scene/indoor
pet_walking,expression/action
petal_hair,person/hair
petal_in_mouth,person/body
petal_on_face,person/body
petal_on_head,person/body
petal_on_nose,person/body
petals,scene/nature
petals_in_mouth,person/body
petals_on_ground,scene/nature
petals_on_liquid,scene/nature
peter_pan_collar,clothing/accessory
petting_pov,camera/angle
petunia_(flower),scene/nature
phallic_tattoo,person/body
phalloplasty_scar,person/body
philippine_flag,object/tool
philosopher's_stone,scene/nature
phoenix_crown,clothing/head
phoenix_wright_(cosplay),style/medium
phone,object/tool
phone_app,object/tool
phone_between_breasts,person/body
phone_book,object/tool
phone_booth,object/tool
phone_call,object/tool
phone_camera,object/tool
phone_charm,object/tool
phone_drawing,object/tool
phone_in_pocket,object/tool
phone_number,object/tool
phone_on_wall,scene/outdoor
phone_over_face,person/body
phone_ringing,object/tool
phone_screen,object/tool
phone_sex,sex/act
phone_stand,object/tool
phone_view,object/tool
phone_with_ears,person/body
photo,style/medium
photo_(object),style/medium
photo_album,style/medium
photo_background,style/medium
photo_bashing,style/medium
photo_booth,style/medium
photo_date_watermark,style/quality
photo_inset,style/medium
photo_on_wall,style/medium
photo_reference,style/medium
photo_shoot,style/medium
photo_stand_in,style/medium
photocopying_butt,person/body
photorealistic,style/medium
phrygian_cap,clothing/head
phrygian_helmet,clothing/head
physical_censor_bar,scene/indoor
piano,object/tool
piano_bench,object/tool
piano_keys,object/tool
piano_print,object/tool
piccolo_(cosplay),style/medium
pichu_(cosplay),style/medium
picket_fence,scene/outdoor
picking_fruit,object/food
picking_nose,person/body
picking_teeth,person/body
pickle_(food),object/food
picnic_blanket,object/other
picnic_table,object/other
picture_book,object/tool
picture_frame,object/other
picture_hat,clothing/head
picture_on_wall,scene/outdoor
pie_(food),object/food
pie_cut_eyes,person/eyes
pie_in_face,person/body
piebald_skin,person/body
pier,scene/outdoor
pierced_hat,clothing/head
piercing_bondage,sex/gear
piercing_through_clothes,clothing/other
pig_boy,person/count
pig_costume,clothing/whole
pig_ears,person/body
pig_girl,person/count
pig_hair_ornament,clothing/head
pig_head,person/body
pig_hood,clothing/head
pig_man,person/count
pig_mask,clothing/head
pig_nose,person/body
pig_penis,sex/body
pig_tattoo,person/body
pigeon_pose,expression/pose
pigtail_braids,person/hair
pikachu_(cosplay),style/medium
pikachu_costume,clothing/whole
pikachu_ears,person/body
pikachu_hood,clothing/head
pikachu_tail_(female),person/count
pikarigaoka_middle_school_uniform,clothing/whole
pike_(weapon),object/weapon
piko_piko_hammer,object/tool
pile_of_books,object/tool
pile_of_cards,object/tool
pile_of_money,object/tool
piledriver_(sex),sex/act
pill,object/tool
pill_background,scene/background
pill_bottle,object/food
pill_earrings,clothing/accessory
pill_hair_ornament,clothing/head
pill_in_mouth,person/body
pill_on_tongue,person/body
pill_print,object/tool
pill_ring,clothing/accessory
pillbox_hat,clothing/head
pillow,object/other
pillow_bite,object/other
pillow_fight,object/other
pillow_fort,object/other
pillow_grab,object/other
pillow_hug,expression/action
pillow_humping,object/other
pillow_sex,sex/act
pillow_straddling,object/other
pillow_talk,object/other
pills,object/tool
pilot_chair,object/other
pilot_hat,clothing/head
pilot_helmet,clothing/head
pilot_uniform,clothing/whole
pimp_hat,clothing/head
pinafore_dress,clothing/whole
pinching_belly,person/body
pinching_cheeks,person/body
pinching_own_belly,person/body
pine_tree,scene/nature
pineapple_hair_ornament,clothing/head
pineapple_on_pizza,object/food
pineapple_pattern,scene/background
pineapple_print_bikini,clothing/whole
pink_anal_beads,sex/body
pink_apron,clothing/whole
pink_areola,sex/body
pink_arm_warmers,person/body
pink_armor,clothing/accessory
pink_arms,person/body
pink_background,scene/background
pink_backpack,clothing/accessory
pink_bag,clothing/accessory
pink_ball_gag,object/toy
pink_balls,object/toy
pink_bed,object/other
pink_bed_sheet,object/other
pink_belly,person/body
pink_belt,clothing/accessory
pink_beret,clothing/head
pink_bikini,clothing/whole
pink_bikini_bottom,clothing/whole
pink_bikini_top,clothing/whole
pink_blanket,object/other
pink_blindfold,clothing/head
pink_blouse,clothing/top
pink_blush,expression/face
pink_bodysuit,clothing/whole
pink_boots,clothing/footwear
pink_border,camera/framing
pink_bow,clothing/head
pink_bow_tie,clothing/head
pink_bowtie,clothing/accessory
pink_bra,clothing/top
pink_breasts,person/body
pink_bridal_gauntlets,clothing/accessory
pink_brooch,clothing/accessory
pink_butt,person/body
pink_camisole,clothing/top
pink_cape,clothing/top
pink_cardigan,clothing/top
pink_carpet,object/other
pink_chair,object/other
pink_chastity_cage,object/tool
pink_check_school,scene/indoor
pink_check_school_(idolmaster),scene/indoor
pink_cheeks,person/body
pink_chest,person/body
pink_choker,clothing/accessory
pink_clitoral_hood,clothing/head
pink_cloak,clothing/top
pink_clothing,clothing/other
pink_clouds,scene/sky
pink_coat,clothing/top
pink_collar,clothing/accessory
pink_condom,sex/gear
pink_crop_top,clothing/top
pink_crown,clothing/head
pink_cum,sex/act
pink_curtains,object/other
pink_detached_collar,clothing/accessory
pink_dildo,sex/gear
pink_donut,object/food
pink_dot_balloon_(idolmaster),object/toy
pink_dress,clothing/whole
pink_dress_shirt,clothing/whole
pink_ear_tips,person/body
pink_ears,person/body
pink_elbow_gloves,clothing/accessory
pink_eyelashes,person/eyes
pink_eyelids,person/eyes
pink_eyes,person/eyes
pink_eyeshadow,person/eyes
pink_face,person/body
pink_facial_hair,person/hair
pink_feather_hair,person/hair
pink_feet,person/body
pink_fingerless_gloves,clothing/accessory
pink_fingernails,person/body
pink_fingers,person/body
pink_flower,scene/nature
pink_freckles,person/body
pink_garter,clothing/legwear
pink_garter_belt,clothing/legwear
pink_garter_straps,clothing/legwear
pink_glasses,clothing/accessory
pink_gloves,clothing/accessory
pink_hair,person/hair
pink_hair_bow,clothing/head
pink_hair_tie,person/hair
pink_hair_tips,person/hair
pink_hairband,clothing/head
pink_hanbok,clothing/whole
pink_hands,person/body
pink_hanfu,clothing/whole
pink_hat,clothing/head
pink_head,person/body
pink_headband,clothing/head
pink_headphones,object/tool
pink_heels,clothing/footwear
pink_helmet,clothing/head
pink_hood,clothing/head
pink_hoodie,clothing/top
pink_inner_ear,person/body
pink_inner_ear_fluff,person/body
pink_inner_pussy,sex/body
pink_jacket,clothing/top
pink_jewelry,clothing/accessory
pink_jumpsuit,clothing/whole
pink_kimono,clothing/whole
pink_latex,clothing/other
pink_leash,sex/gear
pink_leaves,scene/nature
pink_leg_warmers,person/body
pink_leggings,clothing/bottom
pink_legs,person/body
pink_leotard,clothing/whole
pink_leotard_(dq),clothing/whole
pink_lips,person/body
pink_male_swimwear,person/count
pink_male_symbol,person/count
pink_male_underwear,person/count
pink_mask,clothing/head
pink_monochrome,style/color
pink_moon,scene/sky
pink_moon_stick,scene/sky
pink_mouth,person/body
pink_neck,person/body
pink_neckerchief,clothing/accessory
pink_necklace,clothing/accessory
pink_necktie,clothing/accessory
pink_nightgown,clothing/whole
pink_nose,person/body
pink_one_piece_swimsuit,clothing/whole
pink_outfit,clothing/whole
pink_overalls,clothing/whole
pink_pajamas,clothing/whole
pink_pants,clothing/bottom
pink_pantyhose,clothing/legwear
pink_penis,sex/body
pink_petals,scene/nature
pink_phone,object/tool
pink_pseudo_hair,person/hair
pink_pseudo_penis,sex/body
pink_pubic_hair,sex/body
pink_pupils,person/eyes
pink_pussy,sex/body
pink_ribbon,clothing/head
pink_robe,clothing/whole
pink_rope,object/tool
pink_sailor_collar,clothing/accessory
pink_sandals,clothing/footwear
pink_santa_costume,clothing/whole
pink_sash,clothing/accessory
pink_scar,person/body
pink_scarf,clothing/accessory
pink_sclera,person/eyes
pink_sheath,object/weapon
pink_sheath_slit,object/weapon
pink_shirt,clothing/top
pink_shoes,clothing/footwear
pink_shorts,clothing/bottom
pink_skin,person/body
pink_skirt,clothing/bottom
pink_sky,scene/sky
pink_sling_bikini,clothing/whole
pink_slingshot_swimsuit,clothing/whole
pink_slippers,clothing/footwear
pink_sneakers,clothing/footwear
pink_socks,clothing/legwear
pink_sofa,object/other
pink_speech_bubble,style/quality
pink_sports_bra,clothing/top
pink_stockings,clothing/legwear
pink_suit,clothing/whole
pink_sunglasses,clothing/accessory
pink_sweater,clothing/top
pink_sweater_vest,clothing/top
pink_t_shirt,clothing/top
pink_tank_top,clothing/top
pink_tattoo,person/body
pink_teeth,person/body
pink_tentacles,sex/gear
pink_text,style/quality
pink_thigh_highs,person/body
pink_thigh_socks,clothing/legwear
pink_thighhighs,clothing/legwear
pink_tinted_glasses,clothing/accessory
pink_toe_claws,person/body
pink_toes,person/body
pink_tongue,person/body
pink_track_suit,clothing/whole
pink_tube_top,clothing/top
pink_tunic,clothing/top
pink_umbrella,object/tool
pink_veil,clothing/head
pink_vest,clothing/top
pink_vibrator,sex/gear
pink_vulva,sex/body
pink_wall,scene/outdoor
pink_water,scene/nature
pink_weapon,object/weapon
pink_wrist_cuffs,person/body
pinky_(identity)_(project_moon),scene/sky
pinky_ring,clothing/accessory
pinky_to_mouth,person/body
pinned_arms,person/body
pinned_by_balls,object/toy
pinned_by_belly,person/body
pinned_by_butt,person/body
pinned_by_foot,person/body
pinned_by_hand,person/body
pinned_head,person/body
pinned_to_bed,object/other
pinned_to_wall,scene/outdoor
pinstripe_bow,clothing/head
pinstripe_camisole,clothing/top
pinstripe_coat,clothing/top
pinstripe_dress,clothing/whole
pinstripe_hat,clothing/head
pinstripe_jacket,clothing/top
pinstripe_kimono,clothing/whole
pinstripe_legwear,clothing/legwear
pinstripe_one_piece_swimsuit,clothing/whole
pinstripe_pants,clothing/bottom
pinstripe_pantyhose,clothing/legwear
pinstripe_pattern,scene/background
pinstripe_ribbon,clothing/head
pinstripe_shirt,clothing/top
pinstripe_shorts,clothing/bottom
pinstripe_skirt,clothing/bottom
pinstripe_socks,clothing/legwear
pinstripe_suit,clothing/whole
pinstripe_thighhighs,clothing/legwear
pinstripe_vest,clothing/top
pinup_(portrait),camera/shot
pinup_(style),style/medium
pinwheel_eyes,person/eyes
pinwheel_hair_ornament,clothing/head
pinyin_text,style/quality
pioneer_neckerchief,clothing/accessory
pip_boy,person/count
pip_focus,camera/framing
pipe,object/tool
pipe_bomb,object/tool
pipe_in_mouth,person/body
pipe_organ,object/tool
pipe_wrench,object/tool
piping_bag,clothing/accessory
pirate_costume,clothing/whole
pirate_hat,clothing/head
pirate_outfit,clothing/whole
piss_bottle,object/food
pistol,object/weapon
pistol_caliber_carbine,object/weapon
pistol_cartridge,object/weapon
pistol_holster,object/weapon
pistol_sword,object/weapon
pita_(food),object/food
pitcher_plant,scene/nature
pith_helmet,clothing/head
pivoted_ears,person/body
pixel_art,style/medium
pixel_art_inset,style/medium
pixel_eyes,style/medium
pixel_heart,style/medium
pixel_text,style/quality
pixelated_background,scene/background
pixelated_penis,sex/body
pixels,style/medium
pixie_cut,person/hair
pixiv_bottle_(meme),object/food
pixiv_logo,style/quality
piyo_piyo_apron,clothing/whole
pizza,object/food
pizza_box,object/food
pizza_box_computer,object/food
pizza_cutter,object/food
pizza_delivery,object/food
pizza_delivery_carrier,object/food
pizza_print,object/food
pizza_slice,object/food
pizza_toast,object/food
pk_academy_school_uniform,clothing/whole
pk_machine_gun,object/weapon
plague_doctor_mask,clothing/head
plaid_apron,clothing/whole
plaid_background,scene/background
plaid_bag,clothing/accessory
plaid_belt,clothing/accessory
plaid_bikini,clothing/whole
plaid_blanket,object/other
plaid_border,camera/framing
plaid_bow,clothing/head
plaid_bowtie,clothing/accessory
plaid_bra,clothing/top
plaid_cape,clothing/top
plaid_clothes,clothing/other
plaid_clothing,clothing/other
plaid_coat,clothing/top
plaid_collar,clothing/accessory
plaid_dress,clothing/whole
plaid_footwear,clothing/footwear
plaid_gloves,clothing/accessory
plaid_hairband,clothing/head
plaid_hat,clothing/head
plaid_hoodie,clothing/top
plaid_jacket,clothing/top
plaid_kimono,clothing/whole
plaid_leg_warmers,person/body
plaid_legwear,clothing/legwear
plaid_male_underwear,person/count
plaid_neckerchief,clothing/accessory
plaid_necktie,clothing/accessory
plaid_one_piece_swimsuit,clothing/whole
plaid_pajamas,clothing/whole
plaid_pants,clothing/bottom
plaid_pantyhose,clothing/legwear
plaid_pillow,object/other
plaid_ribbon,clothing/head
plaid_sailor_collar,clothing/accessory
plaid_scarf,clothing/accessory
plaid_shirt,clothing/top
plaid_shorts,clothing/bottom
plaid_skirt,clothing/bottom
plaid_socks,clothing/legwear
plaid_sweater,clothing/top
plaid_sweater_vest,clothing/top
plaid_swimsuit,clothing/whole
plaid_thighhighs,clothing/legwear
plaid_umbrella,object/tool
plaid_vest,clothing/top
plaid_wrist_cuffs,person/body
plain_doll_(cosplay),style/medium
planet,scene/sky
planet_destruction,scene/sky
planet_diving_suit_(7th)_(stellar_blade),clothing/whole
planet_dwarfing,scene/sky
planet_earrings,clothing/accessory
planet_hair_ornament,clothing/head
planet_insertion,sex/act
planet_penetrated,scene/sky
planet_popstar,scene/sky
planet_rings,clothing/accessory
planet_symbol,scene/sky
planet_vore,scene/sky
planetary_ring,clothing/accessory
plant,scene/nature
plant_boy,person/count
plant_clothing,clothing/other
plant_dress,clothing/whole
plant_focus,camera/framing
plant_girl,person/count
plant_growth,scene/nature
plant_hair,person/hair
plant_horn,scene/nature
plant_in_anus,sex/body
plant_in_vagina,sex/body
plant_manipulation,scene/nature
plant_name,scene/nature
plant_on_head,person/body
plant_pot,scene/nature
plant_pred,scene/nature
plant_print,scene/nature
plant_roots,scene/nature
plant_sex,sex/act
plant_tail,scene/nature
plant_tentacles,sex/gear
plant_transformation,scene/nature
plant_vore,scene/nature
plant_wings,scene/nature
planted_arrow,object/weapon
planted_axe,object/weapon
planted_gun,object/weapon
planted_knife,object/weapon
planted_leg,person/body
planted_legs,person/body
planted_shield,object/weapon
planted_sign,object/tool
planted_spear,object/weapon
planted_sword,object/weapon
planted_umbrella,object/tool
planted_weapon,object/weapon
plap_plap_plap_get_pregnant_(meme),sex/body
plasma_cannon,object/weapon
plasma_gun,object/weapon
plasma_pistol,object/weapon
plasma_rifle,object/weapon
plasma_sword,object/weapon
plastic_bag,clothing/accessory
plastic_bottle,object/food
plastic_pants,clothing/bottom
plastic_spoon,object/food
plate,object/food
plate_armor,clothing/accessory
plate_carrier,object/food
plate_mail,object/food
plate_spinning,object/food
plate_stack,object/food
platelet_(hataraku_saibou)_(cosplay),style/medium
platform_boots,clothing/footwear
platform_heels,clothing/footwear
platform_leg_glider_position,person/body
platform_missionary_position,sex/act
platform_sandals,clothing/footwear
platform_sex,sex/act
platform_shoes,clothing/footwear
platform_standing_doggystyle,sex/act
platonic_sleeping_together,expression/action
playable_character_celebration,person/count
playboy_bunny_swimsuit,clothing/whole
playboy_bunny_vest,clothing/top
playboy_outfit,clothing/whole
player_character,person/count
player_palico_(cosplay),style/medium
playful_face,person/body
playground,scene/outdoor
playground_equipment_(kemono_friends_pavilion),scene/outdoor
playing,expression/action
playing_bass_guitar,expression/action
playing_card,expression/action
playing_card_(medium),expression/action
playing_card_earrings,clothing/accessory
playing_card_print,expression/action
playing_card_template,expression/action
playing_card_theme,expression/action
playing_chess,expression/action
playing_dead,expression/action
playing_doctor,expression/action
playing_drum,expression/action
playing_drums,expression/action
playing_flute,expression/action
playing_game,expression/action
playing_games,expression/action
playing_guitar,expression/action
playing_instrument,expression/action
playing_music,expression/action
playing_piano,expression/action
playing_sport,expression/action
playing_sports,expression/action
playing_tabletop_game,expression/action
playing_video_game,expression/action
playing_video_games,expression/action
playing_violin,expression/action
playing_with_another's_ears,expression/action
playing_with_another's_hair,expression/action
playing_with_cards,expression/action
playing_with_hair,expression/action
playing_with_own_hair,expression/action
playing_with_penis,sex/body
playing_with_toys,expression/action
playstation_controller,object/toy
playstation_logo,style/quality
pleading_eyes,person/eyes
pleading_face_emoji,person/body
pleased_expression,expression/face
pleasured_female,person/count
pleasured_male,person/count
pleated_cape,clothing/top
pleated_dress,clothing/whole
pleated_pants,clothing/bottom
pleated_shirt,clothing/top
pleated_shorts,clothing/bottom
pleated_skirt,clothing/bottom
plectrum_in_mouth,person/body
plow_pose,expression/pose
plucking_petals,scene/nature
plug_(jewelry),clothing/accessory
plug_(piercing),sex/gear
plug_(sex_toy),sex/act
plug_after_use,sex/gear
plug_gag,sex/gear
plug_insertion,sex/act
plugging_ears,person/body
plugsuit_(cosplay),style/medium
plum_(fruit),object/food
plum_blossom_print,scene/nature
plum_blossoms,scene/nature
plump_camel_toe,person/body
plump_lips,person/body
plump_thighs,person/body
plus_sign,object/tool
plush_stuffing,object/toy
pluto_(planet),scene/sky
pochacco_(cosplay),style/medium
pochita_(chainsaw_man)_(cosplay),style/medium
pocket_pistol,object/weapon
pocket_watch,object/tool
pocky_day,scene/sky
pocky_in_mouth,person/body
pocky_strawberry,object/food
poet_shirt,clothing/top
pog_face,person/body
point_ears,person/body
pointe_shoes,clothing/footwear
pointed_bangs,person/hair
pointed_crown,clothing/head
pointed_feet,person/body
pointed_footwear,clothing/footwear
pointed_nose,person/body
pointed_tongue,person/body
pointing,expression/action
pointing_at_another,expression/action
pointing_at_belly,expression/action
pointing_at_breasts,expression/action
pointing_at_butt,expression/action
pointing_at_crotch,sex/body
pointing_at_foot,expression/action
pointing_at_head,expression/action
pointing_at_mouth,expression/action
pointing_at_object,expression/action
pointing_at_penis,sex/body
pointing_at_pussy,sex/body
pointing_at_self,expression/action
pointing_at_viewer,expression/action
pointing_back,expression/action
pointing_backward,expression/action
pointing_down,expression/action
pointing_finger,expression/action
pointing_forward,expression/action
pointing_gun,expression/action
pointing_gun_at_another,expression/action
pointing_gun_at_viewer,expression/action
pointing_melee_weapon,expression/action
pointing_out_the_details,expression/action
pointing_spider_man_(meme),expression/action
pointing_sword,expression/action
pointing_to_the_side,expression/action
pointing_up,expression/action
pointing_weapon,expression/action
pointing_with_thumb,expression/action
pointless_condom,sex/gear
pointy_and_animal_ears,person/body
pointy_boots,clothing/footwear
pointy_breasts,person/body
pointy_chin,person/body
pointy_ears,person/body
pointy_feet,person/body
pointy_fingers,person/body
pointy_hair,person/hair
pointy_nose,person/body
pointy_shoes,clothing/footwear
pointy_speech_bubble,style/quality
pointy_sunglasses,clothing/accessory
poison_(final_fight)_(cosplay),style/medium
poison_apple,object/food
poke_ball,object/toy
poke_ball_(basic),object/toy
poke_ball_(generic),object/toy
poke_ball_(legends),object/toy
poke_ball_earrings,clothing/accessory
poke_ball_hair_ornament,clothing/head
poke_ball_insertion,sex/act
poke_ball_mug,object/food
poke_ball_print,object/toy
poke_ball_symbol,object/toy
poke_ball_theme,object/toy
poke_flute,object/tool
poke_kid_(pokemon)_(cosplay),style/medium
pokeball_anal_beads,sex/body
pokeball_background,scene/background
pokeball_chastity_cage,object/tool
pokeball_clothing,clothing/other
pokeball_collar,clothing/accessory
pokeball_in_mouth,person/body
pokeball_insertion,sex/act
pokeball_necklace,clothing/accessory
pokeball_necktie,clothing/accessory
pokeball_sex_toy,sex/act
pokedollar_sign,object/tool
pokemon_between_breasts,person/body
pokemon_between_legs,person/body
pokemon_card,object/tool
pokemon_clothing,clothing/other
pokemon_costume,clothing/whole
pokemon_day,scene/sky
pokemon_ears,person/body
pokemon_egg,object/food
pokemon_focus,camera/framing
pokemon_gsc_(style),style/medium
pokemon_gym,scene/indoor
pokemon_on_arm,person/body
pokemon_on_back,person/body
pokemon_on_head,person/body
pokemon_on_leg,person/body
pokemon_on_shoulder,person/body
pokemon_ranger_uniform,clothing/whole
pokemon_rgby_(style),style/medium
pokemon_ribbon,clothing/head
poker_face,person/body
poker_face_failure,person/body
poker_table,object/other
pokestar_studios,scene/indoor
poking_another's_breast,person/body
poking_ass,person/body
poking_belly,person/body
poking_butt,person/body
poking_head,person/body
poking_nose,person/body
poking_own_breast,person/body
poking_penis,sex/body
poking_pussy,sex/body
poking_stomach,person/body
poking_with_penis,sex/body
polar_chaldea_uniform,clothing/whole
polaroid_photo,style/medium
pole_between_breasts,person/body
pole_between_cheeks,person/body
pole_between_legs,person/body
pole_dancing,expression/action
pole_masturbation,sex/act
polearm_behind_back,person/body
police_box,object/tool
police_cap,clothing/head
police_hat,clothing/head
police_officer_eating_donut,expression/action
police_station,scene/outdoor
police_uniform,clothing/whole
police_vest,clothing/top
polish_clothes,clothing/other
polish_flag,object/tool
polished_shoes,clothing/footwear
political_cartoon,style/medium
polka_dot_apron,clothing/whole
polka_dot_background,scene/background
polka_dot_bag,clothing/accessory
polka_dot_bikini,clothing/whole
polka_dot_bikini_top,clothing/whole
polka_dot_blanket,object/other
polka_dot_border,camera/framing
polka_dot_bow,clothing/head
polka_dot_bowtie,clothing/accessory
polka_dot_bra,clothing/top
polka_dot_camisole,clothing/top
polka_dot_clothing,clothing/other
polka_dot_dress,clothing/whole
polka_dot_footwear,clothing/footwear
polka_dot_gloves,clothing/accessory
polka_dot_hair,person/hair
polka_dot_hairband,clothing/head
polka_dot_hat,clothing/head
polka_dot_headwear,clothing/head
polka_dot_hoodie,clothing/top
polka_dot_jacket,clothing/top
polka_dot_kimono,clothing/whole
polka_dot_legwear,clothing/legwear
polka_dot_neckerchief,clothing/accessory
polka_dot_necktie,clothing/accessory
polka_dot_one_piece_swimsuit,clothing/whole
polka_dot_pajamas,clothing/whole
polka_dot_pants,clothing/bottom
polka_dot_pantyhose,clothing/legwear
polka_dot_pillow,object/other
polka_dot_ribbon,clothing/head
polka_dot_scarf,clothing/accessory
polka_dot_shirt,clothing/top
polka_dot_shorts,clothing/bottom
polka_dot_skirt,clothing/bottom
polka_dot_socks,clothing/legwear
polka_dot_sweater,clothing/top
polka_dot_swimsuit,clothing/whole
polka_dot_thighhighs,clothing/legwear
polka_dot_umbrella,object/tool
polo_shirt,clothing/top
polygonal_speech_bubble,style/quality
polygonal_thought_bubble,style/quality
polyhedral_dice,object/toy
pom_clothing,clothing/other
pom_gift_bow,clothing/head
pom_hat,clothing/head
pom_pom_(clothes),clothing/other
pom_pom_earrings,clothing/accessory
pom_pom_footwear,clothing/footwear
pom_pom_hair_ornament,clothing/head
pom_pom_hat_ornament,clothing/head
pom_shirt,clothing/top
pomefiore_dorm_uniform,clothing/whole
pomegranate_flower,scene/nature
pomni_(the_amazing_digital_circus)_(cosplay),style/medium
pompompurin_(cosplay),style/medium
pon_de_lion_(cosplay),style/medium
pon_de_ring,clothing/accessory
pon_de_strawberry,object/food
pond,scene/nature
pony_express_uniform,clothing/whole
ponytail,person/hair
ponytail_ears,person/hair
ponytail_holder,person/hair
ponytail_over_shoulder,person/hair
ponytail_with_braided_base,person/hair
poofy_hair,person/hair
pool,scene/outdoor
pool_chair,scene/outdoor
pool_float,scene/outdoor
pool_ladder,scene/outdoor
pool_noodle,scene/outdoor
pool_of_blood,scene/outdoor
pool_party,scene/outdoor
pool_party_(league_of_legends),scene/outdoor
pool_table,scene/outdoor
pool_toy,scene/outdoor
pool_tube,scene/outdoor
poolside,scene/outdoor
poop_in_bowl,object/food
pooping_in_mouth,person/body
pooping_in_toilet,scene/indoor
pooping_into_water,scene/nature
pooping_on_grass,scene/nature
pooping_while_masturbating,sex/act
pop_out_cake,object/food
pop_sound_blossom_(idolmaster),scene/nature
pop_up_book,object/tool
popcorn_bag,clothing/accessory
popcorn_bucket,object/tool
popped_balloon,object/toy
popped_collar,clothing/accessory
poppy_(flower),scene/nature
popsicle_in_ass,person/body
popsicle_in_mouth,person/body
popsicle_in_pussy,sex/body
poptepipic_pose,expression/pose
porcine_penis,sex/body
porcine_pussy,sex/body
porcine_vulva,sex/body
porcupine_boy,person/count
porcupine_ears,person/body
pork_pie_hat,clothing/head
pork_pie_sailor_hat,clothing/head
porkpie_hat,clothing/head
porn_magazine,object/weapon
porn_studio,scene/indoor
portal_dildo,sex/gear
portal_gun,object/weapon
portal_mask,clothing/head
portal_masturbation,sex/act
portal_penis,sex/body
portal_ring,clothing/accessory
portal_sex,sex/act
portrait_(object),camera/shot
portraits,camera/shot
portuguese_man_o'_war,person/count
pose,expression/pose
pose_imitation,expression/pose
poses,expression/pose
posing,expression/pose
posing_for_picture,expression/pose
posing_for_the_viewer,expression/pose
posing_nude,sex/act
posing_pouch,clothing/accessory
positron_cannon,object/weapon
possum_ears,person/body
possum_girl,person/count
post_and_rail_fence,scene/outdoor
post_orgasm_torture,sex/act
postal_uniform,clothing/whole
poster_(medium),object/tool
poster_(object),object/tool
poster_design,object/tool
poster_parody,object/tool
poster_template,object/tool
postpartum_stomach,person/body
posture_collar,clothing/accessory
pot_on_head,person/body
potara_earrings,clothing/accessory
potion_bottle,object/food
potted_plant,scene/nature
potters_wheel_pose,expression/pose
potty_chair,object/other
pouch,clothing/accessory
pouch_(anatomy),clothing/accessory
pouch_(clothing),clothing/accessory
pouch_play,clothing/accessory
pouch_purse,clothing/accessory
pouch_vore,clothing/accessory
pounce_pose,expression/pose
pound_cake,object/food
pounding_ass,person/body
pouring_drink,object/food
pouring_from_condom,sex/gear
pouring_on_breasts,person/body
pouring_on_penis,sex/body
pouring_onto_penis,sex/body
pouring_onto_pussy,sex/body
pouring_water,scene/nature
pout,expression/face
pouting_lips,person/body
pov,camera/angle
pov_across_bed,camera/angle
pov_across_table,camera/angle
pov_adoring,camera/angle
pov_blowjob,camera/angle
pov_breasts,camera/angle
pov_bullying,camera/angle
pov_cheek_grabbing_(meme),camera/angle
pov_cheek_warming_(meme),camera/angle
pov_crotch,camera/angle
pov_dating,camera/angle
pov_doorway,camera/angle
pov_feeding,camera/angle
pov_female,camera/angle
pov_footjob,camera/angle
pov_handjob,camera/angle
pov_hands,camera/angle
pov_legs,camera/angle
pov_peephole,camera/angle
pov_shadow,camera/angle
pov_stabbed,camera/angle
pov_stabbing,camera/angle
pov_stomped,camera/angle
pov_titfuck,camera/angle
power_(chainsaw_man)_(cosplay),style/medium
power_armor,clothing/accessory
power_armor_(fallout),clothing/accessory
power_balloon,object/toy
power_bottom_rape,sex/act
power_gloves,clothing/accessory
power_ring,clothing/accessory
power_suit,clothing/whole
power_suit_(metroid),clothing/whole
power_sword,object/weapon
power_symbol_hair_ornament,clothing/head
power_symbol_shaped_pupils,person/eyes
power_tool,object/tool
powered_suit_(toaru),clothing/whole
powerful_ass,person/body
powerful_breasts,person/body
powerful_penis,sex/body
powerpuff_girls_(style),style/medium
pp_tenshi_t_shirt,clothing/top
practice_sword,object/weapon
praetor_suit,clothing/whole
praise_the_sun,scene/sky
pravda_military_uniform,clothing/whole
pravda_school_uniform,clothing/whole
prayer_hands,person/body
praying_hands,person/body
precum,sex/body
precum_bead,sex/body
precum_bubble,sex/body
precum_drip,sex/body
precum_from_mouth,sex/body
precum_from_penis,sex/body
precum_in_ass,sex/body
precum_in_mouth,sex/body
precum_in_pussy,sex/body
precum_in_uterus,sex/body
precum_inflation,sex/body
precum_inside,sex/body
precum_on_balls,sex/body
precum_on_bed,sex/body
precum_on_belly,sex/body
precum_on_breasts,sex/body
precum_on_butt,sex/body
precum_on_chest,sex/body
precum_on_clothing,clothing/other
precum_on_face,sex/body
precum_on_finger,sex/body
precum_on_floor,sex/body
precum_on_foot,sex/body
precum_on_ground,sex/body
precum_on_hand,sex/body
precum_on_head,sex/body
precum_on_leg,sex/body
precum_on_own_balls,sex/body
precum_on_own_penis,sex/body
precum_on_partner,sex/body
precum_on_penis,sex/body
precum_on_self,sex/body
precum_on_sheath,sex/body
precum_on_stomach,sex/body
precum_on_tail,sex/body
precum_on_tongue,sex/body
precum_pool,sex/body
precum_puddle,sex/body
precum_squirt,sex/body
precum_stain,sex/body
precum_string,sex/body
precum_through_bottomwear,sex/body
precum_through_clothes,clothing/other
precum_through_clothing,clothing/other
precum_through_jockstrap,sex/body
precum_through_pants,clothing/bottom
precum_through_underwear,sex/body
precum_trail,sex/body
precum_while_chaste,sex/body
precum_while_penetrated,sex/body
pred_focus,camera/framing
pred_pov,camera/angle
predicament_bondage,sex/gear
pregnant,sex/body
pregnant_andromorph,sex/body
pregnant_anthro,sex/body
pregnant_female,sex/body
pregnant_feral,sex/body
pregnant_gynomorph,sex/body
pregnant_herm,sex/body
pregnant_human,sex/body
pregnant_humanoid,sex/body
pregnant_intersex,sex/body
pregnant_loli,sex/body
pregnant_male,sex/body
pregnant_maleherm,sex/body
pregnant_masturbation,sex/act
pregnant_robot,sex/body
pregnant_sex,sex/act
pregnant_taur,sex/body
prehensile_clitoral_hood,clothing/head
prehensile_ears,person/body
prehensile_feet,person/body
prehensile_hair,person/hair
prehensile_penis,sex/body
prehensile_ribbon,clothing/head
prehensile_toes,person/body
prehensile_tongue,person/body
premature_ejaculation,sex/act
premature_orgasm,sex/act
premier_ball,object/toy
present_balloon_(animal_crossing),object/toy
present_box,object/tool
presenting_anus,sex/body
presenting_armpit,person/body
presenting_ass,person/body
presenting_balls,object/toy
presenting_belly,person/body
presenting_bra,clothing/top
presenting_breasts,person/body
presenting_buttplug,sex/gear
presenting_camel_toe,person/body
presenting_chastity_cage,object/tool
presenting_chest,person/body
presenting_crotch,sex/body
presenting_cum_inside,sex/act
presenting_foot,person/body
presenting_legs,person/body
presenting_mouth,person/body
presenting_penis_tip,sex/body
presenting_pussy,sex/body
presenting_sheath,object/weapon
presenting_stomach,person/body
presenting_vulva,sex/body
pressed_against_butt,person/body
pressed_against_penis,sex/body
pressing_breasts,person/body
pressing_breasts_together,person/body
pretzel_(food),object/food
pretzel_bikini,clothing/whole
pretzel_pose,expression/pose
prey_focus,camera/framing
prey_in_mouth,person/body
prey_pov,camera/angle
prick_ears,person/body
pride_color_arm_warmers,person/body
pride_color_background,scene/background
pride_color_banner,object/tool
pride_color_bikini,clothing/whole
pride_color_bracelet,clothing/accessory
pride_color_cape,clothing/top
pride_color_clothing,clothing/other
pride_color_collar,clothing/accessory
pride_color_crop_top,clothing/top
pride_color_elbow_gloves,clothing/accessory
pride_color_face_paint,person/body
pride_color_flag,object/tool
pride_color_footwear,clothing/footwear
pride_color_gloves,clothing/accessory
pride_color_hair,person/hair
pride_color_hat,clothing/head
pride_color_headwear,clothing/head
pride_color_jewelry,clothing/accessory
pride_color_leg_warmers,person/body
pride_color_legwear,clothing/legwear
pride_color_neckerchief,clothing/accessory
pride_color_necklace,clothing/accessory
pride_color_penis,sex/body
pride_color_scarf,clothing/accessory
pride_color_shirt,clothing/top
pride_color_socks,clothing/legwear
pride_color_stockings,clothing/legwear
pride_color_t_shirt,clothing/top
pride_color_tank_top,clothing/top
pride_color_text,style/quality
pride_color_thigh_highs,person/body
pride_color_thigh_socks,clothing/legwear
pride_color_wristband,clothing/accessory
pride_flag_question_mark_(meme),object/tool
pride_rock,scene/nature
pride_trooper_uniform,clothing/whole
priest_(dq3)_(cosplay),style/medium
priest_(ragnarok_online)_(cosplay),style/medium
priest_robes,clothing/whole
primaris_space_marine,scene/sky
primordial_jade_winged_spear_(genshin_impact),object/weapon
primrose_(flower),scene/nature
primrose_field_illusion,scene/outdoor
princess_daisy_(cosplay),style/medium
princess_dress,clothing/whole
princess_king_boo_(cosplay),style/medium
princess_leia_(cosplay),style/medium
princess_leia_organa_solo_(cosplay),style/medium
princess_of_the_crystal_(cosplay),style/medium
princess_outfit,clothing/whole
princess_peach's_castle,scene/indoor
princess_peach_(cosplay),style/medium
princess_rosa_costume,clothing/whole
princess_zelda_(cosplay),style/medium
pringles_can,object/food
print_apron,clothing/whole
print_armor,clothing/accessory
print_background,scene/background
print_bag,clothing/accessory
print_ball,object/toy
print_balloon,object/toy
print_bed_sheet,object/other
print_belt,clothing/accessory
print_bikini,clothing/whole
print_bikini_top,clothing/whole
print_bodysuit,clothing/whole
print_boots,clothing/footwear
print_bow,clothing/head
print_bowtie,clothing/accessory
print_bra,clothing/top
print_bridal_gauntlets,clothing/accessory
print_camisole,clothing/top
print_cape,clothing/top
print_choker,clothing/accessory
print_cloak,clothing/top
print_clothes,clothing/other
print_clothing,clothing/other
print_coat,clothing/top
print_collar,clothing/accessory
print_crop_top,clothing/top
print_cup,object/food
print_curtains,object/other
print_dress,clothing/whole
print_eyepatch,clothing/accessory
print_fan,object/tool
print_folding_fan,object/tool
print_footwear,clothing/footwear
print_gloves,clothing/accessory
print_hair,person/hair
print_hairband,clothing/head
print_hat,clothing/head
print_headband,clothing/head
print_headwear,clothing/head
print_hood,clothing/head
print_hoodie,clothing/top
print_jacket,clothing/top
print_kimono,clothing/whole
print_leggings,clothing/bottom
print_leotard,clothing/whole
print_male_swimwear,person/count
print_male_underwear,person/count
print_mask,clothing/head
print_mug,object/food
print_neckerchief,clothing/accessory
print_necktie,clothing/accessory
print_one_piece_swimsuit,clothing/whole
print_pajamas,clothing/whole
print_pants,clothing/bottom
print_pantyhose,clothing/legwear
print_pillow,object/other
print_pool_toy,scene/outdoor
print_ribbon,clothing/head
print_robe,clothing/whole
print_sash,clothing/accessory
print_scarf,clothing/accessory
print_shirt,clothing/top
print_shoes,clothing/footwear
print_shorts,clothing/bottom
print_skirt,clothing/bottom
print_socks,clothing/legwear
print_sports_bra,clothing/top
print_sweater,clothing/top
print_swimsuit,clothing/whole
print_t_shirt,clothing/top
print_tank_top,clothing/top
print_thigh_highs,person/body
print_thighhighs,clothing/legwear
print_tube_top,clothing/top
print_umbrella,object/tool
print_vest,clothing/top
print_wrist_cuffs,person/body
printed_eyes,person/eyes
prinz_eugen_(azur_lane)_(cosplay),style/medium
prinz_eugen_(kancolle)_(cosplay),style/medium
prisma_illya_(cosplay),style/medium
prison_bars,scene/indoor
prison_clothes,clothing/other
prison_rape,sex/act
prison_sex,sex/act
prison_suit,clothing/whole
prison_uniform,clothing/whole
prisoner_(elden_ring)_(cosplay),style/medium
privacy_screen,object/tool
private_dress_(idolmaster_million_live!),clothing/whole
private_misaki_high_school_uniform,clothing/whole
private_ten'ou_middle_school_uniform,clothing/whole
produce_101_uniform,clothing/whole
product_girl,person/count
professional_clothes,clothing/other
prog_knife,object/weapon
progress_bar,scene/indoor
progress_pride_flag,object/tool
progrise_key,object/tool
prohibition_sign,object/tool
projectile_cum,sex/act
projectile_lactation,sex/act
projector_screen,object/tool
prolapse,sex/body
prolapse_from_shitting,sex/body
prolapse_penetration,sex/act
prolapse_piercing,sex/body
promo_poster,object/tool
prone_masturbation,sex/act
propaganda_poster,object/tool
propeller_footwear,clothing/footwear
propeller_hair_ornament,clothing/head
propeller_hat,clothing/head
prostate_milking,sex/act
prostate_orgasm,sex/act
prostate_penetration,sex/act
prostate_with_face,person/body
prosthetic_arm,person/body
prosthetic_ear,person/body
prosthetic_fingers,person/body
prosthetic_hand,person/body
prosthetic_leg,person/body
prosthetic_sword,object/weapon
prosthetic_weapon,object/weapon
protogen_armor,clothing/accessory
protogen_face,person/body
protruding_teeth,person/body
prts_logo_(arknights),style/quality
prunus_(flower),scene/nature
ps1_controller,object/toy
ps4_controller,object/toy
ps5_controller,object/toy
pseudo_balls,object/toy
pseudo_clothing,clothing/other
pseudo_clothing_down,clothing/other
pseudo_clothing_removed,clothing/other
pseudo_dress,clothing/whole
pseudo_hair,person/hair
pseudo_hat,clothing/head
pseudo_penile_penetration,sex/act
pseudo_penis,sex/body
pseudo_penis_penetrating,sex/body
pseudo_pupils,person/eyes
pseudo_scarf,clothing/accessory
pseudo_skirt,clothing/bottom
pseudo_tokyo_school_uniform,clothing/whole
pseudo_urethral_penetration,sex/act
psychedelic_background,scene/background
psycho_frame,object/other
psylocke_(cosplay),style/medium
pub,scene/indoor
pubes_in_mouth,person/body
pubes_on_face,person/body
pubic_hair,sex/body
pubic_hair_on_face,sex/body
pubic_hair_peek,sex/body
pubic_hair_pull,sex/body
pubic_tattoo,person/body
pubic_tattoo_through_clothing,clothing/other
pubic_tattoo_visible_through_clothes,clothing/other
public_bathroom,scene/indoor
public_bondage,sex/gear
public_masturbation,sex/act
public_nudity,sex/act
public_oral,sex/act
public_orgasm,sex/act
public_park,scene/outdoor
public_pool,scene/outdoor
public_sex,sex/act
public_vibrator,sex/gear
public_yotsuba_middle_school_uniform,clothing/whole
puchimasu!_(style),style/medium
puckered_anus,sex/body
puckered_face,person/body
puckered_lips,person/body
pudding_hair_ornament,clothing/head
puff_and_slash_shorts,clothing/bottom
puffed_out_chest,person/body
puffer_fish,object/food
puffer_fish_vomiting_water_(meme),scene/nature
puffer_jacket,clothing/top
puffy_anus,sex/body
puffy_areola,sex/body
puffy_cheeks,person/body
puffy_chest,person/body
puffy_coat,clothing/top
puffy_collar,clothing/accessory
puffy_dress,clothing/whole
puffy_hair,person/hair
puffy_jacket,clothing/top
puffy_lips,person/body
puffy_pants,clothing/bottom
puffy_pussy,sex/body
puffy_shorts,clothing/bottom
puffy_speech_bubble,style/quality
pull_up_bar,scene/indoor
pulled_pants,clothing/bottom
pulling_another's_clothes,clothing/other
pulling_another's_hair,person/hair
pulling_arm,person/body
pulling_arms,person/body
pulling_at_clothes,clothing/other
pulling_back,person/body
pulling_balls,object/toy
pulling_bra,clothing/top
pulling_down_pants,clothing/bottom
pulling_down_shirt,clothing/top
pulling_down_shorts,clothing/bottom
pulling_hair,person/hair
pulling_off_legwear,clothing/legwear
pulling_own_clothes,clothing/other
pulling_own_ear,person/body
pulling_own_hair,person/hair
pulling_pants_down,clothing/bottom
pulling_shirt,clothing/top
pulling_shirt_down,clothing/top
pulling_tongue,person/body
pulling_up_pants,clothing/bottom
pumping_cum,sex/act
pumpkin_background,scene/background
pumpkin_balls,object/toy
pumpkin_belly,person/body
pumpkin_breasts,person/body
pumpkin_brooch,clothing/accessory
pumpkin_butt,person/body
pumpkin_costume,clothing/whole
pumpkin_earrings,clothing/accessory
pumpkin_hair_ornament,clothing/head
pumpkin_hat,clothing/head
pumpkin_hat_ornament,clothing/head
pumpkin_head,person/body
pumpkin_mask,clothing/head
pumpkin_masturbation,sex/act
pumpkin_on_head,person/body
pumpkin_pants,clothing/bottom
pumpkin_shaped_pants,clothing/bottom
pumpkin_shorts,clothing/bottom
pumpkin_skirt,clothing/bottom
punch_bowl,object/food
punching,expression/action
punching_bag,clothing/accessory
punching_face,expression/action
punishment_sex,sex/act
punk_hair,person/hair
punk_rock,scene/nature
pup_mask,clothing/head
pupil,person/eyes
pupil_dilation,person/eyes
pupiless_eyes,person/eyes
pupils,person/eyes
pupils_only,person/eyes
puppet,object/toy
puppet_rings,clothing/accessory
puppet_show,object/toy
puppet_strings,object/toy
puritan_collar,clothing/accessory
purple_anus,sex/body
purple_apron,clothing/whole
purple_areola,sex/body
purple_arm_warmers,person/body
purple_armor,clothing/accessory
purple_arms,person/body
purple_back,person/body
purple_background,scene/background
purple_bag,clothing/accessory
purple_ball_gag,object/toy
purple_balls,object/toy
purple_bed,object/other
purple_bed_sheet,object/other
purple_belly,person/body
purple_belt,clothing/accessory
purple_bikini,clothing/whole
purple_bikini_bottom,clothing/whole
purple_bikini_top,clothing/whole
purple_blanket,object/other
purple_blindfold,clothing/head
purple_blush,expression/face
purple_bodysuit,clothing/whole
purple_boots,clothing/footwear
purple_border,camera/framing
purple_bow,clothing/head
purple_bow_tie,clothing/head
purple_bowtie,clothing/accessory
purple_bra,clothing/top
purple_bracelet,clothing/accessory
purple_breasts,person/body
purple_bridal_gauntlets,clothing/accessory
purple_brooch,clothing/accessory
purple_butt,person/body
purple_camisole,clothing/top
purple_cape,clothing/top
purple_cardigan,clothing/top
purple_chastity_cage,object/tool
purple_cheeks,person/body
purple_chest,person/body
purple_choker,clothing/accessory
purple_clitoral_hood,clothing/head
purple_cloak,clothing/top
purple_clothing,clothing/other
purple_clouds,scene/sky
purple_coat,clothing/top
purple_collar,clothing/accessory
purple_condom,sex/gear
purple_crop_top,clothing/top
purple_crown,clothing/head
purple_cum,sex/act
purple_curtains,object/other
purple_detached_collar,clothing/accessory
purple_dildo,sex/gear
purple_dress,clothing/whole
purple_dress_shirt,clothing/whole
purple_ear_piercing,person/body
purple_ear_ring,clothing/accessory
purple_ear_tips,person/body
purple_ears,person/body
purple_elbow_gloves,clothing/accessory
purple_eyebrows,person/eyes
purple_eyelashes,person/eyes
purple_eyelids,person/eyes
purple_eyes,person/eyes
purple_eyeshadow,person/eyes
purple_face,person/body
purple_facial_hair,person/hair
purple_feather_hair,person/hair
purple_feet,person/body
purple_finger_claws,person/body
purple_fingerless_gloves,clothing/accessory
purple_fingernails,person/body
purple_fingers,person/body
purple_flower,scene/nature
purple_garter,clothing/legwear
purple_garter_belt,clothing/legwear
purple_garter_straps,clothing/legwear
purple_glasses,clothing/accessory
purple_gloves,clothing/accessory
purple_grass,scene/nature
purple_hair,person/hair
purple_hair_bow,clothing/head
purple_hair_tie,person/hair
purple_hair_tips,person/hair
purple_hairband,clothing/head
purple_hands,person/body
purple_hanfu,clothing/whole
purple_hat,clothing/head
purple_head,person/body
purple_headband,clothing/head
purple_headphones,object/tool
purple_heart_(neptunia)_(cosplay),style/medium
purple_heels,clothing/footwear
purple_helmet,clothing/head
purple_hood,clothing/head
purple_hoodie,clothing/top
purple_inner_ear,person/body
purple_inner_ear_fluff,person/body
purple_inner_pussy,sex/body
purple_jacket,clothing/top
purple_jewelry,clothing/accessory
purple_jumpsuit,clothing/whole
purple_kimono,clothing/whole
purple_latex,clothing/other
purple_leash,sex/gear
purple_leaves,scene/nature
purple_leg_warmers,person/body
purple_leggings,clothing/bottom
purple_legs,person/body
purple_leotard,clothing/whole
purple_lightning,scene/sky
purple_lips,person/body
purple_makeup,person/eyes
purple_male_swimwear,person/count
purple_male_underwear,person/count
purple_mascara,person/eyes
purple_mask,clothing/head
purple_monochrome,style/color
purple_moon,scene/sky
purple_mouth,person/body
purple_neck,person/body
purple_neckerchief,clothing/accessory
purple_necklace,clothing/accessory
purple_necktie,clothing/accessory
purple_nightgown,clothing/whole
purple_nose,person/body
purple_one_piece_swimsuit,clothing/whole
purple_outfit,clothing/whole
purple_overalls,clothing/whole
purple_pajamas,clothing/whole
purple_pants,clothing/bottom
purple_pantyhose,clothing/legwear
purple_penis,sex/body
purple_petals,scene/nature
purple_pillow,object/other
purple_pseudo_hair,person/hair
purple_pubic_hair,sex/body
purple_pup_mask,clothing/head
purple_pupils,person/eyes
purple_pussy,sex/body
purple_ribbon,clothing/head
purple_robe,clothing/whole
purple_rope,object/tool
purple_sailor_collar,clothing/accessory
purple_sandals,clothing/footwear
purple_santa_costume,clothing/whole
purple_sash,clothing/accessory
purple_scarf,clothing/accessory
purple_school_swimsuit,clothing/whole
purple_sclera,person/eyes
purple_sheath,object/weapon
purple_shirt,clothing/top
purple_shoes,clothing/footwear
purple_shorts,clothing/bottom
purple_skin,person/body
purple_skirt,clothing/bottom
purple_sky,scene/sky
purple_slingshot_swimsuit,clothing/whole
purple_slippers,clothing/footwear
purple_socks,clothing/legwear
purple_sofa,object/other
purple_speech_bubble,style/quality
purple_spines,person/body
purple_sports_bra,clothing/top
purple_stockings,clothing/legwear
purple_suit,clothing/whole
purple_sunglasses,clothing/accessory
purple_sweater,clothing/top
purple_sweater_vest,clothing/top
purple_t_shirt,clothing/top
purple_tank_top,clothing/top
purple_tattoo,person/body
purple_teeth,person/body
purple_tentacles,sex/gear
purple_text,style/quality
purple_text_border,style/quality
purple_thigh_highs,person/body
purple_thigh_socks,clothing/legwear
purple_thighhighs,clothing/legwear
purple_tinted_glasses,clothing/accessory
purple_toe_claws,person/body
purple_toes,person/body
purple_tongue,person/body
purple_top_hat,clothing/head
purple_track_suit,clothing/whole
purple_tube_top,clothing/top
purple_tunic,clothing/top
purple_umbrella,object/tool
purple_veil,clothing/head
purple_vest,clothing/top
purple_vulva,sex/body
purple_wall,scene/outdoor
purple_witch_hat,clothing/head
purple_wrist_cuffs,person/body
purple_wristband,clothing/accessory
purse,clothing/accessory
pursed_lips,person/body
pushing_down_penis,sex/body
pushing_face,person/body
pushing_head,person/body
pushing_toy_out,object/toy
pussy,sex/body
pussy_attack,sex/body
pussy_blush,sex/body
pussy_bulge,sex/body
pussy_close_up,sex/body
pussy_cutout,sex/body
pussy_drip,sex/body
pussy_eating_monster,sex/body
pussy_ejaculation,sex/act
pussy_ejaculation_in_mouth,sex/act
pussy_ejaculation_through_clothing,clothing/other
pussy_ejaculation_while_fingered,sex/act
pussy_ejaculation_while_penetrated,sex/act
pussy_expansion,sex/body
pussy_fins,sex/body
pussy_floss,sex/body
pussy_focus,camera/framing
pussy_grip,sex/body
pussy_growth,sex/body
pussy_heart,sex/body
pussy_jewelry,clothing/accessory
pussy_juice,sex/body
pussy_juice_collecting,sex/body
pussy_juice_drip,sex/body
pussy_juice_drip_through_clothes,clothing/other
pussy_juice_in_container,sex/body
pussy_juice_in_mouth,sex/body
pussy_juice_leaking,sex/body
pussy_juice_on_balls,sex/body
pussy_juice_on_bed,sex/body
pussy_juice_on_butt,sex/body
pussy_juice_on_clothing,clothing/other
pussy_juice_on_dildo,sex/body
pussy_juice_on_egg,sex/body
pussy_juice_on_face,sex/body
pussy_juice_on_feet,sex/body
pussy_juice_on_fingers,sex/body
pussy_juice_on_food,sex/body
pussy_juice_on_ground,sex/body
pussy_juice_on_hand,sex/body
pussy_juice_on_leg,sex/body
pussy_juice_on_legs,sex/body
pussy_juice_on_object,sex/body
pussy_juice_on_own_hand,sex/body
pussy_juice_on_own_leg,sex/body
pussy_juice_on_own_tail,sex/body
pussy_juice_on_panties,sex/body
pussy_juice_on_penis,sex/body
pussy_juice_on_pillow,sex/body
pussy_juice_on_pussy,sex/body
pussy_juice_on_self,sex/body
pussy_juice_on_sex_toy,sex/act
pussy_juice_on_tail,sex/body
pussy_juice_on_tentacle,sex/body
pussy_juice_on_thighs,sex/body
pussy_juice_on_tongue,sex/body
pussy_juice_on_viewer,sex/body
pussy_juice_pool,sex/body
pussy_juice_puddle,sex/body
pussy_juice_splatter,sex/body
pussy_juice_stain,sex/body
pussy_juice_string,sex/body
pussy_juice_through_clothing,clothing/other
pussy_juice_trail,sex/body
pussy_kiss,sex/body
pussy_milking,sex/act
pussy_mouth,sex/body
pussy_nipples,sex/body
pussy_on_face,sex/body
pussy_on_glass,sex/body
pussy_on_pussy,sex/body
pussy_outline,sex/body
pussy_peek,sex/body
pussy_piercing,sex/body
pussy_press,sex/body
pussy_pump,sex/body
pussy_ring,clothing/accessory
pussy_rubbing,sex/body
pussy_sandwich,sex/body
pussy_shield,sex/body
pussy_shot,camera/shot
pussy_slip,sex/body
pussy_sniffing,sex/body
pussy_sounding,sex/body
pussy_spanking,sex/body
pussy_spreading_tape,sex/body
pussy_squeeze,sex/body
pussy_squish,sex/body
pussy_stacking,sex/body
pussy_steam,sex/body
pussy_stubble,sex/body
pussy_sucking,sex/body
pussy_tape,sex/body
pussy_tentacle,sex/body
pussy_through_leghole,sex/body
pussy_to_another's_mouth,sex/body
pussy_to_ass,sex/body
pussy_to_mouth,sex/body
pussy_tongue,sex/body
pussy_torture,sex/body
pussy_towards_viewer,sex/body
pussy_transformation,sex/body
pussy_tuft,sex/body
putting_on_clothes,clothing/other
putting_on_condom,sex/gear
putting_on_earrings,clothing/accessory
putting_on_footwear,clothing/footwear
putting_on_gloves,clothing/accessory
putting_on_headwear,clothing/head
putting_on_jacket,clothing/top
putting_on_jewelry,clothing/accessory
putting_on_legwear,clothing/legwear
putting_on_shoes,clothing/footwear
putting_on_socks,clothing/legwear
puzzle_piece_hair_ornament,clothing/head
pyra_(xenoblade)_(cosplay),style/medium
pyramid_head_(cosplay),style/medium
qi_maid,clothing/whole
qifrey's_atelier_apprentice_uniform,clothing/whole
qingming_sword,object/weapon
qingxin_flower,scene/nature
qipao_dress,clothing/whole
qiqi_(genshin_impact)_(cosplay),style/medium
quad_braids,person/hair
quad_buns,person/hair
quad_hair_rings,clothing/accessory
quadruple_anal,sex/body
quadruple_penetration,sex/act
quality,style/quality
quality_cabbage_(meme),style/quality
quanxi's_group_(chainsaw_man),person/count
queen's_blade_lost_worlds,object/weapon
queen_(chess),object/toy
queen_(playing_card),expression/action
queen_of_hearts_(alice_in_wonderland)_(cosplay),style/medium
queen_of_hearts_(card),object/tool
queen_of_hearts_(cosplay),style/medium
queen_of_hearts_(playing_card),expression/action
queen_of_spades_(playing_card),expression/action
question_mark_ahoge,person/hair
quick_ball,object/toy
quick_shirt,clothing/top
quiet_(metal_gear)_(cosplay),style/medium
quiet_sex,sex/act
quill_hair,person/hair
quilt,object/other
quilted_clothes,clothing/other
quilted_coat,clothing/top
quilted_headwear,clothing/head
quilted_jacket,clothing/top
quintuple_penetration,sex/act
quiver,object/weapon
quiver_(object),object/weapon
quivering_lips,person/body
r.b._(identity)_(project_moon),scene/sky
r_corp._(identity)_(project_moon),scene/sky
rabbit_background,scene/background
rabbit_bag,clothing/accessory
rabbit_balloon,object/toy
rabbit_bow,clothing/head
rabbit_boy,person/count
rabbit_brooch,clothing/accessory
rabbit_choker,clothing/accessory
rabbit_costume,clothing/whole
rabbit_day,scene/sky
rabbit_ear_hairband,clothing/head
rabbit_ear_headphones,person/body
rabbit_ear_headwear,clothing/head
rabbit_ear_legwear,clothing/legwear
rabbit_ear_smartphone_case,person/body
rabbit_earrings,clothing/accessory
rabbit_ears,person/body
rabbit_ears_antenna,person/body
rabbit_eyepatch,clothing/accessory
rabbit_feet,person/body
rabbit_girl,person/count
rabbit_hair_ornament,clothing/head
rabbit_hat,clothing/head
rabbit_hat_ornament,clothing/head
rabbit_head,person/body
rabbit_hood,clothing/head
rabbit_house_uniform,clothing/whole
rabbit_mask,clothing/head
rabbit_nose,person/body
rabbit_o_ring,clothing/accessory
rabbit_on_head,person/body
rabbit_on_shoulder,person/body
rabbit_pajamas,clothing/whole
rabbit_pose,expression/pose
rabbit_puppet,object/toy
rabbit_shadow_puppet,object/toy
rabbit_shaped_pillow,object/other
rabbit_shaped_pupils,person/eyes
rabbit_tattoo,person/body
rabbit_vibrator,sex/gear
rabbit_youkai_group_(touhou),person/count
rabbits_(ensemble_stars!),scene/sky
raccoon_boy,person/count
raccoon_costume,clothing/whole
raccoon_ears,person/body
raccoon_girl,person/count
raccoon_hair_ornament,clothing/head
raccoon_hat,clothing/head
raccoon_hood,clothing/head
raccoon_nose,person/body
raccoon_penis,sex/body
raccoon_tail_hair,person/hair
race_flag,object/tool
raceplay_tattoo,person/body
racer's_high_(stellar_blade),object/weapon
racing_helmet,clothing/head
racing_miku_(cosplay),style/medium
racing_suit,clothing/whole
radar_hair_ornament,clothing/head
radial_gradient_background,style/color
radiant_crown,clothing/head
radiation_symbol_shaped_pupils,person/eyes
radio_controller,object/toy
rafflesia_(flower),scene/nature
rafiki_holding_simba_(meme),expression/action
rag_doll_(toy),object/toy
rage_face,person/body
ragged_clothing,clothing/other
raglan_shirt,clothing/top
ragna_the_bloodedge_(cosplay),style/medium
raichu_(cosplay),style/medium
raiden_(metal_gear)_(cosplay),style/medium
raiden_mei_(cosplay),style/medium
raiden_punching_armstrong_(meme),expression/action
raiden_shogun_(cosplay),style/medium
raihan_(pokemon)_(cosplay),style/medium
railway_gun,object/weapon
raimon_school_uniform,clothing/whole
raimon_soccer_uniform,clothing/whole
rain,scene/sky
rain_drops,scene/sky
rain_mikamura_(cosplay),style/medium
rain_of_arrows,scene/sky
rain_on_window,scene/sky
rain_poncho,scene/sky
rainbow,scene/sky
rainbow_arch,scene/sky
rainbow_arm_warmers,person/body
rainbow_armwear,scene/sky
rainbow_background,scene/sky
rainbow_badge,scene/sky
rainbow_bikini,clothing/whole
rainbow_body,scene/sky
rainbow_bow,clothing/head
rainbow_bracelet,clothing/accessory
rainbow_choker,clothing/accessory
rainbow_claws,scene/sky
rainbow_clothing,clothing/other
rainbow_collar,clothing/accessory
rainbow_colored_passions!,scene/sky
rainbow_colors,scene/sky
rainbow_cum,sex/act
rainbow_dildo,sex/gear
rainbow_ears,person/body
rainbow_eyes,person/eyes
rainbow_feather_(pokemon),scene/sky
rainbow_feathers,scene/sky
rainbow_flag,scene/sky
rainbow_footwear,clothing/footwear
rainbow_fur,scene/sky
rainbow_gloves,clothing/accessory
rainbow_gradient,style/color
rainbow_hair,person/hair
rainbow_hair_ornament,clothing/head
rainbow_hairband,clothing/head
rainbow_halo,scene/sky
rainbow_handwear,scene/sky
rainbow_heart,scene/sky
rainbow_highlights,scene/sky
rainbow_horn,scene/sky
rainbow_inner_ear,person/body
rainbow_kerchief,scene/sky
rainbow_legwear,clothing/legwear
rainbow_mane,scene/sky
rainbow_markings,scene/sky
rainbow_mika_(cosplay),style/medium
rainbow_neckerchief,clothing/accessory
rainbow_order,scene/sky
rainbow_outline,scene/sky
rainbow_party,scene/sky
rainbow_pawpads,scene/sky
rainbow_penis,sex/body
rainbow_piercings,scene/sky
rainbow_pride_clothing,clothing/other
rainbow_pride_colors,scene/sky
rainbow_pride_flag,scene/sky
rainbow_print,scene/sky
rainbow_ribbon,clothing/head
rainbow_road,scene/outdoor
rainbow_rose_(genshin_impact),scene/sky
rainbow_scales,scene/sky
rainbow_shirt,clothing/top
rainbow_skirt,clothing/bottom
rainbow_socks,clothing/legwear
rainbow_stockings,clothing/legwear
rainbow_stripes,scene/sky
rainbow_symbol,scene/sky
rainbow_tail,scene/sky
rainbow_text,style/quality
rainbow_theme,scene/sky
rainbow_thigh_highs,person/body
rainbow_tinted_eyewear,scene/sky
rainbow_tongue,person/body
rainbow_topwear,scene/sky
rainbow_trail,scene/sky
rainbow_underwear,scene/sky
rainbow_wings,scene/sky
raining,scene/sky
raining_blood,scene/sky
raira_academy_school_uniform,clothing/whole
raised_arm_support,person/body
raised_arms,person/body
raised_bikini,clothing/whole
raised_bra,clothing/top
raised_clothing,clothing/other
raised_dress,clothing/whole
raised_eyebrows,person/eyes
raised_finger,person/body
raised_foot,person/body
raised_hand,person/body
raised_hands,person/body
raised_head,person/body
raised_hips,person/body
raised_hoodie,clothing/top
raised_index_finger,person/body
raised_inner_eyebrows,person/eyes
raised_knee,person/body
raised_leg,person/body
raised_leg_grab,person/body
raised_robe,clothing/whole
raised_shirt,clothing/top
raised_shoulder,person/body
raised_shoulders,person/body
raised_skirt,clothing/bottom
raised_sweater,clothing/top
raised_t_shirt,clothing/top
raised_tank_top,clothing/top
raising_arm,person/body
raising_leg,person/body
raizen_high_school_uniform,clothing/whole
ram_(computer),object/tool
ram_(re:zero)_(cosplay),style/medium
ramen_bowl,object/food
ramen_noodles,object/food
ramlethal_valentine_(cosplay),style/medium
ramram_(arms),person/body
random_servant_cosplay_(fate/grand_order),style/medium
ranged_weapon,object/weapon
ranger_uniform_(amphibia),clothing/whole
ranka_lee_(cosplay),style/medium
ranma_chan_(cosplay),style/medium
ranni_the_witch_(cosplay),style/medium
ranoa_magic_academy_school_uniform,clothing/whole
rape,sex/act
rape_as_punishment,sex/act
rape_by_proxy,sex/act
rape_face,sex/act
rape_play,sex/act
rape_pregnancy,sex/act
rape_rack,sex/act
rapeseed_blossoms,scene/nature
rapi_(nikke)_(cosplay),style/medium
rapier,object/weapon
rapunzel_(disney)_(cosplay),style/medium
rare_candy,object/food
raspberry_hair_ornament,clothing/head
rat_boy,person/count
rat_ears,person/body
rat_girl,person/count
rathalos_(armor),clothing/accessory
rathalos_armor,clothing/accessory
rathian_(armor),clothing/accessory
rattle_drum,object/tool
rauru's_arm,person/body
raven_(dc)_(cosplay),style/medium
raven_suit_(stellar_blade),clothing/whole
raw_egg,object/food
raw_meat,object/food
ray_gun,object/weapon
razor_blade,object/weapon
razor_blade_earrings,clothing/accessory
razor_blade_hair_ornament,clothing/head
re;iris_(idolmaster),person/eyes
re_class_battleship_(cosplay),style/medium
reaching,expression/action
reaching_back,expression/action
reaching_for_object,expression/action
reaching_for_weapon,expression/action
reaching_out,expression/action
reaching_towards_another,expression/action
reaching_towards_viewer,expression/action
reaching_up,expression/action
reaction_shot,camera/shot
reactive_armor,clothing/accessory
reading,expression/action
reading_book,expression/action
reading_glasses,clothing/accessory
reading_magazine,expression/action
reading_newspaper,expression/action
reading_paper,expression/action
reading_together,expression/action
realistic,style/medium
realistic_anatomy,style/medium
realistic_anthro,style/medium
realistic_feral,style/medium
realistic_fur,style/medium
realistic_lighting,style/medium
realistic_penis_size,style/medium
realistic_shading,style/color
realistic_teeth,style/medium
realistic_wings,style/medium
reaper_(overwatch)_(cosplay),style/medium
rear_focus,camera/framing
rear_naked_choke,sex/act
rear_view_mirror,object/tool
rearview_mirror,object/tool
rebreather_bag,clothing/accessory
receiving_footjob_pov,camera/angle
receiving_pov,camera/angle
reclined_table_lotus,object/other
reclining_on_bed,object/other
reclining_on_sofa,object/other
reclining_pose,expression/pose
recoilless_gun,object/weapon
record_jacket,clothing/top
record_store,scene/indoor
recorder_(musical_instrument),object/tool
recording_sex,sex/act
recording_studio,scene/indoor
recruitment_bag_(arknights),clothing/accessory
rectal_prolapse,sex/body
rectangular_cage,object/tool
rectangular_earrings,clothing/accessory
rectangular_eyes,person/eyes
rectangular_glasses,clothing/accessory
rectangular_mouth,person/body
rectangular_pupils,person/eyes
rectangular_speech_bubble,style/quality
recursive_penetration,sex/act
red_(among_us)_(cosplay),style/medium
red_(pokemon)_(cosplay),style/medium
red_anus,sex/body
red_apple,object/food
red_apron,clothing/whole
red_areola,sex/body
red_arm_warmers,person/body
red_armor,clothing/accessory
red_armpit_hair,person/hair
red_arms,person/body
red_ass,person/body
red_back,person/body
red_background,scene/background
red_backpack,clothing/accessory
red_bag,clothing/accessory
red_ball_gag,object/toy
red_balloon,object/toy
red_balls,object/toy
red_bandage,clothing/accessory
red_baseball_cap,clothing/head
red_bed,object/other
red_bed_sheet,object/other
red_belly,person/body
red_belt,clothing/accessory
red_beret,clothing/head
red_bikini,clothing/whole
red_bikini_bottom,clothing/whole
red_bikini_top,clothing/whole
red_blanket,object/other
red_blindfold,clothing/head
red_blood_cell_(hataraku_saibou)_(cosplay),style/medium
red_blush,expression/face
red_bodysuit,clothing/whole
red_book,object/tool
red_boots,clothing/footwear
red_border,camera/framing
red_bow,clothing/head
red_bow_ribbon,clothing/head
red_bow_tie,clothing/head
red_bowtie,clothing/accessory
red_boxing_gloves,clothing/accessory
red_bra,clothing/top
red_bracelet,clothing/accessory
red_breasts,person/body
red_bridal_gauntlets,clothing/accessory
red_brooch,clothing/accessory
red_butt,person/body
red_camisole,clothing/top
red_cap,clothing/head
red_cape,clothing/top
red_card,object/tool
red_cardigan,clothing/top
red_carpet,object/other
red_chair,object/other
red_chastity_cage,object/tool
red_cheeks,person/body
red_chest,person/body
red_choker,clothing/accessory
red_cloak,clothing/top
red_clothing,clothing/other
red_clouds,scene/sky
red_coat,clothing/top
red_collar,clothing/accessory
red_couch,object/other
red_crop_top,clothing/top
red_crown,clothing/head
red_cum,sex/act
red_cup,object/food
red_dildo,sex/gear
red_dress,clothing/whole
red_dress_shirt,clothing/whole
red_ear_fins,person/body
red_ear_fluff,person/body
red_ear_ring,clothing/accessory
red_ear_tips,person/body
red_earrings,clothing/accessory
red_ears,person/body
red_elbow_gloves,clothing/accessory
red_eye_effect,person/eyes
red_eyebrows,person/eyes
red_eyelashes,person/eyes
red_eyelids,person/eyes
red_eyes,person/eyes
red_eyes_(e.g.o),person/eyes
red_eyeshadow,person/eyes
red_face,person/body
red_facial_hair,person/hair
red_feather_hair,person/hair
red_feet,person/body
red_finger_claws,person/body
red_fingerless_gloves,clothing/accessory
red_fingernails,person/body
red_fingers,person/body
red_flag,object/tool
red_flower,scene/nature
red_forehead_gem,person/body
red_freckles,person/body
red_garter,clothing/legwear
red_garter_belt,clothing/legwear
red_garter_straps,clothing/legwear
red_ginger_(flower),scene/nature
red_glasses,clothing/accessory
red_gloves,clothing/accessory
red_goggles,clothing/accessory
red_guitar,expression/action
red_hair,person/hair
red_hair_accessory,person/hair
red_hair_bow,clothing/head
red_hair_tie,person/hair
red_hair_tips,person/hair
red_hairband,clothing/head
red_hands,person/body
red_hanfu,clothing/whole
red_hat,clothing/head
red_headband,clothing/head
red_headphones,object/tool
red_heels,clothing/footwear
red_helmet,clothing/head
red_high_heels,clothing/footwear
red_hood,clothing/head
red_hoodie,clothing/top
red_inner_ear,person/body
red_inner_ear_fluff,person/body
red_inner_pussy,sex/body
red_jacket,clothing/top
red_jewelry,clothing/accessory
red_jumpsuit,clothing/whole
red_kimono,clothing/whole
red_latex,clothing/other
red_leaf,scene/nature
red_leash,sex/gear
red_leaves,scene/nature
red_leg_warmers,person/body
red_leggings,clothing/bottom
red_legs,person/body
red_leotard,clothing/whole
red_lightning,scene/sky
red_lips,person/body
red_lower_jaw,person/body
red_makeup,person/eyes
red_male_swimwear,person/count
red_male_underwear,person/count
red_mask,clothing/head
red_monochrome,style/color
red_moon,scene/sky
red_mouth,person/body
red_neck,person/body
red_neckerchief,clothing/accessory
red_necklace,clothing/accessory
red_necktie,clothing/accessory
red_nightgown,clothing/whole
red_nose,person/body
red_ocean,scene/nature
red_one_piece_swimsuit,clothing/whole
red_outfit,clothing/whole
red_overalls,clothing/whole
red_pajamas,clothing/whole
red_panda_boy,person/count
red_panda_costume,clothing/whole
red_panda_ears,person/body
red_panda_girl,person/count
red_pants,clothing/bottom
red_pantyhose,clothing/legwear
red_penis,sex/body
red_petals,scene/nature
red_phone,object/tool
red_prison_magic_school_uniform,clothing/whole
red_pseudo_hair,person/hair
red_pubic_hair,sex/body
red_pup_mask,clothing/head
red_pupils,person/eyes
red_pussy,sex/body
red_queen_(sword),object/weapon
red_ribbon,clothing/head
red_ribbon_army,clothing/head
red_robe,clothing/whole
red_rope,object/tool
red_sailor_collar,clothing/accessory
red_sandals,clothing/footwear
red_sash,clothing/accessory
red_scar,person/body
red_scarf,clothing/accessory
red_sclera,person/eyes
red_sheath,object/weapon
red_shirt,clothing/top
red_shoes,clothing/footwear
red_shorts,clothing/bottom
red_skin,person/body
red_skinned_female,person/count
red_skirt,clothing/bottom
red_sky,scene/sky
red_sling_bikini,clothing/whole
red_slingshot_swimsuit,clothing/whole
red_slippers,clothing/footwear
red_sneakers,clothing/footwear
red_socks,clothing/legwear
red_sofa,object/other
red_solo_cup,person/count
red_speech_bubble,style/quality
red_spines,person/body
red_sports_bra,clothing/top
red_stockings,clothing/legwear
red_stone_of_aja,scene/nature
red_suit,clothing/whole
red_sun,scene/sky
red_sunglasses,clothing/accessory
red_sweater,clothing/top
red_sweater_vest,clothing/top
red_swimming_trunks,expression/action
red_t_shirt,clothing/top
red_tank_top,clothing/top
red_tattoo,person/body
red_teeth,person/body
red_telephone_box_(british),object/tool
red_tentacles,sex/gear
red_text,style/quality
red_thigh_boots,clothing/footwear
red_thigh_highs,person/body
red_thigh_socks,clothing/legwear
red_thighhighs,clothing/legwear
red_tinted_glasses,clothing/accessory
red_toe_claws,person/body
red_toes,person/body
red_tongue,person/body
red_top_hat,clothing/head
red_torso,person/body
red_track_suit,clothing/whole
red_tube_top,clothing/top
red_tunic,clothing/top
red_umbrella,object/tool
red_veil,clothing/head
red_vest,clothing/top
red_vulva,sex/body
red_wall,scene/outdoor
red_water,scene/nature
red_wine,object/food
red_winter_federal_academy_logo,style/quality
red_wrist_cuffs,person/body
reddened_butt,person/body
reddened_pussy,sex/body
reddit_logo,style/quality
reflecting_pool,scene/outdoor
reflection_focus,camera/framing
reflection_in_eyes,person/eyes
reflection_in_the_mirror_(love_live!),object/tool
reflective_clothes,clothing/other
reflective_clothing,clothing/other
reflective_table,object/other
reflective_wall,scene/outdoor
reflective_water,scene/nature
reflective_weapon,object/weapon
rei_gun,object/weapon
rei_no_pool,scene/outdoor
reien_girl's_academy_school_uniform,clothing/whole
reiko_holinger_(cosplay),style/medium
reimei_school_uniform,clothing/whole
reimu_day,scene/sky
reindeer_boy,person/count
reindeer_costume,clothing/whole
reindeer_girl,person/count
reindeer_hair_ornament,clothing/head
reindeer_hat,clothing/head
reindeer_hood,clothing/head
reisalin_stout_(cosplay),style/medium
reisen_udongein_inaba_(cosplay),style/medium
reiuji_utsuho_(cosplay),style/medium
relaxed_expression,expression/face
relaxing_sex,sex/act
relief_(expression),expression/face
religious_clothing,clothing/other
religious_headwear,clothing/head
rem_(re:zero)_(cosplay),style/medium
remilia_day,scene/sky
remilia_scarlet_(cosplay),style/medium
reminiscence_marionette_(ensemble_stars!),scene/sky
remnant_cube_(wuthering_waves),expression/action
remote_control_vibrator,sex/gear
remote_controlled_vibrator,sex/gear
remote_vibrator,sex/gear
removed_clothing,clothing/other
removing_bikini_top,clothing/whole
removing_bra,clothing/top
removing_bra_under_shirt,clothing/top
removing_cape,clothing/top
removing_coat,clothing/top
removing_condom,sex/gear
removing_hat,clothing/head
removing_headwear,clothing/head
removing_helmet,clothing/head
removing_jacket,clothing/top
removing_legwear,clothing/legwear
removing_mask,clothing/head
removing_necktie,clothing/accessory
removing_pants,clothing/bottom
removing_pantyhose,clothing/legwear
removing_shirt,clothing/top
removing_shoes,clothing/footwear
removing_socks,clothing/legwear
renaissance_clothes,clothing/other
renaissance_clothing,clothing/other
rengoku_(sword)_(fate),object/weapon
renpu_girls_school_uniform,clothing/whole
rensouhou_chan_(cosplay),style/medium
rental_mommy_shirt,clothing/top
rentarou_family,person/count
repair_bucket,object/tool
repeat_ball,object/toy
repeated_text,style/quality
replaced_text,style/quality
reptile_boy,person/count
reptile_girl,person/count
reptilian_penis,sex/body
republic_of_china_flag,object/tool
republic_of_china_school_uniform,clothing/whole
requiem_(gun),object/weapon
resistance_costume_(amphibia),clothing/whole
resisting_orgasm,sex/act
restaurant,scene/indoor
resting_arm,person/body
resting_arms,person/body
resting_bitch_face,person/body
resting_head,person/body
resting_on_arm,person/body
resting_on_arms,person/body
resting_on_balls,object/toy
resting_on_belly,person/body
resting_on_condom,sex/gear
restrained,sex/gear
restrained_arm,sex/gear
restrained_arms,sex/gear
restrained_by_tentacles,sex/gear
restrained_feet,sex/gear
restrained_legs,sex/gear
restrained_tail,sex/gear
restrained_wings,sex/gear
restraining_table,object/other
restroom_sex,sex/act
restroom_sign,object/tool
retaining_wall,scene/outdoor
retracted_balls,object/toy
retracted_sheath,object/weapon
retro_anime_style,style/medium
retro_controller,object/toy
reunion_logo_(arknights),style/quality
revealing_breasts,person/body
revealing_chastity_cage,object/tool
revealing_clothes,clothing/other
revealing_outfit,clothing/whole
revealing_penis,sex/body
revealing_pussy,sex/body
revealing_shirt,clothing/top
revealing_swimsuit_(dq),clothing/whole
revealing_tank_top,clothing/top
revenge_sex,sex/act
reverse_bikini_armor,clothing/whole
reverse_blowjob,sex/act
reverse_bunny_costume,clothing/whole
reverse_doggystyle,sex/act
reverse_fellatio,sex/act
reverse_forced_anal,sex/body
reverse_forced_cunnilingus,sex/act
reverse_forced_fellatio,sex/act
reverse_forced_handjob,sex/act
reverse_forced_oral,sex/act
reverse_grip_handjob,sex/act
reverse_handjob,sex/act
reverse_jointed_legs,person/body
reverse_leg_lock,person/body
reverse_mating_press,sex/act
reverse_missionary_position,sex/act
reverse_mouth_shot,camera/shot
reverse_newhalf_with_male,person/count
reverse_nursing_handjob,sex/act
reverse_outfit,clothing/whole
reverse_penetration,sex/act
reverse_squatting_cowgirl_position,expression/pose
reverse_table_lotus_position,object/other
reverse_v_sign,expression/action
reversed_feet,person/body
reversed_foot,person/body
reversible_couple,person/count
revolver_grenade_launcher,object/weapon
revy_(black_lagoon)_(cosplay),style/medium
reward_sex,sex/act
rex_(xenoblade)_(cosplay),style/medium
reze's_eye_twitch_(chainsaw_man),person/eyes
reze_(chainsaw_man)_(cosplay),style/medium
rhine_lab_family_(arknights),person/count
rhine_lab_logo,style/quality
rhino_boy,person/count
rhinoceros_ears,person/body
rhinoceros_girl,person/count
rhodes_island_logo_(arknights),style/quality
rhodes_island_uniform,clothing/whole
rib_cage,object/tool
rib_tattoo,person/body
ribbed_bikini,clothing/whole
ribbed_bodysuit,clothing/whole
ribbed_camisole,clothing/top
ribbed_cardigan,clothing/top
ribbed_clothing,clothing/other
ribbed_collar,clothing/accessory
ribbed_dildo,sex/gear
ribbed_dress,clothing/whole
ribbed_gloves,clothing/accessory
ribbed_hat,clothing/head
ribbed_jacket,clothing/top
ribbed_jumpsuit,clothing/whole
ribbed_leg_warmers,person/body
ribbed_legwear,clothing/legwear
ribbed_leotard,clothing/whole
ribbed_pantyhose,clothing/legwear
ribbed_penis,sex/body
ribbed_shirt,clothing/top
ribbed_shorts,clothing/bottom
ribbed_skirt,clothing/bottom
ribbed_socks,clothing/legwear
ribbed_sweater,clothing/top
ribbed_swimsuit,clothing/whole
ribbed_tank_top,clothing/top
ribbed_thighhighs,clothing/legwear
ribbed_vest,clothing/top
ribbon,clothing/head
ribbon_around_body,clothing/head
ribbon_as_bra,clothing/top
ribbon_bar,clothing/head
ribbon_baton,clothing/head
ribbon_between_breasts,clothing/head
ribbon_bondage,clothing/head
ribbon_border,camera/framing
ribbon_bra,clothing/top
ribbon_braid,clothing/head
ribbon_cable,clothing/head
ribbon_censor,clothing/head
ribbon_choker,clothing/head
ribbon_earrings,clothing/head
ribbon_hair,clothing/head
ribbon_hair_ornament,clothing/head
ribbon_in_mouth,clothing/head
ribbon_legwear,clothing/legwear
ribbon_of_saint_george,clothing/head
ribbon_on_penis,clothing/head
ribbon_only,clothing/head
ribbon_panties,clothing/head
ribbon_restrained,clothing/head
ribbon_shoes,clothing/footwear
ribbon_trim,clothing/head
ribbon_trimmed_apron,clothing/whole
ribbon_trimmed_bikini,clothing/whole
ribbon_trimmed_bloomers,clothing/head
ribbon_trimmed_bow,clothing/head
ribbon_trimmed_bra,clothing/top
ribbon_trimmed_cape,clothing/top
ribbon_trimmed_capelet,clothing/head
ribbon_trimmed_choker,clothing/head
ribbon_trimmed_clothes,clothing/head
ribbon_trimmed_coat,clothing/top
ribbon_trimmed_collar,clothing/head
ribbon_trimmed_corset,clothing/head
ribbon_trimmed_dress,clothing/whole
ribbon_trimmed_footwear,clothing/footwear
ribbon_trimmed_garter,clothing/legwear
ribbon_trimmed_gloves,clothing/head
ribbon_trimmed_hairband,clothing/head
ribbon_trimmed_hat,clothing/head
ribbon_trimmed_headwear,clothing/head
ribbon_trimmed_hood,clothing/head
ribbon_trimmed_jacket,clothing/top
ribbon_trimmed_kimono,clothing/whole
ribbon_trimmed_legwear,clothing/legwear
ribbon_trimmed_panties,clothing/head
ribbon_trimmed_pants,clothing/bottom
ribbon_trimmed_sash,clothing/head
ribbon_trimmed_shirt,clothing/top
ribbon_trimmed_shorts,clothing/bottom
ribbon_trimmed_skirt,clothing/bottom
ribbon_trimmed_sleeves,clothing/head
ribbon_trimmed_socks,clothing/legwear
ribbon_trimmed_swimsuit,clothing/whole
ribbon_trimmed_thighhighs,clothing/legwear
ribbon_trimmed_underwear,clothing/head
ribbon_trimmed_vest,clothing/top
ribbons,clothing/head
ribbons_(anatomy),clothing/head
ribs_(food),object/food
rice,object/food
rice_(plant),scene/nature
rice_bowl,object/food
rice_cooker,object/food
rice_hat,clothing/head
rice_on_face,person/body
rice_paddy,object/food
rice_planting,object/food
rice_porridge,object/food
rice_shower_(umamusume)_(cosplay),style/medium
rider_belt,clothing/accessory
rider_card,object/tool
rider_watch,object/tool
ridged_dildo,sex/gear
ridged_knotted_penis,sex/body
ridged_mouth,person/body
ridged_penis,sex/body
riding_boots,clothing/footwear
riding_dildo,sex/gear
riding_on_back,person/body
riding_on_shoulder,person/body
riding_outfit,clothing/whole
riding_person,person/count
riding_toy,object/toy
rifle,object/weapon
rifle_cartridge,object/weapon
rifle_scope,object/weapon
rifle_sling,object/weapon
right_hand_drive,person/body
right_over_left_kimono,clothing/whole
rim_light,style/color
rim_lighting,style/color
rimmee_giving_handjob,sex/act
rimmer_receiving_handjob,sex/act
rimming_female,person/count
rimming_male,person/count
rin's_pendant_(fate),clothing/accessory
ring,clothing/accessory
ring_(hardware),clothing/accessory
ring_(identity)_(project_moon),clothing/accessory
ring_(jewelry),clothing/accessory
ring_(marking),clothing/accessory
ring_(sonic),clothing/accessory
ring_box,clothing/accessory
ring_con,clothing/accessory
ring_fit_trainee_(female)_(cosplay),style/medium
ring_gag,clothing/accessory
ring_hair_extensions,clothing/accessory
ring_hair_ornament,clothing/head
ring_light,clothing/accessory
ring_light_reflection,clothing/accessory
ring_necklace,clothing/accessory
ring_of_fire,clothing/accessory
ring_of_light_(blue_archive),clothing/accessory
ring_on_every_finger,clothing/accessory
ring_on_leg,clothing/accessory
ring_piercing,clothing/accessory
ring_pop,clothing/accessory
ring_sidelocks,clothing/accessory
ring_toss,clothing/accessory
ring_vibrator,clothing/accessory
ringed_background,scene/background
ringed_ears,person/body
ringed_eyes,person/eyes
ringed_iris,person/eyes
ringed_pupils,person/eyes
ringer_box,object/tool
ringer_t_shirt,clothing/top
ringing_phone,object/tool
rings_on_arms,clothing/accessory
rings_on_legs,clothing/accessory
rinmeikan_girls_school_uniform,clothing/whole
rio_(blue_archive)_(cosplay),style/medium
riot_helmet,clothing/head
riot_shield,object/weapon
ripped_jeans,clothing/bottom
ripping_clothing,clothing/other
rippling_belly,person/body
rising_sun_flag,scene/sky
risky_sex,sex/act
ritual_sex,sex/act
river,scene/nature
riyo_(lyomsnpmp)_(style),style/medium
rizu_kyun_(cosplay),style/medium
ro_500_(kancolle)_(cosplay),style/medium
road,scene/outdoor
road_bicycle,scene/outdoor
road_closed_to_vehicles_sign,scene/outdoor
road_of_radiance_(umamusume),scene/outdoor
road_roller_da!_(meme),scene/outdoor
road_sign,scene/outdoor
roast_chicken_leg,person/body
robe,clothing/whole
robe_lift,clothing/whole
robe_only,clothing/whole
robe_partially_removed,clothing/whole
robe_slip,clothing/whole
robin_(female)_(fire_emblem)_(cosplay),style/medium
robin_(fire_emblem)_(cosplay),style/medium
robot_arm,person/body
robot_arms,person/body
robot_boy,person/count
robot_ears,person/body
robot_fish,object/food
robot_girl,person/count
robot_penis,sex/body
robot_sex,sex/act
robotic_arm,person/body
robotic_arms,person/body
robotic_hand,person/body
robotic_hands,person/body
robotic_leg,person/body
robotic_legs,person/body
robotic_penis,sex/body
robotic_tentacles,sex/gear
robotic_tongue,person/body
rock,scene/nature
rock_(genre),scene/nature
rock_(music),scene/nature
rock_balancing,scene/nature
rock_band,scene/nature
rock_cannon,scene/nature
rock_climbing,expression/action
rock_garden,scene/outdoor
rock_gyaru,scene/nature
rock_out_with_your_cock_out,sex/body
rock_paper_scissors,scene/nature
rock_type_theme_(pokemon),scene/nature
rock_wall,scene/outdoor
rocket_boots,clothing/footwear
rocket_propelled_grenade,object/weapon
rocking_chair,object/other
rocking_school_(idolmaster),scene/indoor
rocks_glass,scene/nature
rococo_clothing,clothing/other
rodent_ears,person/body
rodent_penis,sex/body
rokubanchou_school_uniform,clothing/whole
role_playing_game,expression/action
roll_cake,object/food
rolled_up_newspaper,object/tool
rolled_up_pants,clothing/bottom
rolled_up_paper,object/tool
rolled_up_shirt,clothing/top
roller_shoes,clothing/footwear
rolling_eyes,person/eyes
roman_armor,clothing/accessory
roman_clothes,clothing/other
roman_clothing,clothing/other
romantic_couple,person/count
romantic_night,scene/sky
romantic_sex,sex/act
romaritime_flower,scene/nature
rome_(city),scene/outdoor
romeo_montague_(cosplay),style/medium
romper_suit,clothing/whole
ronald_mcdonald_(cosplay),style/medium
rooftop,scene/outdoor
rook_(chess),object/toy
room,scene/indoor
room_filling,scene/indoor
room_number,scene/indoor
room_you_can't_get_out_of_unless_you_x_(meme),scene/indoor
rooster_costume,clothing/whole
root_beer,object/food
roots_(hair),person/hair
rope,object/tool
rope_around_ankle,person/body
rope_around_balls,object/tool
rope_around_neck,person/body
rope_around_penis,sex/body
rope_around_waist,person/body
rope_belt,clothing/accessory
rope_bondage,sex/gear
rope_bridge,scene/outdoor
rope_fence,scene/outdoor
rope_gag,object/tool
rope_harness,object/tool
rope_in_mouth,person/body
rope_knot,object/tool
rope_ladder,scene/outdoor
rope_leash,sex/gear
rope_marks,object/tool
rope_muzzle,object/tool
rope_necklace,clothing/accessory
rope_pull,object/tool
rope_suspension,object/tool
rope_train,object/tool
rope_walking,expression/action
roronoa_zoro_(cosplay),style/medium
rosalina_(cosplay),style/medium
rose_(blackpink)_(cosplay),style/medium
rose_(flower),scene/nature
rose_background,scene/background
rose_bush,scene/nature
rose_cage_(project_sekai),object/tool
rose_in_mouth,person/body
rose_petals,scene/nature
rose_tattoo,person/body
rosespanner_workshop_(identity)_(project_moon),scene/sky
roswaal_mansion_maid_uniform,clothing/whole
rosy_cheeks,person/body
rotary_cannon,object/weapon
rotary_machine_gun,object/weapon
rotary_phone,object/tool
roto_(dq3)_(cosplay),style/medium
roubai_academy_school_uniform_(new),clothing/whole
roubai_academy_school_uniform_(old),clothing/whole
rouge_(makeup),person/eyes
rouge_the_bat_(cosplay),style/medium
rough_anal,sex/body
rough_day_for_mom_(meme),scene/sky
rough_oral,sex/act
rough_sex,sex/act
rough_sketch,style/medium
rough_time_school,scene/indoor
rough_time_school_(idolmaster),scene/indoor
roulette_table,object/other
rouman_academy_school_uniform,clothing/whole
round_bag,clothing/accessory
round_border,camera/framing
round_breasts,person/body
round_collar,clothing/accessory
round_ears,person/body
round_eyes,person/eyes
round_girl,person/count
round_glasses,clothing/accessory
round_head,person/body
round_nose,person/body
round_pupils,person/eyes
round_shelf,object/other
round_shield,object/weapon
round_table,object/other
round_teeth,person/body
rounded_back,person/body
rounded_collar,clothing/accessory
rounded_ears,person/body
roundtable_hold_(elden_ring),clothing/accessory
rowdyruff_boys,person/count
roy_mustang_(cosplay),style/medium
royal_bitter_juice,object/food
royal_greatsword_(elden_ring),clothing/accessory
royal_officer_academy_school_uniform,clothing/whole
royal_robe,clothing/whole
royal_wonder_academy_school_uniform,clothing/whole
royale_style_(idolmaster),style/medium
rpg_(weapon),object/weapon
rubber,clothing/other
rubber_band,clothing/other
rubber_boots,clothing/footwear
rubber_chicken,clothing/other
rubber_clothing,clothing/other
rubber_day,clothing/other
rubber_duck,clothing/other
rubber_duck_hair_ornament,clothing/head
rubber_gloves,clothing/accessory
rubber_hose,clothing/other
rubber_hose_(style),style/medium
rubber_hose_style,style/medium
rubber_suit,clothing/whole
rubbing_breast,person/body
rubbing_butt,person/body
rubbing_chest,person/body
rubbing_crotch,sex/body
rubbing_ears,person/body
rubbing_eye,person/eyes
rubbing_eyes,person/eyes
rubbing_face,person/body
rubbing_feet,person/body
rubbing_hands,person/body
rubbing_hands_together,person/body
rubbing_head,person/body
rubbing_neck,person/body
rubbing_nose,person/body
rubbing_penis,sex/body
rubbing_pussy,sex/body
rubbing_stomach,person/body
rubbing_vulva,sex/body
ruby_style,style/medium
rudder_footwear,clothing/footwear
rudolph_the_red_nosed_reindeer_(cosplay),style/medium
ruff_(clothing),clothing/other
ruffle_bikini,clothing/whole
ruffled_bikini,clothing/whole
ruffled_collar,clothing/accessory
ruffled_shirt,clothing/top
ruffling_hair,person/hair
rugal_bernstein_(cosplay),style/medium
rugby_ball,object/toy
rugby_uniform,clothing/whole
ruined_anus,sex/body
ruined_makeup,person/eyes
ruined_orgasm,sex/act
ruined_pussy,sex/body
ruins,scene/outdoor
rukkhadevata_(genshin_impact)_(cosplay),style/medium
rumbling_stomach,person/body
rumia_(cosplay),style/medium
running,expression/action
running_away,expression/action
running_blade,expression/action
running_blades,expression/action
running_bond,expression/action
running_ganger_(meme),expression/action
running_makeup,expression/action
running_mascara,expression/action
running_on_liquid,expression/action
running_shoes,clothing/footwear
running_towards_viewer,expression/action
running_track,expression/action
running_water,expression/action
runny_makeup,person/eyes
runny_nose,person/body
russian_clothes,clothing/other
russian_flag,object/tool
ryouou_school_uniform,clothing/whole
ryouran!_victory_road_(love_live!),scene/outdoor
ryu_(street_fighter)_(cosplay),style/medium
ryukishi07_(style),style/medium
ryuseitai_(ensemble_stars!),scene/sky
ryuugasaki_academy_school_uniform,clothing/whole
ryuuguu_rena_(cosplay),style/medium
ryuujou_(kancolle)_(cosplay),style/medium
ryuukishi07_(style),style/medium
ryuuseitai_(ensemble_stars!),scene/sky
s.o.n.g._uniform,clothing/whole
s4_uniform,clothing/whole
s_shield,object/weapon
saber_(fate)_(cosplay),style/medium
saber_(weapon),object/weapon
saber_alter_(cosplay),style/medium
saber_alter_(swimsuit_rider)_(second_ascension)_(cosplay),style/medium
saber_bride_(cosplay),style/medium
saber_lily_(cosplay),style/medium
sabotaged_condom,sex/gear
saboten_pose,expression/pose
sabre_(weapon),object/weapon
sachertorte_(food),object/food
sack_behind_back,person/body
sacrificial_sword_(genshin_impact),object/weapon
sad_banana_cat_(meme),object/food
sad_face,person/body
sad_smile,expression/face
sadako_ceiling_tv_redraws_(meme),object/tool
sadamoto_yoshiyuki_(style),style/medium
saddle_bag,clothing/accessory
saddle_blanket,object/other
saddle_drum,object/tool
saddle_shoes,clothing/footwear
sadistic_smile,expression/face
safari_hat,clothing/head
safari_jacket,clothing/top
safe_nudity,sex/act
safe_sex,sex/act
safety_belt,clothing/accessory
safety_glasses,clothing/accessory
safety_goggles,clothing/accessory
safety_pin_hair_ornament,clothing/head
safety_vest,clothing/top
sage_(dq3)_(cosplay),style/medium
sage_outfit_(fire_emblem_engage),clothing/whole
sagging_belly,person/body
sagging_breasts,person/body
sagging_butt,person/body
sagging_pants,clothing/bottom
sagging_stomach,person/body
saggy_balls,object/toy
saggy_pussy,sex/body
sagiri_(kancolle)_(cosplay),style/medium
sagisawa_fumika_(cosplay),style/medium
sai_(weapon),object/weapon
saigyouji_yuyuko's_fan_design,object/tool
saigyouji_yuyuko_(cosplay),style/medium
saihara_shuichi_(cosplay),style/medium
saikai_academy_school_uniform,clothing/whole
sailor_beach_wear_(no.s_project),scene/outdoor
sailor_bikini,clothing/whole
sailor_cap,clothing/head
sailor_chibi_moon_(cosplay),style/medium
sailor_collar,clothing/accessory
sailor_collar_lift,clothing/accessory
sailor_dress,clothing/whole
sailor_hat,clothing/head
sailor_jacket,clothing/top
sailor_jupiter_(cosplay),style/medium
sailor_jupiter_pose,expression/pose
sailor_leotard,clothing/whole
sailor_mars_(cosplay),style/medium
sailor_mars_pose,expression/pose
sailor_mercury_(cosplay),style/medium
sailor_mercury_pose,expression/pose
sailor_moon_(cosplay),style/medium
sailor_moon_narikiri_bra_set,clothing/top
sailor_moon_pose,expression/pose
sailor_moon_redraw_challenge_(meme),scene/sky
sailor_neptune_(cosplay),style/medium
sailor_one_piece_swimsuit,clothing/whole
sailor_saturn_(cosplay),style/medium
sailor_senshi_(cosplay),style/medium
sailor_senshi_uniform,clothing/whole
sailor_shirt,clothing/top
sailor_swimsuit,clothing/whole
sailor_swimsuit_(idolmaster),clothing/whole
sailor_uniform,clothing/whole
sailor_uranus_(cosplay),style/medium
sailor_venus_(cosplay),style/medium
sailor_venus_pose,expression/pose
sainan_high_school_uniform,clothing/whole
saint_mary's_academy_school_uniform,clothing/whole
saint_patrick's_day,scene/sky
saint_snow,scene/sky
saitama_(one_punch_man)_(cosplay),style/medium
saiyan_armor,clothing/accessory
sakae_general_school_uniform,clothing/whole
sakakino_academy_school_uniform,clothing/whole
sakamata_chloe_(cosplay),style/medium
sakata_gintoki_(cosplay),style/medium
sake_barrel,object/tool
sake_bottle,object/food
sakigei_municipal_academy_school_uniform,clothing/whole
sakihata_rimi's_d_sword,object/weapon
sakimichan_(style),style/medium
sakugawa_school_uniform,clothing/whole
sakura_futaba_(cosplay),style/medium
sakura_kyoko_(cosplay),style/medium
sakura_miko_(cosplay),style/medium
sakura_miku_(cosplay),style/medium
sakura_petals,scene/nature
sakura_tree,scene/nature
sakuragaoka_high_school_uniform,clothing/whole
salad_bowl,object/food
saliva_on_anus,sex/body
saliva_on_ball_gag,object/toy
saliva_on_balls,object/toy
saliva_on_breasts,person/body
saliva_on_butt,person/body
saliva_on_chest,person/body
saliva_on_chin,person/body
saliva_on_dildo,sex/gear
saliva_on_face,person/body
saliva_on_feet,person/body
saliva_on_finger,person/body
saliva_on_foot,person/body
saliva_on_hand,person/body
saliva_on_head,person/body
saliva_on_neck,person/body
saliva_on_penis,sex/body
saliva_on_pussy,sex/body
saliva_on_tentacle,sex/gear
saliva_on_tongue,person/body
saliva_on_vulva,sex/body
saliva_pool,scene/outdoor
saliva_trail_between_teeth,person/body
salmon_(fish),object/food
salmon_(food),object/food
salmon_background,scene/background
saloon_doors,scene/outdoor
salt_middle_school_uniform,clothing/whole
salute,expression/action
salvia_(flower),scene/nature
sam_browne_belt,clothing/accessory
sam_porter_bridges_(cosplay),style/medium
samba_costume,clothing/whole
same_evolution_group,person/count
same_face,person/body
same_sex_bathing,sex/act
samidare_(kancolle)_(cosplay),style/medium
samonji_family_(touken_ranbu),person/count
sample_watermark,style/quality
samurai_armor,clothing/accessory
samurai_jacket_(cyberpunk),clothing/top
samus_aran_(cosplay),style/medium
san_(mononoke_hime)_(cosplay),style/medium
sanbaka_anniversary_outfit,clothing/whole
sand,scene/nature
sand_bucket,scene/nature
sand_castle,scene/indoor
sand_cat_print,scene/nature
sand_dune,scene/nature
sand_fur,scene/nature
sand_on_foot,person/body
sand_on_skin,person/body
sand_sculpture,style/medium
sand_writing,expression/action
sandals,clothing/footwear
sandals_only,clothing/footwear
sandals_removed,clothing/footwear
sandwich,object/food
sandwich_(food),object/food
sandwich_board,object/food
sandwich_cookie,object/food
sandwich_position,object/food
sanjou_school_swords_(touken_ranbu),scene/indoor
sankyoin_academy_school_uniform,clothing/whole
sans_(undertale)_(cosplay),style/medium
sanshuu_middle_school_uniform,clothing/whole
santa_alter_(cosplay),style/medium
santa_bikini,clothing/whole
santa_boots,clothing/footwear
santa_bra,clothing/top
santa_cape,clothing/top
santa_coat,clothing/top
santa_costume,clothing/whole
santa_dress,clothing/whole
santa_hat,clothing/head
santa_leotard,clothing/whole
santoku_knife,object/weapon
sanya_v._litvyak_(cosplay),style/medium
sanzu_river,scene/nature
saori_(blue_archive)_(cosplay),style/medium
saotome_academy_school_uniform,clothing/whole
sapphire_style,style/medium
sapporo_beer,object/food
saratoga_(kancolle)_(cosplay),style/medium
sarayashiki_junior_high_school_uniform,clothing/whole
sari,clothing/whole
saru_(style),style/medium
sash,clothing/accessory
sash_bow,clothing/head
satchel,clothing/accessory
satellite_cannon,object/weapon
satin_bikini,clothing/whole
satin_bra,clothing/top
satin_clothes,clothing/other
satin_dress,clothing/whole
satogahama_baseball_uniform,clothing/whole
satogahama_school_uniform,clothing/whole
satonaka_chie_(cosplay),style/medium
satori_day,scene/sky
satou_kazuma_(cosplay),style/medium
satsuki_(kancolle)_(cosplay),style/medium
saturated,style/color
saturated_background,style/color
saturn_(planet),scene/sky
sauna,scene/indoor
sauna_bench,scene/indoor
sauna_sex,sex/act
saunders_military_uniform,clothing/whole
saunders_school_uniform,clothing/whole
savanaclaw_dorm_uniform,clothing/whole
saya_(scabbard),object/weapon
sazae_san_food_gag_(meme),object/food
sazanami_(kancolle)_(cosplay),style/medium
sazanami_mio_(style),style/medium
scabbard,object/weapon
scabiosa_(flower),scene/nature
scale_armor,clothing/accessory
scale_eyebrows,person/eyes
scale_freckles,person/body
scale_hair,person/hair
scale_tattoo,person/body
scaled_balls,object/toy
scaled_hands,person/body
scaled_legs,person/body
scaled_penis,sex/body
scales_on_shoulder,person/body
scamp_(kancolle)_(cosplay),style/medium
scanline_hair,person/hair
scar,person/body
scar_across_eye,person/eyes
scar_across_eyebrow,person/body
scar_across_eyes,person/eyes
scar_on_arm,person/body
scar_on_ass,person/body
scar_on_back,person/body
scar_on_breasts,person/body
scar_on_cheek,person/body
scar_on_chest,person/body
scar_on_chin,person/body
scar_on_ear,person/body
scar_on_face,person/body
scar_on_forehead,person/body
scar_on_hand,person/body
scar_on_head,person/body
scar_on_hip,person/body
scar_on_leg,person/body
scar_on_lip,person/body
scar_on_mouth,person/body
scar_on_neck,person/body
scar_on_nose,person/body
scar_on_shoulder,person/body
scar_on_shoulders,person/body
scar_on_stomach,person/body
scar_on_tail,person/body
scar_on_thigh,person/body
scar_on_thighs,person/body
scarabia_dorm_uniform,clothing/whole
scared,expression/face
scared_expression,expression/face
scared_face,expression/face
scared_to_sleep_alone,expression/face
scarf,clothing/accessory
scarf_bow,clothing/head
scarf_choker,clothing/accessory
scarf_grab,clothing/accessory
scarf_on_head,clothing/accessory
scarf_only,clothing/accessory
scarf_over_breasts,clothing/accessory
scarf_over_mouth,clothing/accessory
scarf_pull,clothing/accessory
scarf_tying,clothing/accessory
scarlet_aeonia_(elden_ring),clothing/accessory
scars_all_over,person/body
scars_on_chest,person/body
scary_face,person/body
scary_sex,sex/act
scathach_(fate)_(cosplay),style/medium
scenery,scene/background
scenery_porn,scene/background
schale_logo,style/quality
schecter_guitar,expression/action
school,scene/indoor
school_bag,clothing/accessory
school_briefcase,scene/indoor
school_bus,scene/indoor
school_chair,scene/indoor
school_connection,scene/indoor
school_desk,scene/indoor
school_emblem,scene/indoor
school_festival,scene/indoor
school_gateway,scene/indoor
school_gym,scene/indoor
school_hallway,scene/indoor
school_hat,clothing/head
school_nudity,sex/act
school_nurse,scene/indoor
school_of_fish,scene/indoor
school_swimsuit,clothing/whole
school_swimsuit_flap,clothing/whole
school_uniform,clothing/whole
school_uniform_(yuyushiki),clothing/whole
school_wear_(idolmaster),scene/indoor
school_yard,scene/indoor
schoolish_girl_(idolmaster),person/count
scissor_blade_(kill_la_kill),object/weapon
scissor_doors,scene/outdoor
scissored_leg_glider_position,person/body
scissors,object/tool
scissors_hair_ornament,clothing/head
scoop_neck,person/body
scorbunny_(cosplay),style/medium
scorpion_girl,person/count
scorpion_pose,expression/pose
scorpion_tattoo,person/body
scotch_(cookie)_(style),style/medium
scottish_english_text,style/quality
scottish_flag,object/tool
scout_(tf2)_(cosplay),style/medium
scout_uniform,clothing/whole
scramble_fan_festa!_(project_sekai),object/tool
scrambled_egg,object/food
scraped_knee,person/body
scratching_ass,person/body
scratching_back,person/body
scratching_belly,person/body
scratching_butt,person/body
scratching_chin,person/body
scratching_head,person/body
scratching_neck,person/body
scratching_stomach,person/body
screaming,expression/face
screaming_orgasm,sex/act
screen,object/tool
screen_door,scene/outdoor
screen_eyes,person/eyes
screen_face,person/body
screen_glow,object/tool
screen_light,object/tool
screen_shake,object/tool
screen_zoom,camera/shot
screencap_background,style/medium
screenshot_background,scene/background
screw_hair_ornament,clothing/head
screw_in_head,person/body
screwdriver,object/tool
scribble_background,scene/background
scribble_eyes,person/eyes
scroll,object/tool
scroll_tube,object/tool
scrotum_ladder,scene/outdoor
scrub_brush,object/tool
scrunched_nose,person/body
scrunchy_face,person/body
sculpture,style/medium
scuted_arms,person/body
scuted_feet,person/body
scuted_hands,person/body
scuted_legs,person/body
scythe,object/weapon
sd_card,object/tool
sea,scene/nature
sea_angel_girl,person/count
sea_angel_wings,scene/nature
sea_bream,scene/nature
sea_bunny,scene/nature
sea_demon,scene/nature
sea_ganoderma,scene/nature
sea_grass,scene/nature
sea_salt_ice_cream,scene/nature
sea_slug_ears,person/body
sea_slug_girl,person/count
sea_spray,scene/nature
seal_boy,person/count
seal_costume,clothing/whole
seal_puppet,object/toy
seamed_legwear,clothing/legwear
seaport_princess_(cosplay),style/medium
search_bar,scene/indoor
seashell_bikini,clothing/whole
seashell_bra,clothing/top
seashell_bracelet,clothing/accessory
seashell_necklace,clothing/accessory
seat_belt,clothing/accessory
seatbelt_between_breasts,person/body
sechi_(sechihyeo)_(style),style/medium
second_wangan_school_uniform,clothing/whole
secret_stone,scene/nature
secret_stone_of_spirit,scene/nature
security_uniform,clothing/whole
seductive,expression/face
seductive_gaze,expression/face
seductive_mouth,expression/face
seductive_smile,expression/face
see_through_apron,clothing/whole
see_through_bag,clothing/accessory
see_through_bikini,clothing/whole
see_through_bodysuit,clothing/whole
see_through_bow,clothing/head
see_through_bra,clothing/top
see_through_bridal_gauntlets,clothing/accessory
see_through_camisole,clothing/top
see_through_cape,clothing/top
see_through_cardigan,clothing/top
see_through_cleavage,person/body
see_through_clothes,clothing/other
see_through_coat,clothing/top
see_through_curtains,object/other
see_through_dress,clothing/whole
see_through_dress_layer,clothing/whole
see_through_footwear,clothing/footwear
see_through_gloves,clothing/accessory
see_through_hair,person/hair
see_through_hat,clothing/head
see_through_headwear,clothing/head
see_through_hood,clothing/head
see_through_hoodie,clothing/top
see_through_jacket,clothing/top
see_through_kimono,clothing/whole
see_through_legwear,clothing/legwear
see_through_leotard,clothing/whole
see_through_magazine_(weapon),object/weapon
see_through_mask,clothing/head
see_through_necktie,clothing/accessory
see_through_nightgown,clothing/whole
see_through_one_piece_swimsuit,clothing/whole
see_through_pants,clothing/bottom
see_through_pantyhose,clothing/legwear
see_through_pelvic_curtain,object/other
see_through_ribbon,clothing/head
see_through_robe,clothing/whole
see_through_scarf,clothing/accessory
see_through_shirt,clothing/top
see_through_shorts,clothing/bottom
see_through_skirt,clothing/bottom
see_through_skirt_layer,clothing/bottom
see_through_slingshot_swimsuit,clothing/whole
see_through_socks,clothing/legwear
see_through_sports_bra,clothing/top
see_through_tank_top,clothing/top
see_through_thighhighs,clothing/legwear
see_through_veil,clothing/head
see_through_wrist_cuffs,person/body
seed_hair_ornament,clothing/head
seed_uniform_(ff8),clothing/whole
seeing_stars,scene/sky
sega_controller,object/toy
segmented_arms,person/body
segmented_legs,person/body
segmented_neck,person/body
segmented_penis,sex/body
seia_(blue_archive)_(cosplay),style/medium
seidouzan_soccer_uniform,clothing/whole
seigetsu_academy_school_uniform,clothing/whole
seihai_(sailor_moon),scene/sky
seijou_academy_school_uniform,clothing/whole
seimei_high_school_uniform,clothing/whole
seio_girls'_academy_school_uniform,clothing/whole
seiou_gakuen_school_uniform,clothing/whole
seiren_academy_school_uniform,clothing/whole
seisen_school_uniform,clothing/whole
seisho_music_academy_school_uniform,clothing/whole
seishou_elementary_school_uniform,clothing/whole
seishou_middle_school_uniform,clothing/whole
seishou_music_academy_uniform,clothing/whole
seitetsu_academy_school_uniform,clothing/whole
seiyo_academy_school_uniform,clothing/whole
seiza,expression/face
sekiba_girls'_high_school_uniform,clothing/whole
sekibanki_(cosplay),style/medium
sekibanki_day,scene/sky
sekiro_(cosplay),style/medium
selection_university_military_uniform,clothing/whole
selene_(pokemon)_(cosplay),style/medium
selene_girls_school_uniform,clothing/whole
self_bondage,sex/gear
self_breast_sucking,person/body
self_character_print,person/count
self_cosplay,style/medium
self_harm_scar,person/body
self_harm_scars,person/body
self_hug,expression/action
self_milking,sex/act
self_penetration,sex/act
self_pillow,object/other
self_propelled_gun,object/weapon
selfie,person/count
selfie_during_intercourse,person/count
selfie_pose,expression/pose
selfie_prank,person/count
selfie_prank_(meme),person/count
selfie_stick,person/count
semaphore_flags,object/tool
semen_squirt,sex/body
semi_automatic_grenade_launcher,object/weapon
semi_automatic_rifle,object/weapon
semi_nude,sex/act
semi_pov,camera/angle
sendai_(kancolle)_(cosplay),style/medium
sending_nudes,sex/act
sengoku_nadeko_(cosplay),style/medium
senjougahara_hitagi_(cosplay),style/medium
senjougahara_hitagi_skirt_lift_pose,clothing/bottom
senjougahara_pose,expression/pose
senkou_high_school_uniform,clothing/whole
senriyama_school_uniform,clothing/whole
sensei_haruki_suetsugu_(style),style/medium
sensitive_penis,sex/body
sensory_deprivation_helmet,clothing/head
sensory_deprivation_hood,clothing/head
sentient_ears,person/body
sentient_fat,person/body
sentient_penis,sex/body
sentient_stuffed_toy,object/toy
separated_arms,person/body
separated_legs,person/body
separated_wrists,person/body
sephiroth_(cosplay),style/medium
sepia_background,style/color
septum_ring,clothing/accessory
sequential_arrow,object/weapon
serena_(pokemon)_(cosplay),style/medium
serena_(yu_gi_oh!)_(cosplay),style/medium
serendia_academy_school_uniform,clothing/whole
sergal_penis,sex/body
sergeant_(fish),object/food
serious_face,person/body
serrated_knife,object/weapon
serval_(kemono_friends)_(cosplay),style/medium
servant_card_(fate/grand_order),object/tool
servants_holding_aphrodite's_breasts_(meme),expression/action
server_room,scene/indoor
servicing_from_below,camera/angle
serving_food,object/food
sesshouin_kiara_(swimsuit_mooncancer)_(cosplay),style/medium
sessyoin_kiara_(cosplay),style/medium
sessyoin_kiara_(swimsuit_mooncancer)_(cosplay),style/medium
seth_macfarlane_(style),style/medium
seven_association_(identity)_(project_moon),scene/sky
seven_association_south_(identity)_(project_moon),scene/sky
seven_association_south_uniform,clothing/whole
seven_branched_sword,object/weapon
seven_frame_image,object/other
seven_sisters_high_school_uniform,clothing/whole
seven_stripe_rainbow_pride_colors,scene/sky
severed_arm,person/body
severed_balls,object/toy
severed_ear,person/body
severed_finger,person/body
severed_hair,person/hair
severed_hand,person/body
severed_head,person/body
severed_leg,person/body
severed_oral,sex/act
severed_penis,sex/body
severed_tongue,person/body
severed_torso,person/body
sewn_eye,person/eyes
sewn_mouth,person/body
sewn_pussy,sex/body
sex,sex/act
sex_after_cumming,sex/act
sex_battle,sex/act
sex_box,sex/act
sex_club,sex/act
sex_denial,sex/act
sex_doll,sex/act
sex_doll_holes,sex/act
sex_doll_transformation,sex/act
sex_dungeon,sex/act
sex_during_birth,sex/act
sex_during_oviposition,sex/act
sex_ed,sex/act
sex_education,sex/act
sex_from_behind,camera/angle
sex_gesture,sex/act
sex_hair,sex/act
sex_in_car,sex/act
sex_in_water,sex/act
sex_inside_body,sex/act
sex_inside_stomach,sex/act
sex_machine,sex/act
sex_magic,sex/act
sex_on_bed,sex/act
sex_on_car,sex/act
sex_on_floor,sex/act
sex_on_table,sex/act
sex_on_the_beach,sex/act
sex_or_die,sex/act
sex_pillow,sex/act
sex_request,sex/act
sex_shop,sex/act
sex_shot,camera/shot
sex_show,sex/act
sex_slave,sex/act
sex_swing,sex/act
sex_talk,sex/act
sex_through_bodysuit,clothing/whole
sex_through_clothing,clothing/other
sex_through_torn_clothes,clothing/other
sex_toy,sex/act
sex_toy_background,sex/act
sex_toy_fellatio,sex/act
sex_toy_in_ass,sex/act
sex_toy_in_cloaca,sex/act
sex_toy_in_mouth,sex/act
sex_toy_in_nipple,sex/act
sex_toy_in_penis,sex/act
sex_toy_in_pussy,sex/act
sex_toy_in_slit,sex/act
sex_toy_in_urethra,sex/act
sex_toy_in_vagina,sex/act
sex_toy_insertion,sex/act
sex_toy_penetration,sex/act
sex_toy_pull,sex/act
sex_toy_titfuck,sex/act
sex_toy_transformation,sex/act
sex_toy_under_clothing,clothing/other
sex_under_clothing,clothing/other
sex_while_driving,sex/act
sex_while_gaming,sex/act
sex_with_insects,sex/act
sex_with_pred,sex/act
sex_with_prey,sex/act
sextuple_penetration,sex/act
sexual_demon_tattoo,person/body
sexualized_chibi,style/medium
sexy_eyes,person/eyes
shackled_ankles,person/body
shackled_neck,person/body
shackled_wrists,person/body
shadaloo_dolls,object/toy
shaded_background,scene/background
shaded_face,person/body
shaded_sketch,style/medium
shading,style/color
shading_eyes,style/color
shading_face,style/color
shading_mismatch,style/color
shadow_ball,object/toy
shadow_ball_(pokemon),object/toy
shadow_face,person/body
shadow_hands,person/body
shadow_penis,sex/body
shadow_puppet,object/toy
shadow_sex,sex/act
shadow_tentacles,sex/gear
shadow_the_hedgehog_(cosplay),style/medium
shadowbolts_uniform,clothing/whole
shadowed_eyes,person/eyes
shadowed_face,person/body
shadowy_figure,person/count
shaggy_hair,person/hair
shaka_sign,object/tool
shaking_balls,object/toy
shaking_breasts,person/body
shaking_butt,person/body
shaking_head,person/body
shaking_hips,person/body
shaking_legs,person/body
shaking_orgasm,sex/act
shaking_penis,sex/body
shako_cap,clothing/head
shaky_legs,person/body
shallow_penetration,sex/act
shallow_water,scene/nature
shameimaru_aya_(cosplay),style/medium
shampoo_bottle,object/food
shampoo_hat,clothing/head
shana_(cosplay),style/medium
shanghai_doll_(cosplay),style/medium
shantae_(cosplay),style/medium
shanzha_(fruit),object/food
shaped_balloon,object/toy
shaped_pubic_hair,sex/body
shapes_background,scene/background
shared_artificial_vagina,sex/body
shared_bed,object/other
shared_blanket,object/other
shared_cape,clothing/top
shared_chair,object/other
shared_clothes,clothing/other
shared_coat,clothing/top
shared_condom,sex/gear
shared_drink,object/food
shared_female_with_animal,person/count
shared_food,object/food
shared_handcuffs,sex/gear
shared_hat,clothing/head
shared_headphones,object/tool
shared_improvised_umbrella,object/tool
shared_jacket,clothing/top
shared_object_insertion,sex/act
shared_scarf,clothing/accessory
shared_shirt,clothing/top
shared_speech_bubble,style/quality
shared_sweater,clothing/top
shared_thought_bubble,style/quality
shared_umbrella,object/tool
shared_veil,clothing/head
shared_weapon,object/weapon
sharing_clothing,clothing/other
sharing_dildo,sex/gear
sharing_double_dildo,sex/gear
sharing_food,object/food
sharing_penetrable_sex_toy,sex/act
sharing_scarf,clothing/accessory
sharing_sex_toy,sex/act
shark_bag,clothing/accessory
shark_boy,person/count
shark_costume,clothing/whole
shark_girl,person/count
shark_hair_ornament,clothing/head
shark_hat,clothing/head
shark_head,person/body
shark_hood,clothing/head
shark_hoodie,clothing/top
shark_nose_art,person/body
shark_sleeping_bag,clothing/accessory
shark_teeth,person/body
shark_tooth_necklace,clothing/accessory
sharp_fingernails,person/body
sharp_fingers,person/body
sharp_sign,object/tool
sharp_teeth,person/body
sharp_tongue,person/body
shattered_glass,object/food
shaved_armpit,person/body
shaved_armpits,person/body
shaved_balls,object/toy
shaved_breasts,person/body
shaved_head,person/body
shaved_pussy,sex/body
shaved_vulva,sex/body
shaving_armpit,person/body
shaving_crotch,sex/body
sheath,object/weapon
sheath_bulge,object/weapon
sheath_cage,object/weapon
sheath_fingering,object/weapon
sheath_frottage,object/weapon
sheath_grab,object/weapon
sheath_lick,object/weapon
sheath_mouth,person/body
sheath_outline,object/weapon
sheath_penetration,sex/act
sheath_piercing,object/weapon
sheath_play,object/weapon
sheath_poking_out,object/weapon
sheath_pressing,object/weapon
sheath_pull,object/weapon
sheath_ring,clothing/accessory
sheath_sex,sex/act
sheath_slit,object/weapon
sheath_sniffing,object/weapon
sheath_through_fly,object/weapon
sheath_tuft,object/weapon
sheath_vore,object/weapon
sheathed_humanoid_penis,sex/body
sheathed_knife,object/weapon
sheathed_sword,object/weapon
sheathed_tapering_penis,sex/body
sheathed_weapon,object/weapon
shedding_skin,person/body
sheep_boy,person/count
sheep_costume,clothing/whole
sheep_ears,person/body
sheep_girl,person/count
sheep_hair_ornament,clothing/head
sheep_hat,clothing/head
sheep_head,person/body
sheep_hood,clothing/head
sheepish_grin,expression/face
sheer_gloves,clothing/accessory
sheer_pantyhose,clothing/legwear
shelf,object/other
shelf_bra,clothing/top
shell_bikini,clothing/whole
shell_brooch,clothing/accessory
shell_bullet,object/weapon
shell_earrings,clothing/accessory
shell_hair_ornament,clothing/head
shell_hat_ornament,clothing/head
shell_jacket,clothing/top
shell_necklace,clothing/accessory
shell_to_ear,person/body
shelving_book,object/tool
shemale,sex/body
shenhe_(genshin_impact)_(cosplay),style/medium
sherlock_holmes_(cosplay),style/medium
sherpa_hat,clothing/head
sheryl_nome_(cosplay),style/medium
shi_association_(identity)_(project_moon),scene/sky
shi_association_south_(identity)_(project_moon),scene/sky
shi_association_south_uniform,clothing/whole
shiba_koen_middle_school_uniform,clothing/whole
shibafu_(glock23)_(style),style/medium
shibahama_high_school_uniform,clothing/whole
shibari_over_clothes,clothing/other
shibari_under_clothes,clothing/other
shibuya_rin_(cosplay),style/medium
shibuya_station,scene/outdoor
shidare_hotaru_(cosplay),style/medium
shide_hair_ornament,clothing/head
shield,object/weapon
shield_hair_ornament,clothing/head
shield_module,object/weapon
shield_on_back,person/body
shield_potion,object/weapon
shield_print,object/weapon
shield_wall,scene/outdoor
shielder_(fate/grand_order)_(cosplay),style/medium
shielding_another_from_rain,scene/sky
shielding_eyes,person/eyes
shift_dress,clothing/whole
shigure_(kancolle)_(cosplay),style/medium
shigure_kai_ni_(kancolle)_(cosplay),style/medium
shigure_kai_san_(kancolle)_(cosplay),style/medium
shigure_ui_(vtuber)_(cosplay),style/medium
shihou_(g_o_s)_(style),style/medium
shiiton_gakuen_school_uniform,clothing/whole
shikairo_days,scene/sky
shikairo_days_dance_(meme),scene/sky
shiki_eiki_(cosplay),style/medium
shima_(pattern),scene/background
shima_rin_(cosplay),style/medium
shimada_arisu_(cosplay),style/medium
shimaidon_(sex),sex/act
shimakaze_(kancolle)_(cosplay),style/medium
shimamura_uzuki_(cosplay),style/medium
shimiko_(blue_archive)_(cosplay),style/medium
shimokitazawa_high_school_uniform,clothing/whole
shimura_shinpachi_(cosplay),style/medium
shimushu_pose,expression/pose
shinda_sekai_sensen_uniform,clothing/whole
shindouji_school_uniform,clothing/whole
shinguuji_sakura_(cosplay),style/medium
shinigami_uniform,clothing/whole
shining_finger,person/body
shining_needle_castle,scene/indoor
shining_shoot_(pose),expression/pose
shinji's_fapping_hand_(meme),person/body
shinji_in_a_chair_(meme),object/other
shinjou_akane_(cosplay),style/medium
shinju_kan_school_uniform,clothing/whole
shinkawa_youji_(style),style/medium
shinku_(cosplay),style/medium
shinra_infantry_uniform,clothing/whole
shinsen_middle_school_uniform,clothing/whole
shinsengumi_swords_(touken_ranbu),object/weapon
shiny_anus,sex/body
shiny_chariot_(cosplay),style/medium
shiny_clothes,clothing/other
shiny_footwear,clothing/footwear
shiny_forehead,person/body
shiny_gloves,clothing/accessory
shiny_legwear,clothing/legwear
shiny_leotard,clothing/whole
shiny_penis,sex/body
shiny_skin,person/body
shiny_skirt,clothing/bottom
shiny_swimsuit,clothing/whole
ship_in_a_bottle,object/food
shippou_(pattern),scene/background
shirai_kuroko_(cosplay),style/medium
shiraitodai_school_uniform,clothing/whole
shirakami_fubuki_(cosplay),style/medium
shiranui_(kancolle)_(cosplay),style/medium
shiranui_flare_(cosplay),style/medium
shiranui_mai_(cosplay),style/medium
shiratsuyu_(kancolle)_(cosplay),style/medium
shiratsuyu_class_swimsuit,clothing/whole
shirogane_noel_(cosplay),style/medium
shiroko_(blue_archive)_(cosplay),style/medium
shirow_masamune_(style),style/medium
shirt,clothing/top
shirt_around_waist,clothing/top
shirt_aside,clothing/top
shirt_basket,clothing/top
shirt_behind_head,clothing/top
shirt_behind_neck,clothing/top
shirt_bite,clothing/top
shirt_bow,clothing/top
shirt_collar,clothing/top
shirt_cuffs,clothing/top
shirt_down,clothing/top
shirt_grab,clothing/top
shirt_hold,clothing/top
shirt_in_mouth,clothing/top
shirt_lift,clothing/top
shirt_logo,style/quality
shirt_on_shoulders,clothing/top
shirt_only,clothing/top
shirt_over_head,clothing/top
shirt_overhang,clothing/top
shirt_partially_removed,clothing/top
shirt_partially_tucked_in,clothing/top
shirt_pocket,clothing/top
shirt_pull,clothing/top
shirt_pulled_down,clothing/top
shirt_pulled_up,clothing/top
shirt_ribbon,clothing/top
shirt_rolled_up,clothing/top
shirt_slip,clothing/top
shirt_straps,clothing/top
shirt_tan,clothing/top
shirt_tucked_in,clothing/top
shirt_tug,clothing/top
shirt_under_dress,clothing/whole
shirt_under_jacket,clothing/top
shirt_under_kimono,clothing/whole
shirt_under_shirt,clothing/top
shirt_under_sweater,clothing/top
shirt_up,clothing/top
shirt_writing,clothing/top
shirtless_female,person/count
shirtless_humanoid,person/count
shirtless_male,person/count
shiruko_(food),object/food
shishio_makoto_(cosplay),style/medium
shishiro_botan_(cosplay),style/medium
shiso_(plant),scene/nature
shitty_t_shirt_naval_base,clothing/top
shock_collar,clothing/accessory
shocked,expression/face
shocked_black_guy_(meme),expression/face
shocked_pupils,expression/face
shoe_belt,clothing/accessory
shoe_blade,object/weapon
shoe_box,object/tool
shoe_flower,scene/nature
shoe_on_penis,sex/body
shoes,clothing/footwear
shoes_on,clothing/footwear
shoes_only,clothing/footwear
shoes_removed,clothing/footwear
shoes_without_bottomwear,clothing/footwear
shokuhou_misaki_(cosplay),style/medium
shooting_gun,object/weapon
shooting_star_hair_ornament,clothing/head
shop,scene/indoor
shopping_bag,clothing/accessory
short_apron,clothing/whole
short_arms,person/body
short_bangs,person/hair
short_barreled_rifle,object/weapon
short_braid,person/hair
short_braided_ponytail,person/hair
short_cape,clothing/top
short_dress,clothing/whole
short_ears,person/body
short_eyebrows,person/eyes
short_female,person/count
short_fingers,person/body
short_hair,person/hair
short_hair_with_long_locks,person/hair
short_jumpsuit,clothing/whole
short_kimono,clothing/whole
short_legs,person/body
short_male,person/count
short_messy_bangs,person/hair
short_necktie,clothing/accessory
short_pants,clothing/bottom
short_penis,sex/body
short_ponytail,person/hair
short_shirt,clothing/top
short_shorts,clothing/bottom
short_side_ponytail,person/hair
short_sidelocks,person/hair
short_sleeve_hoodie,clothing/top
short_sleeved_shirt,clothing/top
short_sleeved_sweater,clothing/top
short_socks,clothing/legwear
short_sword,object/weapon
short_twintails,person/hair
short_yukata,clothing/whole
shorter_male,person/count
shorts,clothing/bottom
shorts_around_ankles,clothing/bottom
shorts_around_legs,clothing/bottom
shorts_around_one_leg,clothing/bottom
shorts_aside,clothing/bottom
shorts_down,clothing/bottom
shorts_lift,clothing/bottom
shorts_only,clothing/bottom
shorts_pull,clothing/bottom
shorts_rolled_up,clothing/bottom
shorts_tan,clothing/bottom
shorts_tug,clothing/bottom
shorts_under_dress,clothing/whole
shorts_under_shorts,clothing/bottom
shorts_under_skirt,clothing/bottom
shortstack_female,person/count
shortstack_male,person/count
shot,camera/shot
shot_down,camera/shot
shot_glass,camera/shot
shot_in_head,camera/shot
shot_lancer,camera/shot
shot_riser,camera/shot
shota,person/count
shota_on_shota,person/count
shouhou_(kancolle)_(cosplay),style/medium
shoukaku_(kancolle)_(cosplay),style/medium
shoulder,person/body
shoulder_angel,person/body
shoulder_armor,clothing/accessory
shoulder_bag,clothing/accessory
shoulder_belt,clothing/accessory
shoulder_bite,person/body
shoulder_blades,person/body
shoulder_blush,expression/face
shoulder_boards,person/body
shoulder_cannon,person/body
shoulder_cape,clothing/top
shoulder_carry,person/body
shoulder_cutout,person/body
shoulder_devil,person/body
shoulder_fluff,person/body
shoulder_freckles,person/body
shoulder_gloves,clothing/accessory
shoulder_grab,person/body
shoulder_guard,person/body
shoulder_guards,person/body
shoulder_hair,person/hair
shoulder_holster,person/body
shoulder_length_hair,person/hair
shoulder_lick,person/body
shoulder_markings,person/body
shoulder_massage,person/body
shoulder_necklace,clothing/accessory
shoulder_pads,clothing/accessory
shoulder_patch,person/body
shoulder_peek,person/body
shoulder_perch,person/body
shoulder_plates,person/body
shoulder_pouch,clothing/accessory
shoulder_rest,person/body
shoulder_ribbon,clothing/head
shoulder_sash,clothing/accessory
shoulder_scar,person/body
shoulder_spikes,person/body
shoulder_stand,person/body
shoulder_stock,person/body
shoulder_stocked_handgun,person/body
shoulder_strap,person/body
shoulder_support,person/body
shoulder_tattoo,person/body
shoulder_to_shoulder,person/body
shoulder_tuft,person/body
shoulderless_clothing,clothing/other
shoulderless_dress,clothing/whole
shoulderless_shirt,clothing/top
shoulderless_sweater,clothing/top
shouting,expression/face
shouting_with_hands,expression/face
shoving_face_in_butt,person/body
shower_cap,clothing/head
shower_curtain,object/other
shower_head,person/body
shower_masturbation,sex/act
shower_room,scene/indoor
shower_sex,sex/act
showgirl_skirt,clothing/bottom
showing_armpit,person/body
showing_armpits,person/body
showing_baby_to_a_supermarket_camera_(meme),person/count
showing_butt,person/body
showing_chest,person/body
showing_feet,person/body
showing_leg,person/body
showing_off_breasts,person/body
showing_off_butt,person/body
showing_off_muscles,person/body
showing_phone,object/tool
showing_teeth,person/body
shredded_muscles,person/body
shrimp_(food),object/food
shrimp_costume,clothing/whole
shrimp_girl,person/count
shrimp_hair_ornament,clothing/head
shrine,scene/indoor
shrine_bell,scene/indoor
shrine_maiden,scene/indoor
shrinking_breast,person/body
shrinking_out_of_clothes,clothing/other
shrug_(clothing),clothing/other
shrunken_city,scene/outdoor
shrunken_planet,scene/sky
shuetsu_school_uniform,clothing/whole
shuffling_cards,object/tool
shuka_high_school_uniform,clothing/whole
shumai_(food),object/food
shuriken_hair_ornament,clothing/head
shuten_douji_(fate)_(cosplay),style/medium
shuuchiin_academy_school_uniform,clothing/whole
shuuchikan_academy_school_uniform,clothing/whole
shuujin_academy_school_uniform,clothing/whole
shy_expression,expression/face
shy_smile,expression/face
sibling_incest,sex/act
siblings,person/count
sickle_sword,object/weapon
side_ahoge,person/hair
side_balls,object/toy
side_bangs,person/hair
side_belly,person/body
side_braid,person/hair
side_braids,person/hair
side_bun,person/hair
side_butt,person/body
side_cape,clothing/top
side_chest_pose,expression/pose
side_eye,person/eyes
side_hair_bun,person/hair
side_handle_teapot,object/food
side_hug,expression/action
side_mouth,person/body
side_ponytail,person/hair
side_ponytail_with_braided_base,person/hair
side_ponytail_with_hair_base,person/hair
side_seamed_gloves,clothing/accessory
side_seamed_legwear,clothing/legwear
side_sitting_split,expression/pose
side_slit_clothing,clothing/other
side_slit_dress,clothing/whole
side_slit_shorts,clothing/bottom
side_slit_skirt,clothing/bottom
side_table,object/other
side_tie_bikini,clothing/whole
side_tie_bikini_bottom,clothing/whole
side_tie_clothing,clothing/other
side_tie_costume,clothing/whole
side_tie_dress,clothing/whole
side_tie_legwear,clothing/legwear
side_tie_leotard,clothing/whole
side_tie_one_piece_swimsuit,clothing/whole
side_tie_shirt,clothing/top
side_tie_shorts,clothing/bottom
side_tie_skirt,clothing/bottom
side_tie_swimsuit,clothing/whole
side_up_bun,person/hair
side_up_ring,clothing/accessory
side_view,camera/angle
side_view_mirror,camera/angle
sideboob,person/body
sideboob_cutout,person/body
sideboob_paizuri,person/body
sideless_bangs,person/hair
sideless_clothing,clothing/other
sideless_dress,clothing/whole
sideless_kimono,clothing/whole
sideless_leotard,clothing/whole
sideless_outfit,clothing/whole
sideless_shirt,clothing/top
sideless_shorts,clothing/bottom
sideless_sweater,clothing/top
sideless_swimsuit,clothing/whole
sidelocks,person/hair
sidelocks_tied_back,person/hair
sidewalk,scene/outdoor
sideway_missionary_position,sex/act
sideways_baseball_cap,clothing/head
sideways_hat,clothing/head
sideways_missionary,sex/act
sideways_mouth,person/body
sideways_oral,sex/act
sideways_pointing_bulge,expression/action
siegfried_(sword),object/weapon
sieglinde_(sword),object/weapon
sighing,expression/face
sight_(weapon),object/weapon
sign,object/tool
sign_around_neck,person/body
sign_graphic,object/tool
sign_holding,expression/action
sign_of_khorne,object/tool
signal_bar,scene/indoor
signal_flag,object/tool
silence_(weapon),object/weapon
silence_suzuka_(umamusume)_(cosplay),style/medium
silhouette_background,scene/background
silhouetted_penis,sex/body
silhouetted_sex,sex/act
silk_dancing,expression/action
silk_flower_(genshin_impact),scene/nature
silly_face,person/body
silver_(pokemon)_(cosplay),style/medium
silver_armlet,clothing/accessory
silver_armor,clothing/accessory
silver_background,scene/background
silver_belt,clothing/accessory
silver_bikini,clothing/whole
silver_bodysuit,clothing/whole
silver_boots,clothing/footwear
silver_bow_(kid_icarus),clothing/head
silver_bracelet,clothing/accessory
silver_chain,object/tool
silver_choker,clothing/accessory
silver_collar,clothing/accessory
silver_crown,clothing/head
silver_dress,clothing/whole
silver_ear_ring,clothing/accessory
silver_earrings,clothing/accessory
silver_gloves,clothing/accessory
silver_hair_female,person/hair
silver_hairband,clothing/head
silver_jewelry,clothing/accessory
silver_legwear,clothing/legwear
silver_leotard,clothing/whole
silver_one_piece_swimsuit,clothing/whole
silver_pubic_hair,sex/body
silver_sandals,clothing/footwear
silver_shoes,clothing/footwear
silver_skin,person/body
silver_skirt,clothing/bottom
silver_sword_(genshin_impact),object/weapon
silver_tiara,clothing/head
silver_wolf_(honkai:_star_rail)_(cosplay),style/medium
simon_(cosplay),style/medium
simon_(ttgl)_(cosplay),style/medium
simple_background,scene/background
simple_eyebrows,person/eyes
simple_eyes,person/eyes
simple_face,person/body
simple_fish,object/food
simple_flower,scene/nature
simple_nose,person/body
simplified_chinese_text,style/quality
simulated_cunnilingus,sex/act
simulated_fellatio,sex/act
simulated_handjob,sex/act
simulated_traditional_(artwork),style/medium
simultaneous_orgasms,sex/act
singing,expression/action
singing!_(k_on!),expression/action
single_animal_ear,person/body
single_ankle_cuff,person/body
single_arm_guard,person/body
single_arm_hug,expression/action
single_arm_warmer,person/body
single_bare_arm,person/body
single_bare_foot,person/body
single_bare_leg,person/body
single_bare_shoulder,person/body
single_barefoot,clothing/footwear
single_blank_eye,person/eyes
single_blush_sticker,expression/face
single_bracelet,clothing/accessory
single_braid,person/hair
single_breast,person/body
single_bridal_gauntlet,clothing/accessory
single_claw_pose,expression/pose
single_ear_cover,person/body
single_ear_down,person/body
single_elbow_glove,person/body
single_elbow_pad,person/body
single_empty_eye,person/eyes
single_eye,person/eyes
single_fishnet_legwear,clothing/legwear
single_floppy_ear,person/body
single_garter_strap,clothing/legwear
single_gauntlet,clothing/accessory
single_gloves,clothing/accessory
single_hair_bun,person/hair
single_hair_intake,person/hair
single_hair_ring,clothing/accessory
single_hair_streak,person/hair
single_hair_tube,person/hair
single_hand,person/body
single_head_wing,person/body
single_knee_boot,person/body
single_knee_pad,person/body
single_leg_bodysuit,clothing/whole
single_leg_pantyhose,clothing/legwear
single_leg_warmer,person/body
single_legwear,clothing/legwear
single_legwear_garter,clothing/legwear
single_letter,object/tool
single_mechanical_arm,person/body
single_mechanical_eye,person/eyes
single_mechanical_hand,person/body
single_mechanical_leg,person/body
single_off_shoulder,person/body
single_pauldron,clothing/accessory
single_paw_pose,expression/pose
single_shoulder_bikini,clothing/whole
single_shoulder_dress,clothing/whole
single_shoulder_one_piece_swimsuit,clothing/whole
single_shoulder_pad,person/body
single_shoulder_shirt,clothing/top
single_side_bun,person/hair
single_sleeve_past_fingers,person/body
single_sleeve_past_wrist,person/body
single_strap_clothing,clothing/other
single_thigh_boot,person/body
single_wrist_cuff,person/body
sinister_smile,expression/face
sippy_cup,object/food
sirius_(azur_lane)_(cosplay),style/medium
sitting,expression/pose
sitting_69_position,expression/pose
sitting_against_vehicle,expression/pose
sitting_at_desk,expression/pose
sitting_at_table,expression/pose
sitting_back,expression/pose
sitting_backwards,expression/pose
sitting_between_lap,expression/pose
sitting_between_legs,expression/pose
sitting_in_car,expression/pose
sitting_in_corner,expression/pose
sitting_in_lap,expression/pose
sitting_in_tree,expression/pose
sitting_in_water,expression/pose
sitting_in_window,expression/pose
sitting_on,expression/pose
sitting_on_animal,expression/pose
sitting_on_another,expression/pose
sitting_on_another's_back,expression/pose
sitting_on_arm,expression/pose
sitting_on_armchair,expression/pose
sitting_on_back,expression/pose
sitting_on_ball,expression/pose
sitting_on_balloon,expression/pose
sitting_on_balls,expression/pose
sitting_on_bar,expression/pose
sitting_on_bean_bag,clothing/accessory
sitting_on_bed,expression/pose
sitting_on_belly,expression/pose
sitting_on_book,expression/pose
sitting_on_books,expression/pose
sitting_on_box,expression/pose
sitting_on_branch,expression/pose
sitting_on_breasts,expression/pose
sitting_on_building,expression/pose
sitting_on_bulge,expression/pose
sitting_on_butt,expression/pose
sitting_on_car,expression/pose
sitting_on_chair,expression/pose
sitting_on_chest,expression/pose
sitting_on_cloud,expression/pose
sitting_on_counter,expression/pose
sitting_on_crate,expression/pose
sitting_on_diaper,expression/pose
sitting_on_drum,expression/pose
sitting_on_face,expression/pose
sitting_on_fence,expression/pose
sitting_on_food,expression/pose
sitting_on_furniture,expression/pose
sitting_on_glass,expression/pose
sitting_on_grass,expression/pose
sitting_on_ground,expression/pose
sitting_on_hair,expression/pose
sitting_on_hand,expression/pose
sitting_on_head,expression/pose
sitting_on_knees,expression/pose
sitting_on_lap,expression/pose
sitting_on_ledge,expression/pose
sitting_on_leg,expression/pose
sitting_on_liquid,expression/pose
sitting_on_log,expression/pose
sitting_on_mecha,expression/pose
sitting_on_moon,expression/pose
sitting_on_mushroom,expression/pose
sitting_on_object,expression/pose
sitting_on_own_balls,expression/pose
sitting_on_own_tail,expression/pose
sitting_on_partner,expression/pose
sitting_on_penis,sex/body
sitting_on_person,expression/pose
sitting_on_piano,expression/pose
sitting_on_pillow,expression/pose
sitting_on_planet,expression/pose
sitting_on_pokemon,expression/pose
sitting_on_pumpkin,expression/pose
sitting_on_railing,expression/pose
sitting_on_robot,expression/pose
sitting_on_rock,expression/pose
sitting_on_roof,expression/pose
sitting_on_seat,expression/pose
sitting_on_shoulder,expression/pose
sitting_on_shoulders,expression/pose
sitting_on_skateboard,expression/pose
sitting_on_sofa,expression/pose
sitting_on_stairs,expression/pose
sitting_on_stool,expression/pose
sitting_on_stump,expression/pose
sitting_on_swing,expression/pose
sitting_on_table,expression/pose
sitting_on_tail,expression/pose
sitting_on_tentacle,sex/gear
sitting_on_throne,expression/pose
sitting_on_toilet,expression/pose
sitting_on_tongue,expression/pose
sitting_on_torii,expression/pose
sitting_on_tree_stump,expression/pose
sitting_on_vehicle,expression/pose
sitting_on_viewer,expression/pose
sitting_on_wall,expression/pose
sitting_on_water,expression/pose
sitting_on_weapon,expression/pose
sitting_position,expression/pose
sitting_sex,sex/act
sitting_sideways,expression/pose
sitting_split,expression/pose
sitting_table_lotus,expression/pose
sitting_together,expression/pose
situational_sex,sex/act
six_frame_grid,object/other
six_frame_image,object/other
six_frame_sequence,object/other
six_frame_staggered_grid,object/other
six_shame_faces,person/body
six_stripe_rainbow_pride_colors,scene/sky
sizzler_plate,object/food
sjms_school_uniform,clothing/whole
skadi_(arknights)_(cosplay),style/medium
skate_park,scene/outdoor
skeletal_arm,person/body
skeletal_clothes,clothing/other
skeletal_hand,person/body
skeletal_leg,person/body
skeleton_costume,clothing/whole
sketch_background,style/medium
sketch_inset,style/medium
sketchbook_full_colors's_school_uniform,clothing/whole
ski_boots,clothing/footwear
ski_goggles,clothing/accessory
skimpy_bikini,clothing/whole
skimpy_dress,clothing/whole
skin_colored_pantyhose,clothing/legwear
skin_contrast,person/body
skin_covered_horns,person/body
skin_covered_tail,person/body
skin_fang,person/body
skin_fangs,person/body
skin_folds,person/body
skin_pattern,person/body
skin_ripping,person/body
skin_seams,person/body
skin_sheath,person/body
skin_suit_(stellar_blade),clothing/whole
skin_tight,person/body
skin_tight_clothing,clothing/other
skin_tight_suit,clothing/whole
skinny_female,person/count
skinny_human,person/count
skinny_humanoid,person/count
skinny_legs,person/body
skinny_male,person/count
skintight_bodysuit,clothing/whole
skintight_suit,clothing/whole
skirt,clothing/bottom
skirt_around_ankles,clothing/bottom
skirt_around_belly,clothing/bottom
skirt_around_one_ankle,clothing/bottom
skirt_around_one_leg,clothing/bottom
skirt_aside,clothing/bottom
skirt_basket,clothing/bottom
skirt_bow,clothing/bottom
skirt_caught_on_object,clothing/bottom
skirt_cutout,clothing/bottom
skirt_down,clothing/bottom
skirt_drape,clothing/bottom
skirt_flip,clothing/bottom
skirt_grab,clothing/bottom
skirt_hold,clothing/bottom
skirt_in_mouth,clothing/bottom
skirt_lift,clothing/bottom
skirt_only,clothing/bottom
skirt_over_leggings,clothing/bottom
skirt_pocket,clothing/bottom
skirt_pull,clothing/bottom
skirt_removed,clothing/bottom
skirt_rolled_up,clothing/bottom
skirt_set,clothing/bottom
skirt_suit,clothing/whole
skirt_tied_over_head,clothing/bottom
skirt_tug,clothing/bottom
skirt_under_dress,clothing/whole
skirt_under_kimono,clothing/whole
skull_and_crossbones_tattoo,person/body
skull_and_crossed_swords,object/weapon
skull_background,scene/background
skull_belt,clothing/accessory
skull_bow,clothing/head
skull_brooch,clothing/accessory
skull_cap,clothing/head
skull_choker,clothing/accessory
skull_collar,clothing/accessory
skull_cup,object/food
skull_ear_ring,clothing/accessory
skull_earrings,clothing/accessory
skull_face_paint,person/body
skull_hair_accessory,person/hair
skull_hair_ornament,clothing/head
skull_hat,clothing/head
skull_hat_ornament,clothing/head
skull_head,person/body
skull_helmet,clothing/head
skull_in_anus,sex/body
skull_in_condom,sex/gear
skull_mask,clothing/head
skull_necklace,clothing/accessory
skull_on_head,person/body
skull_pattern,scene/background
skull_pauldron,clothing/accessory
skull_ring,clothing/accessory
skull_shaped_hat,clothing/head
skull_shaped_pupils,person/eyes
skull_tattoo,person/body
skullgirls_1st_dlc_character_poll,person/count
skunk_boy,person/count
skunk_ears,person/body
skunk_girl,person/count
sky,scene/sky
sky_background,scene/sky
sky_face,person/body
sky_focus,camera/framing
sky_lantern,scene/sky
sky_mirage,scene/sky
sky_print,scene/sky
sky_surfing,scene/sky
skyla_(pokemon)_(cosplay),style/medium
slamming_door,scene/outdoor
slanted_eyebrows,person/eyes
slap_mark_on_face,person/body
slapping_ass,person/body
slapping_breasts,person/body
slapping_own_belly,person/body
slapping_own_butt,person/body
slapping_penis,sex/body
slapping_with_breasts,person/body
slapping_with_penis,sex/body
slav_squatting,expression/pose
slave_clothes,clothing/other
slave_leia_costume,clothing/whole
slave_market,scene/indoor
slavic_clothes,clothing/other
sleep_mask,clothing/head
sleep_sex,sex/act
sleep_walking,expression/action
sleeping,expression/action
sleeping_animal,expression/action
sleeping_bag,clothing/accessory
sleeping_cap,clothing/head
sleeping_in_underwear,expression/action
sleeping_nude,sex/act
sleeping_on_another,expression/action
sleeping_on_awake,expression/action
sleeping_on_desk,expression/action
sleeping_on_partner,expression/action
sleeping_on_person,expression/action
sleeping_on_sofa,expression/action
sleeping_pred,expression/action
sleeping_together,expression/action
sleeping_upright,expression/action
sleeping_with_eyes_open,expression/action
sleeve_belt,clothing/accessory
sleeve_bow,clothing/head
sleeve_garter,clothing/legwear
sleeve_pouch,clothing/accessory
sleeve_ribbon,clothing/head
sleeve_tattoo,person/body
sleeve_zipper,clothing/other
sleeved_leotard,clothing/whole
sleeveless_bodysuit,clothing/whole
sleeveless_clothing,clothing/other
sleeveless_coat,clothing/top
sleeveless_dress,clothing/whole
sleeveless_hoodie,clothing/top
sleeveless_jacket,clothing/top
sleeveless_jumpsuit,clothing/whole
sleeveless_kimono,clothing/whole
sleeveless_leotard,clothing/whole
sleeveless_robe,clothing/whole
sleeveless_shirt,clothing/top
sleeveless_sweater,clothing/top
sleeveless_tunic,clothing/top
sleeveless_turtleneck_bodysuit,clothing/whole
sleeveless_turtleneck_crop_top,clothing/top
sleeveless_turtleneck_dress,clothing/whole
sleeveless_turtleneck_leotard,clothing/whole
sleeveless_turtleneck_shirt,clothing/top
sleeveless_turtleneck_sweater,clothing/top
sleeveless_vest,clothing/top
sleeves_past_elbows,person/body
sleeves_past_fingers,person/body
sleeves_past_wrists,person/body
sleveless_shirt,clothing/top
sliced_meat,object/food
slicked_back_hair,person/hair
slide_phone,object/tool
sliding_door,scene/outdoor
sliding_doors,scene/outdoor
slight_blush,expression/face
slight_smile,expression/face
slightly_chubby_female,person/count
slightly_chubby_human,person/count
slightly_chubby_humanoid,person/count
slightly_chubby_male,person/count
slightly_muscular,person/body
slightly_muscular_male,person/body
slightly_naughty_expressions_practice,expression/face
slightly_open_mouth,expression/face
slim,person/body
slim_ambiguous,person/body
slim_andromorph,person/body
slim_anthro,person/body
slim_dom,person/body
slim_female,person/body
slim_feral,person/body
slim_gynomorph,person/body
slim_human,person/body
slim_humanoid,person/body
slim_intersex,person/body
slim_male,person/body
slim_sub,person/body
slim_tail,person/body
slim_young,person/body
slime_boy,person/count
slime_girl,person/count
slime_girls_(omori),person/count
slime_hair,person/hair
slime_in_ass,person/body
slime_in_mouth,person/body
slime_on_head,person/body
slime_on_leg,person/body
slime_on_penis,sex/body
slime_penis,sex/body
slime_sex,sex/act
sling_(weapon),object/weapon
sling_bag,clothing/accessory
sling_bikini,clothing/whole
sling_bikini_pull,clothing/whole
sling_bikini_top,clothing/whole
sling_bra,clothing/top
slingshot_(weapon),object/weapon
slingshot_dress,clothing/whole
slingshot_swimsuit,clothing/whole
slip_on_shoes,clothing/footwear
slippers,clothing/footwear
slipping_on_banana_peel,object/food
slit_dress,clothing/whole
slit_masturbation,sex/act
slit_penetration,sex/act
slit_penis,sex/body
slit_pupils,person/eyes
slit_skirt,clothing/bottom
sloppy_blowjob,sex/act
sloppy_blowjob_devil_(meme),sex/act
sloshing_balls,object/toy
sloshing_belly,person/body
sloshing_breasts,person/body
sloshing_butt,person/body
sloth_girl,person/count
slouch_hat,clothing/head
slow_sex,sex/act
slug_girl,person/count
slurp_juice,object/food
slut_collar,clothing/accessory
slut_shirt,clothing/top
slutty_face,person/body
slutty_outfit,clothing/whole
smacking_ass,person/body
small_anus,sex/body
small_areola,sex/body
small_arms,person/body
small_balls,object/toy
small_bikini,clothing/whole
small_breasts,person/body
small_butt,person/body
small_chastity_cage,object/tool
small_chest,person/body
small_clothing,clothing/other
small_ears,person/body
small_eyebrows,person/eyes
small_eyes,person/eyes
small_feet,person/body
small_glasses,clothing/accessory
small_hands,person/body
small_hat,clothing/head
small_head,person/body
small_iris,person/eyes
small_lamp_grass,scene/nature
small_mouth,person/body
small_nose,person/body
small_penis,sex/body
small_penis_appreciation,sex/body
small_penis_humiliation,sex/body
small_pussy,sex/body
small_sheath,object/weapon
small_shirt,clothing/top
small_space_filling,scene/sky
small_sweatdrop,expression/face
small_teeth,person/body
small_upper_body,camera/shot
small_waist,person/body
smaller_boy,person/count
smaller_female,person/count
smaller_human,person/count
smaller_humanoid,person/count
smaller_male,person/count
smaller_non_humanoid_machine,person/count
smaller_nude,sex/act
smartphone,object/tool
smartphone_case,object/tool
smartphone_pouch,clothing/accessory
smash_ball,object/toy
smash_is_for_good_boys_and_girls,person/count
smear_frame,object/other
smeared_makeup,person/eyes
smegma_in_mouth,person/body
smegma_in_pussy,sex/body
smegma_on_face,person/body
smegma_on_penis,sex/body
smelling_armpit,person/body
smelling_ass,person/body
smelling_balls,object/toy
smelling_clothes,clothing/other
smelling_feet,person/body
smelling_flower,scene/nature
smelling_hair,person/hair
smelling_pantyhose,clothing/legwear
smelling_penis,sex/body
smelling_pussy,sex/body
smelly_anus,sex/body
smelly_armpits,person/body
smelly_balls,object/toy
smelly_butt,person/body
smelly_feet,person/body
smelly_penis,sex/body
smelly_pussy,sex/body
smelly_shoes,clothing/footwear
smelly_socks,clothing/legwear
smile,expression/face
smile_(e.g.o),expression/face
smile_at_viewer,expression/face
smile_emoji,expression/face
smile_lines,expression/face
smile_of_dreamer_(project_sekai),expression/face
smiley_face,person/body
smiley_hair_ornament,clothing/head
smiley_hat_ornament,clothing/head
smiling_at_another,expression/face
smiling_at_each_other,expression/face
smiling_at_partner,expression/face
smiling_at_viewer,expression/face
smoke_from_mouth,person/body
smoke_from_nose,person/body
smoke_grenade,object/weapon
smoke_grenade_launcher,object/weapon
smoke_ring,clothing/accessory
smokestack_hair_ornament,clothing/head
smokey_eyeshadow,person/eyes
smoking_barrel,object/tool
smoking_cigarette,object/tool
smoking_during_sex,sex/act
smoking_eyes,person/eyes
smoking_gun,object/weapon
smoking_pipe,object/tool
smoking_pipe_in_mouth,person/body
smoking_while_pregnant,sex/body
smooth_anus,sex/body
smooth_balls,object/toy
smooth_penis,sex/body
smooth_skin,person/body
smudged_makeup,person/eyes
smug,expression/face
smug_expression,expression/face
smug_eyes,expression/face
smug_face,expression/face
smug_grin,expression/face
smug_inori_(meme),expression/face
smug_smile,expression/face
snack_food,object/food
snaggle_teeth,person/body
snail_girl,person/count
snake_arms,person/body
snake_bondage,sex/gear
snake_box_sneak,object/tool
snake_boy,person/count
snake_costume,clothing/whole
snake_earrings,clothing/accessory
snake_eyes,person/eyes
snake_girl,person/count
snake_hair,person/hair
snake_hair_ornament,clothing/head
snake_head_tail,person/body
snake_hood,clothing/head
snake_hood_markings,clothing/head
snake_hood_piercing,clothing/head
snake_mask,clothing/head
snake_mouth,person/body
snake_on_head,person/body
snake_on_shoulder,person/body
snake_penis,sex/body
snake_tattoo,person/body
snake_tongue_(polearm),person/body
snake_wrapped_around_arm,person/body
snake_wrapped_around_neck,person/body
snap_my_choker_(phrase),clothing/accessory
snapback_hat,clothing/head
snapping_fingers,person/body
snare_drum,object/tool
sneaker_boots,clothing/footwear
sneakers,clothing/footwear
sneakers_only,clothing/footwear
sneaking_suit,clothing/whole
snes_controller,object/toy
sniffing_clothes,clothing/other
sniffing_own_armpit,person/body
sniffing_while_masturbating,sex/act
sniper_rifle,object/weapon
snorkel_in_mouth,person/body
snorkel_mask,clothing/head
snout_in_ass,person/body
snout_in_pussy,sex/body
snout_in_sheath,object/weapon
snout_scar,person/body
snow,scene/sky
snow_angel,scene/sky
snow_animal,scene/sky
snow_boots,clothing/footwear
snow_camouflage,scene/sky
snow_globe,scene/sky
snow_goggles,clothing/accessory
snow_halation,scene/sky
snow_leopard_boy,person/count
snow_leopard_ears,person/body
snow_leopard_girl,person/count
snow_leopard_tail,scene/sky
snow_on_body,scene/sky
snow_on_head,person/body
snow_on_headwear,clothing/head
snow_on_tree,scene/nature
snow_on_trees,scene/nature
snow_print,scene/sky
snow_rabbit,scene/sky
snow_sculpture,style/medium
snow_shelter,scene/sky
snow_shovel,scene/sky
snow_strawberry_(idolmaster),scene/sky
snow_white_(cosplay),style/medium
snow_white_(disney)_(cosplay),style/medium
snow_white_(fairy_tale_character)_(cosplay),style/medium
snow_white_(grimm)_(cosplay),style/medium
snowbell_(flower),scene/nature
snowdrop_(flower),scene/nature
snowflake_background,scene/background
snowflake_brooch,clothing/accessory
snowflake_choker,clothing/accessory
snowflake_earrings,clothing/accessory
snowflake_hair_ornament,clothing/head
snowflake_hat_ornament,clothing/head
snowflake_in_eye,person/eyes
snowflake_in_hair,person/hair
snowflake_necklace,clothing/accessory
snowflake_pattern,scene/background
snowflake_pendant,clothing/accessory
snowing,scene/sky
snowing_outside,scene/sky
snowman_costume,clothing/whole
snowman_earrings,clothing/accessory
snowman_hair_ornament,clothing/head
soaking_feet,person/body
soaking_hands,person/body
soap_bar,scene/indoor
soap_bottle,object/food
soap_shoes,clothing/footwear
soapy_breasts,person/body
sobu_high_school_uniform,clothing/whole
soccer_ball,object/toy
soccer_field,scene/outdoor
soccer_uniform,clothing/whole
social_commentary,style/quality
social_media_composition,camera/framing
social_nudity,sex/act
sock_garters,clothing/legwear
sock_in_mouth,person/body
sock_on_penis,sex/body
sock_puppet,object/toy
socket_wrench,object/tool
socks,clothing/legwear
socks_(marking),clothing/legwear
socks_on_hands,clothing/legwear
socks_only,clothing/legwear
socks_over_pants,clothing/bottom
socks_over_pantyhose,clothing/legwear
socks_over_thighhighs,clothing/legwear
socks_removed,clothing/legwear
socks_with_sandals,clothing/legwear
soda_bottle,object/food
soda_can,object/food
soda_cup,object/food
soda_suit,clothing/whole
soejima_shigenori_(style),style/medium
sofa,object/other
sofa_sex,sex/act
sofmap_background,scene/background
soft_abs,person/body
soft_drink,object/food
soft_focus,camera/framing
softball_uniform,clothing/whole
softboiled_egg,object/food
soga_no_tojiko_(cosplay),style/medium
soiling_clothing,clothing/other
soiling_pants,clothing/bottom
soiling_shorts,clothing/bottom
sol_badguy_(cosplay),style/medium
soldier_(dq3)_(cosplay),style/medium
soldier_(tf2)_(cosplay),style/medium
soldier_uniform,clothing/whole
soleless_footwear,clothing/footwear
soleless_heels,clothing/footwear
solid_chastity_cage,object/tool
solid_circle_eyes,person/eyes
solid_circle_pupils,person/eyes
solid_cum,sex/act
solid_eye,person/eyes
solid_eyes,person/eyes
solid_oval_eyes,person/eyes
solid_snake_(cosplay),style/medium
solitude_rain_(love_live!),scene/sky
solo,person/count
solo_cup,person/count
solo_focus,camera/framing
solo_in_panel,person/count
son_goku_(cosplay),style/medium
sonic_adventure_pose,expression/pose
sonic_screwdriver,object/tool
sonic_surrounded_by_amy_plush_dolls_(meme),object/toy
sonic_the_hedgehog_(cosplay),style/medium
sonobeno_high_school_uniform,clothing/whole
sonoda_umi_(cosplay),style/medium
sony_mdr_series_headphones,object/tool
sophie_(howl_no_ugoku_shiro)_(cosplay),style/medium
sophie_hatter_(howl_no_ugoku_shiro)_(cosplay),style/medium
sophist's_robe_(ff14),clothing/whole
soramimi_cake,object/food
sorashido_academy_school_uniform,clothing/whole
sorbet_(food),object/food
sorcerer's_sutra_scroll,object/tool
sorceress_(dragon's_crown)_(cosplay),style/medium
sos_brigade_logo,style/quality
sos_dan_logo,style/quality
soshite_ima_ribbon_wo_musunde_(project_sekai),clothing/head
sothis_(fire_emblem)_(cosplay),style/medium
souffle_(food),object/food
soul_devouring_eyes,person/eyes
soul_eater_moon,scene/sky
soul_edge_(weapon),object/weapon
soulless_eyes,person/eyes
sound_wave,expression/action
soup,object/food
soup_ladle,object/food
source_filmmaker_logo,style/quality
souryuu_asuka_langley_(cosplay),style/medium
souseiseki_(cosplay),style/medium
south_korean_flag,object/tool
southern_cross_academy_school_uniform,clothing/whole
souvenir_doll_(blue_archive),object/toy
souya_high_school_uniform,clothing/whole
soviet_cartoon,style/medium
soviet_flag,object/tool
soviet_navy_flag,object/tool
soviet_school_uniform,clothing/whole
sovyonok_pioneer_camp_uniform,clothing/whole
soy_sauce_bottle,object/food
soyombo_earrings,clothing/accessory
space,scene/sky
space_background,scene/sky
space_cat_(meme),scene/sky
space_colony_ark,scene/sky
space_elevator,scene/sky
space_habitat,scene/sky
space_helmet,clothing/head
space_hopper,scene/sky
space_marine,scene/sky
space_monster,scene/sky
space_phantas_moon_another_christmas,scene/sky
space_print,scene/sky
space_ship,scene/sky
space_shuttle,scene/sky
space_station,scene/outdoor
space_suit,clothing/whole
space_sword,scene/sky
spaceship_hair_ornament,clothing/head
spade_brooch,clothing/accessory
spade_earrings,clothing/accessory
spade_hair_ornament,clothing/head
spade_hands,person/body
spade_pendant,clothing/accessory
spade_tattoo,person/body
spade_vine_tattoo,person/body
spades_(suit),clothing/whole
spam_(food),object/food
spandex_clothing,clothing/other
spandex_shorts,clothing/bottom
spandex_suit,clothing/whole
spanish_clothes,clothing/other
spanish_flag,object/tool
spank_marks_on_ass,person/body
spanked_butt,person/body
spanking_focus,camera/framing
sparkle_(honkai:_star_rail)_(cosplay),style/medium
sparkle_background,scene/background
sparkle_earrings,clothing/accessory
sparkle_hair_ornament,clothing/head
sparkling_background,scene/background
sparkling_character,person/count
sparkling_clothing,clothing/other
sparkling_dress,clothing/whole
sparkling_eyes,person/eyes
sparkling_hair,person/hair
sparkling_sweat,expression/face
sparkling_water,scene/nature
sparky_(arms),person/body
sparse_arm_hair,person/hair
sparse_ass_hair,person/hair
sparse_chest_hair,person/hair
sparse_leg_hair,person/hair
sparse_navel_hair,person/hair
sparse_pubic_hair,sex/body
spartan_armor_(roman),clothing/accessory
spats_(footwear),clothing/footwear
speaker_ears,person/body
spear,object/weapon
spear_of_cassius,object/weapon
spear_the_gungnir,object/weapon
special_week_(umamusume)_(cosplay),style/medium
speech_box,object/tool
speech_bubble,style/quality
speech_bubble_censor,style/quality
speech_bubble_drop_shadow,style/quality
speech_scroll,object/tool
speed_limit_sign,object/tool
speed_painting,style/medium
spell_card,object/tool
spelling_with_anus,sex/body
sperm_cell_with_face,person/body
sperm_circle_tattoo,person/body
sphere_earrings,clothing/accessory
sphere_hair_ornament,clothing/head
spherical_breasts,person/body
spider_boy,person/count
spider_gwen_(cosplay),style/medium
spider_hair_ornament,clothing/head
spider_legs,person/body
spider_man_(cosplay),style/medium
spider_tattoo,person/body
spider_web_background,scene/background
spider_web_hair_ornament,clothing/head
spider_web_pattern,scene/background
spider_web_tattoo,person/body
spike_ball,object/toy
spiked_arm,person/body
spiked_armlet,clothing/accessory
spiked_armor,clothing/accessory
spiked_arms,person/body
spiked_back,person/body
spiked_ball_and_chain,object/tool
spiked_balls,object/toy
spiked_belt,clothing/accessory
spiked_boots,clothing/footwear
spiked_bra,clothing/top
spiked_bracelet,clothing/accessory
spiked_cape,clothing/top
spiked_chain,object/tool
spiked_chastity_cage,object/tool
spiked_choker,clothing/accessory
spiked_clothing,clothing/other
spiked_cock_ring,clothing/accessory
spiked_collar,clothing/accessory
spiked_dildo,sex/gear
spiked_dress,clothing/whole
spiked_ear_piercing,person/body
spiked_footwear,clothing/footwear
spiked_gauntlets,clothing/accessory
spiked_gloves,clothing/accessory
spiked_hair,person/hair
spiked_hair_ornament,clothing/head
spiked_hairband,clothing/head
spiked_hat,clothing/head
spiked_headband,clothing/head
spiked_headwear,clothing/head
spiked_helmet,clothing/head
spiked_hood,clothing/head
spiked_jacket,clothing/top
spiked_legwear,clothing/legwear
spiked_legwear_garter,clothing/legwear
spiked_necklace,clothing/accessory
spiked_pauldron,clothing/accessory
spiked_pauldrons,clothing/accessory
spiked_penis,sex/body
spiked_ring,clothing/accessory
spiked_sex_toy,sex/act
spiked_shield,object/weapon
spiked_shirt,clothing/top
spiked_shoes,clothing/footwear
spiked_shoulder_pads,clothing/accessory
spiked_tentacles,sex/gear
spiked_thigh_strap,person/body
spiked_thighhighs,clothing/legwear
spiked_tongue,person/body
spiked_wristband,clothing/accessory
spiky_hair,person/hair
spilled_drink,object/food
spilled_food,object/food
spilled_milk,object/food
spilling_drink,object/food
spin_the_bottle,object/food
spine,person/body
spine_bumps,person/body
spine_sword,person/body
spines,person/body
spinning_ball,object/toy
spinning_gun,object/weapon
spinning_head,person/body
spinning_teacup,object/food
spinning_weapon,object/weapon
spiral_background,scene/background
spiral_cheeks,person/body
spiral_elbows,person/body
spiral_eyes,person/eyes
spiral_glasses,clothing/accessory
spiral_heart_moon_rod,scene/sky
spiral_knees,person/body
spiral_notebook,object/tool
spiral_only_eyes,person/eyes
spiral_penis,sex/body
spiral_pupils,person/eyes
spirit_blossom_(league_of_legends),scene/nature
spit_in_mouth,person/body
spitting_cum,sex/act
spitting_drink,object/food
spitting_in_another's_mouth,person/body
spitting_in_mouth,person/body
spitting_on_face,person/body
splashing_water,scene/nature
splatter_background,scene/background
splendor_of_tranquil_waters_(genshin_impact),scene/nature
split_bangs,person/hair
split_color_clothes,clothing/other
split_color_hair,person/hair
split_color_skin,person/body
split_dress,clothing/whole
split_head,person/body
split_jaw,person/body
split_mouth,person/body
split_ponytail,person/hair
split_screen,camera/framing
split_toe_footwear,clothing/footwear
spoken_blush,expression/face
spoken_character,person/count
spoken_clothes,clothing/other
spoken_dollar_sign,object/tool
spoken_expression,expression/face
spoken_flower,scene/nature
spoken_flying_sweatdrops,expression/face
spoken_food,object/food
spoken_hand,person/body
spoken_letter,object/tool
spoken_lightning_bolt,scene/sky
spoken_money,object/tool
spoken_smile,expression/face
spoken_sun,scene/sky
spoken_sweatdrop,expression/face
spoken_thumbs_up,expression/action
sponge_cake,object/food
spontaneous_ejaculation,sex/act
spontaneous_orgasm,sex/act
spoon,object/food
spoon_bending,object/food
spoon_hair_ornament,clothing/head
spoon_position,object/food
spoon_straw,object/food
sport_swimsuit,clothing/whole
sports_bikini,clothing/whole
sports_bottle,object/food
sports_bra,clothing/top
sports_bra_lift,clothing/top
sports_bra_peek,clothing/top
sports_bra_pull,clothing/top
sports_drink,object/food
sports_jacket,clothing/top
sports_mask,clothing/head
sports_sandals,clothing/footwear
sports_sunglasses,clothing/accessory
sports_uniform,clothing/whole
spot_freckles,person/body
spotted_arms,person/body
spotted_back,person/body
spotted_balls,object/toy
spotted_belly,person/body
spotted_bikini,clothing/whole
spotted_bow,clothing/head
spotted_breasts,person/body
spotted_butt,person/body
spotted_cheeks,person/body
spotted_chest,person/body
spotted_clothing,clothing/other
spotted_dress,clothing/whole
spotted_ears,person/body
spotted_egg,object/food
spotted_face,person/body
spotted_feet,person/body
spotted_hair,person/hair
spotted_head,person/body
spotted_headwear,clothing/head
spotted_hips,person/body
spotted_legs,person/body
spotted_legwear,clothing/legwear
spotted_neck,person/body
spotted_nose,person/body
spotted_penis,sex/body
spotted_shoulders,person/body
spotted_skin,person/body
spotted_skirt,clothing/bottom
spotted_tentacles,sex/gear
spotted_thighs,person/body
spotted_tongue,person/body
spray_bottle,object/food
spray_can,object/food
spraying_on_face,person/body
spraying_water,scene/nature
spread_anus,sex/body
spread_anus_under_clothes,clothing/other
spread_armpit,person/body
spread_arms,expression/pose
spread_ass,person/body
spread_butt,person/body
spread_cleavage,person/body
spread_fingers,person/body
spread_knees,person/body
spread_legs,sex/body
spread_mouth,person/body
spread_navel,person/body
spread_plates,object/food
spread_pussy,sex/body
spread_pussy_under_clothes,clothing/other
spread_sheath,object/weapon
spread_thighs,person/body
spread_toes,person/body
spread_vulva,sex/body
spreader_bar,scene/indoor
spreader_toy,object/toy
spreading_another's_anus,sex/body
spreading_another's_ass,person/body
spreading_another's_pussy,sex/body
spreading_own_anus,sex/body
spreading_own_ass,person/body
spreading_own_pussy,sex/body
spring_onion_hair_ornament,clothing/head
sprinkles_in_hair,person/hair
sprinkles_on_face,person/body
sprout_(plant),scene/nature
sprout_on_head,person/body
sprout_shaped_pupils,person/eyes
squad_automatic_weapon,object/weapon
square_academic_cap,clothing/head
square_end_necktie,clothing/accessory
square_eyes,person/eyes
square_face,person/body
square_head,person/body
square_mouth,person/body
square_pupils,person/eyes
square_tattoo,person/body
squash_(fruit),object/food
squat_toilet,scene/indoor
squatting,expression/pose
squatting_bunny_girl_pose_(han_0v0),expression/pose
squatting_cowgirl_position,expression/pose
squatting_on_person,expression/pose
squatting_pose,expression/pose
squatting_v_pose_(han_0v0),expression/pose
squeaky_toy,object/toy
squeeze_bottle,object/food
squeezing_belly,person/body
squeezing_cheeks,person/body
squid_girl,person/count
squid_hat,clothing/head
squid_pose,expression/pose
squiggle_eyes,person/eyes
squiggle_mouth,person/body
squint,expression/face
squinted_eyes,person/eyes
squirrel_boy,person/count
squirrel_costume,clothing/whole
squirrel_ears,person/body
squirrel_girl,person/count
squirt_bottle_(pokemon),object/food
squirting_dildo,sex/gear
squirting_sex_toy,sex/act
srw_battle_screen,object/tool
ss_uniform,clothing/whole
st._chronica_academy_school_uniform,clothing/whole
st._feles_gakuen_uniform,clothing/whole
st._gloriana's_military_uniform,clothing/whole
st._gloriana's_school_uniform,clothing/whole
st._hermelin_school_uniform,clothing/whole
st._hilde_academy_of_magic_uniform,clothing/whole
st._liliana's_academy_school_uniform,clothing/whole
st._louis_(azur_lane)_(cosplay),style/medium
st._lucia_academy_school_uniform,clothing/whole
st._michael's_school_uniform,clothing/whole
st._odessa_girls'_school_uniform,clothing/whole
st._theresa's_girls_academy_school_uniform,clothing/whole
stack_of_coins,object/tool
stacked_clothes_dryer,clothing/other
stacked_hats,clothing/head
staff_(weapon),object/weapon
staff_of_the_scarlet_sands_(genshin_impact),scene/nature
staff_room,scene/indoor
stage_curtains,object/other
stained_bed_sheet,object/other
stained_bra,clothing/top
stained_clothes,clothing/other
stained_clothing,clothing/other
stained_glass,object/food
stained_glass_print,object/food
stained_glass_window,object/food
stained_shirt,clothing/top
stairs,scene/outdoor
stalk_in_mouth,person/body
stamina_bar,scene/indoor
standalone_balls,object/toy
standard_diving_dress,clothing/whole
standing,expression/pose
standing_69_position,expression/pose
standing_anilingus,expression/pose
standing_at_attention,expression/pose
standing_behind,expression/pose
standing_congress,expression/pose
standing_cunnilingus,sex/act
standing_doggystyle,sex/act
standing_double_penetration,sex/act
standing_fellatio,sex/act
standing_footjob,expression/pose
standing_front_split,expression/pose
standing_in_doorway,expression/pose
standing_in_urine,expression/pose
standing_in_water,expression/pose
standing_leg_lock,expression/pose
standing_masturbation,sex/act
standing_missionary,sex/act
standing_missionary_position,sex/act
standing_on,expression/pose
standing_on_animal,expression/pose
standing_on_another,expression/pose
standing_on_another's_head,expression/pose
standing_on_balls,expression/pose
standing_on_bed,expression/pose
standing_on_box,expression/pose
standing_on_branch,expression/pose
standing_on_breasts,expression/pose
standing_on_butt,expression/pose
standing_on_chair,expression/pose
standing_on_desk,expression/pose
standing_on_hock,expression/pose
standing_on_liquid,expression/pose
standing_on_magic_circle,expression/pose
standing_on_object,expression/pose
standing_on_one_leg,expression/pose
standing_on_partner,expression/pose
standing_on_penis,sex/body
standing_on_person,expression/pose
standing_on_planet,expression/pose
standing_on_rock,expression/pose
standing_on_roof,expression/pose
standing_on_shoulder,expression/pose
standing_on_shoulders,expression/pose
standing_on_stool,expression/pose
standing_on_swing,expression/pose
standing_on_sword,expression/pose
standing_on_table,expression/pose
standing_on_tail,expression/pose
standing_on_three_legs,expression/pose
standing_on_toes,expression/pose
standing_on_torii,expression/pose
standing_on_weapon,expression/pose
standing_over,expression/pose
standing_over_viewer,expression/pose
standing_paizuri,expression/pose
standing_pee,expression/pose
standing_position,expression/pose
standing_restraints,expression/pose
standing_sex,sex/act
standing_split,expression/pose
star_(sky),scene/sky
star_balloon,object/toy
star_bikini,clothing/whole
star_bra,clothing/top
star_bracelet,clothing/accessory
star_brooch,clothing/accessory
star_choker,clothing/accessory
star_clothing,clothing/other
star_collar_tag,clothing/accessory
star_color_pen,object/tool
star_color_pendant,clothing/accessory
star_ear_piercing,person/body
star_ear_ring,clothing/accessory
star_earrings,clothing/accessory
star_glasses,clothing/accessory
star_hair_accessory,person/hair
star_hair_ornament,clothing/head
star_hairband,clothing/head
star_hands,person/body
star_harmony_academy_school_uniform,clothing/whole
star_hat_ornament,clothing/head
star_in_eye,person/eyes
star_in_mouth,person/body
star_in_pupils,person/eyes
star_in_signature,style/quality
star_legwear,clothing/legwear
star_map,object/tool
star_necklace,clothing/accessory
star_o_ring,clothing/accessory
star_pattern,scene/background
star_pattern_underwear,scene/background
star_pendant,clothing/accessory
star_pillow,object/other
star_platinum_(cosplay),style/medium
star_print_bikini,clothing/whole
star_pupils,person/eyes
star_shaped_background,scene/background
star_shaped_bag,clothing/accessory
star_shaped_bikini,clothing/whole
star_shaped_cookie,object/food
star_shaped_food,object/food
star_shaped_hair,person/hair
star_shaped_pillow,object/other
star_shaped_pupils,person/eyes
star_shirt,clothing/top
star_sunglasses,clothing/accessory
star_symbol_background,scene/background
star_tattoo,person/body
star_tears,expression/face
star_wink,expression/face
starfish_bikini,clothing/whole
starfish_bra,clothing/top
starfish_hair_ornament,clothing/head
starfleet_uniform,clothing/whole
staring_at_ass,person/body
staring_at_chest,person/body
staring_at_penis,sex/body
starlight_academy_school_uniform,clothing/whole
starpoint_lance_(fire_emblem),object/weapon
starry_eyes,person/eyes
starry_hair,person/hair
starry_moon,scene/sky
starry_skin,person/body
starry_sky,scene/sky
starry_sky_background,scene/sky
starry_sky_bright,scene/sky
starry_sky_bright_(idolmaster),scene/sky
starry_sky_print,scene/sky
stars_around_body,scene/sky
stars_around_head,person/body
stars_in_hair,person/hair
stars_we_chase_(love_live!),scene/sky
starting_gate,scene/outdoor
stated_adult,person/count
stated_incest,sex/act
station_wagon,scene/outdoor
statue_of_the_seven_(cosplay),style/medium
status_bar,scene/indoor
stay_fresh_(pose),expression/pose
stealth_ass_grab,person/body
stealth_bondage,sex/gear
stealth_cunnilingus,sex/act
stealth_fellatio,sex/act
stealth_flashing,sex/act
stealth_handjob,sex/act
stealth_masturbation,sex/act
stealth_sex,sex/act
stealth_suit,clothing/whole
steam_clouds,scene/sky
steam_from_mouth,person/body
steam_from_nose,person/body
steamed_bun,person/hair
steaming_clothes,clothing/other
steaming_cup,object/food
steaming_food,object/food
steaming_pussy,sex/body
steampunk_goggles,clothing/accessory
steamy_anus,sex/body
steamy_butt,person/body
steamy_feet,person/body
steamy_penis,sex/body
steamy_pussy,sex/body
steel_ball,object/toy
steel_ball_(jojo),object/toy
steel_mask,clothing/head
steel_toe_boots,clothing/footwear
steepled_fingers,person/body
stelle_(honkai:_star_rail)_(cosplay),style/medium
sten_gun,object/weapon
step_incest,sex/act
step_ladder,scene/outdoor
step_parent_and_step_child,person/count
step_pose,expression/pose
step_siblings,person/count
step_stool,object/other
steppee_focus,camera/framing
stepping_on_balls,object/toy
stepping_on_chest,person/body
stepping_on_face,person/body
stepping_on_frame,object/other
stepping_on_head,person/body
stepping_on_non_human,person/count
stepping_on_penis,sex/body
stepping_stones,scene/nature
sternocleidomastoid_muscle,person/body
sternum_scar,person/body
stethoscope_around_neck,person/body
stethoscope_between_breasts,person/body
stick_arms,person/body
stick_figure,person/count
stick_grenade,object/weapon
stick_in_mouth,person/body
stick_legs,person/body
stick_poster,object/tool
stick_thighs,person/body
sticker_on_arm,person/body
sticker_on_chest,person/body
sticker_on_clothes,clothing/other
sticker_on_face,person/body
sticker_on_hair,person/hair
sticker_on_leg,person/body
sticker_on_stomach,person/body
stickers_on_face,person/body
sticky_fingers,person/body
stifled_laugh,expression/face
stile_uniform,clothing/whole
stiletto_(weapon),object/weapon
stiletto_boots,clothing/footwear
stiletto_heels,clothing/footwear
stimulation_free_orgasm,sex/act
stirrup_clothing,clothing/other
stirrup_footwear,clothing/footwear
stirrup_leggings,clothing/bottom
stirrup_legwear,clothing/legwear
stirrup_socks,clothing/legwear
stirrup_stockings,clothing/legwear
stirrup_thigh_socks,clothing/legwear
stitched_arm,person/body
stitched_chest,person/body
stitched_eye,person/eyes
stitched_face,person/body
stitched_fingers,person/body
stitched_forehead,person/body
stitched_hand,person/body
stitched_leg,person/body
stitched_mouth,person/body
stitched_neck,person/body
stitched_pants,clothing/bottom
stitched_torso,person/body
stitched_wrist,person/body
stoat_girl,person/count
stock_market,scene/indoor
stocking_(psg)_(cosplay),style/medium
stockings,clothing/legwear
stockings_only,clothing/legwear
stole_(clothing),clothing/other
stomach,person/body
stomach_(organ),person/body
stomach_ache,person/body
stomach_acid,person/body
stomach_bulge,person/body
stomach_bulge_grab,person/body
stomach_cutout,person/body
stomach_day,person/body
stomach_focus,camera/framing
stomach_growling,person/body
stomach_hair,person/hair
stomach_jewel,person/body
stomach_kick,person/body
stomach_mouth,person/body
stomach_punch,person/body
stomach_storage,person/body
stomach_tattoo,person/body
stomach_torture,person/body
stomach_wound,person/body
stomper_doggystyle,sex/act
stomping_pov,camera/angle
stone_bridge,scene/outdoor
stone_building,scene/nature
stone_floor,scene/nature
stone_lantern,scene/nature
stone_mask,clothing/head
stone_mask_(jojo),clothing/head
stone_path,scene/outdoor
stone_pillar,scene/nature
stone_stairs,scene/outdoor
stone_tablet,scene/nature
stone_torii,scene/nature
stone_walkway,scene/nature
stone_wall,scene/outdoor
stone_work,scene/nature
stoner_rifle,object/weapon
stool,object/other
stool_breaking,object/other
stop_sign,object/tool
stopwatch_around_neck,person/body
storage_room,scene/indoor
store_clerk,scene/indoor
store_room,scene/indoor
storm,scene/sky
storm_attacker,scene/sky
storm_cloud,scene/sky
storm_drain,scene/sky
stormy_waters,scene/nature
straddling_chair,object/other
straddling_fellatio,sex/act
straddling_leg,person/body
straddling_penis,sex/body
straight_arm,person/body
straight_arm_salute,expression/action
straight_arms,person/body
straight_bangs,person/hair
straight_hair,person/hair
straight_laced_footwear,clothing/footwear
straight_leg,person/body
straight_legs,person/body
straining_clothing,clothing/other
stranger,person/count
strap_between_breasts,person/body
strapless_bikini,clothing/whole
strapless_bodysuit,clothing/whole
strapless_bra,clothing/top
strapless_clothing,clothing/other
strapless_coat,clothing/top
strapless_dildo,sex/gear
strapless_dress,clothing/whole
strapless_jumpsuit,clothing/whole
strapless_kimono,clothing/whole
strapless_leotard,clothing/whole
strapless_one_piece_swimsuit,clothing/whole
strapless_shirt,clothing/top
strapon_fellatio,sex/act
strapon_in_ass,person/body
strapon_in_mouth,person/body
strapon_in_pussy,sex/body
strapon_insertion,sex/act
strapon_masturbation,sex/act
strapon_over_penis,sex/body
strapon_sex,sex/act
strapped_in_dildo,sex/gear
strapped_in_toy,object/toy
strapped_in_vibrator,sex/gear
strappy_heels,clothing/footwear
straps_across_chest,person/body
straw_cape,clothing/top
straw_doll,object/toy
straw_hat,clothing/head
straw_hat_pirates,clothing/head
straw_hats_jolly_roger,clothing/head
strawberry,object/food
strawberry_background,scene/background
strawberry_bag,clothing/accessory
strawberry_blonde,object/food
strawberry_blossoms,scene/nature
strawberry_bra,clothing/top
strawberry_brooch,clothing/accessory
strawberry_cake,object/food
strawberry_earrings,clothing/accessory
strawberry_hair_ornament,clothing/head
strawberry_hat,clothing/head
strawberry_hat_ornament,clothing/head
strawberry_icing,object/food
strawberry_jam,object/food
strawberry_milk,object/food
strawberry_panties,object/food
strawberry_parfait,object/food
strawberry_pattern,scene/background
strawberry_pattern_panties,scene/background
strawberry_pattern_underwear,scene/background
strawberry_plant,scene/nature
strawberry_pocky,object/food
strawberry_pop_moon_(idolmaster),scene/sky
strawberry_print,object/food
strawberry_shortcake,object/food
strawberry_slice,object/food
strawberry_syrup,object/food
strawberry_tart,object/food
strawberry_underwear,object/food
stray_hair,person/hair
stray_pubic_hair,sex/body
streaked_hair,person/hair
streaking,sex/act
streamer,object/toy
streamers,object/toy
streaming_tears,expression/face
street,scene/outdoor
street_fighter_6_new_challenger_art_contest,scene/outdoor
street_gutter,scene/outdoor
street_hopper_(idolmaster),scene/outdoor
street_lamp,scene/outdoor
street_sign,scene/outdoor
street_snap,scene/outdoor
stretched_anus,sex/body
stretched_cheeks,person/body
stretched_clothing,clothing/other
stretched_ears,person/body
stretched_mouth,person/body
stretched_neck,person/body
stretched_pussy,sex/body
stretched_vagina,sex/body
stretching_arms,person/body
stretching_cheeks,person/body
stretching_legs,person/body
stretchy_belly,person/body
striated_muscles,person/body
string_around_arm,person/body
string_around_finger,person/body
string_around_neck,person/body
string_around_wrist,person/body
string_belt,clothing/accessory
string_bikini,clothing/whole
string_bikini_panties,clothing/whole
string_bow,clothing/head
string_bow_tie,clothing/head
string_bowtie,clothing/accessory
string_bra,clothing/top
string_choker,clothing/accessory
string_hair_bow,clothing/head
string_in_mouth,person/body
string_jumpsuit,clothing/whole
string_light_bondage,sex/gear
string_of_flags,object/tool
string_of_photos,style/medium
string_phone,object/tool
string_play_spider_baby_(meme),person/count
strip_hair,person/hair
striped_apron,clothing/whole
striped_arm_warmers,person/body
striped_arms,person/body
striped_back,person/body
striped_background,scene/background
striped_balls,object/toy
striped_belly,person/body
striped_belt,clothing/accessory
striped_bike_shorts,clothing/bottom
striped_bikini,clothing/whole
striped_bikini_bottom,clothing/whole
striped_bikini_top,clothing/whole
striped_blush,expression/face
striped_bodysuit,clothing/whole
striped_border,camera/framing
striped_bow,clothing/head
striped_bowtie,clothing/accessory
striped_bra,clothing/top
striped_breasts,person/body
striped_butt,person/body
striped_camisole,clothing/top
striped_cape,clothing/top
striped_cardigan,clothing/top
striped_cheeks,person/body
striped_chest,person/body
striped_choker,clothing/accessory
striped_clothes,clothing/other
striped_clothing,clothing/other
striped_coat,clothing/top
striped_collar,clothing/accessory
striped_dildo,sex/gear
striped_dress,clothing/whole
striped_ears,person/body
striped_elbow_gloves,clothing/accessory
striped_face,person/body
striped_fingerless_elbow_gloves,clothing/accessory
striped_fingerless_gloves,clothing/accessory
striped_footwear,clothing/footwear
striped_gloves,clothing/accessory
striped_hair,person/hair
striped_hairband,clothing/head
striped_hat,clothing/head
striped_head,person/body
striped_headband,clothing/head
striped_headwear,clothing/head
striped_hood,clothing/head
striped_hoodie,clothing/top
striped_inmates_clothing,clothing/other
striped_inner_ear,person/body
striped_jacket,clothing/top
striped_jumpsuit,clothing/whole
striped_kimono,clothing/whole
striped_knee_socks,clothing/legwear
striped_leg_warmers,person/body
striped_leggings,clothing/bottom
striped_legs,person/body
striped_leotard,clothing/whole
striped_male_swimwear,person/count
striped_male_underwear,person/count
striped_neck,person/body
striped_neckerchief,clothing/accessory
striped_necktie,clothing/accessory
striped_one_piece_swimsuit,clothing/whole
striped_overalls,clothing/whole
striped_pajamas,clothing/whole
striped_pants,clothing/bottom
striped_pantyhose,clothing/legwear
striped_penis,sex/body
striped_pillow,object/other
striped_ribbon,clothing/head
striped_robe,clothing/whole
striped_sash,clothing/accessory
striped_scarf,clothing/accessory
striped_sex_toy,sex/act
striped_shirt,clothing/top
striped_shorts,clothing/bottom
striped_shoulders,person/body
striped_skin,person/body
striped_skirt,clothing/bottom
striped_slingshot_swimsuit,clothing/whole
striped_socks,clothing/legwear
striped_sports_bra,clothing/top
striped_stockings,clothing/legwear
striped_suit,clothing/whole
striped_sweater,clothing/top
striped_t_shirt,clothing/top
striped_tank_top,clothing/top
striped_tentacles,sex/gear
striped_thigh_highs,person/body
striped_thigh_socks,clothing/legwear
striped_thighhighs,clothing/legwear
striped_thighs,person/body
striped_tongue,person/body
striped_umbrella,object/tool
striped_vest,clothing/top
striped_wall,scene/outdoor
striped_wrist_cuffs,person/body
striped_wristband,clothing/accessory
stripper_clothes,clothing/other
stroking_another's_chin,person/body
stroking_head,person/body
stroking_own_chin,person/body
stroking_penis,sex/body
strong_female,person/count
strong_woman,person/count
strongman_waist,person/body
stubbing_toe,person/body
stubby_arms,person/body
stubby_legs,person/body
stuck_in_a_box,object/tool
stuck_in_door,scene/outdoor
stuck_insertion,sex/act
stuck_penis,sex/body
stuck_to_butt,person/body
stuck_to_foot,person/body
stud_earrings,clothing/accessory
studded_armlet,clothing/accessory
studded_belt,clothing/accessory
studded_bikini,clothing/whole
studded_bracelet,clothing/accessory
studded_choker,clothing/accessory
studded_clothing,clothing/other
studded_collar,clothing/accessory
studded_footwear,clothing/footwear
studded_garter_belt,clothing/legwear
studded_gloves,clothing/accessory
studded_hair_tie,person/hair
studded_hairband,clothing/head
studded_jacket,clothing/top
studded_jewelry,clothing/accessory
studded_legwear,clothing/legwear
studded_thigh_strap,person/body
studded_vibrator,sex/gear
studded_wristband,clothing/accessory
studio,scene/indoor
studio_ghibli_(style),style/medium
studio_lights,scene/indoor
studio_microphone,scene/indoor
study_(room),scene/indoor
stuffed_fish,object/food
stuffed_food,object/food
stuffed_mouse,object/tool
stuffed_strawberry,object/food
stuffed_toy,object/toy
stuffing_(food),object/food
stump_cap,clothing/head
stump_scar,person/body
stun_grenade,object/weapon
stun_gun,object/weapon
stun_shield,object/weapon
stygian_zinogre_(armor),clothing/accessory
style_crossover,style/medium
style_emulation,style/medium
style_parody,style/medium
styling_hair,person/hair
stylized_background,scene/background
stylized_chastity_cage,object/tool
stylized_empty_eyes,person/eyes
stylized_eyes,person/eyes
stylized_speech_bubble,style/quality
stylized_text,style/quality
sua_(alien_stage)_(cosplay),style/medium
sub_for_couple,person/count
sub_tympanic_shield,object/weapon
subarashii_pose,expression/pose
submachine_gun,object/weapon
submarine_sandwich,object/food
submerged_arm,person/body
submerged_arms,person/body
submerged_leg,person/body
submerged_legs,person/body
submissive_boy,person/count
submissive_female,person/count
submissive_focus,camera/framing
submissive_human,person/count
submissive_humanoid,person/count
submissive_male,person/count
submissive_pov,camera/angle
subscribestar_logo,style/quality
subway_map,object/tool
subway_station,scene/outdoor
succubus_costume,clothing/whole
succulent_plant,scene/nature
sucker_face,person/body
sucking_anus,sex/body
sucking_male_nipple,person/count
sucking_on_multiple_breasts,person/body
sucking_own_breasts,person/body
sucking_tongue,person/body
suction_cup,object/food
suction_cup_dildo,sex/gear
suction_cups,object/food
suction_tentacles,sex/gear
suddenly_penis,sex/body
sugar_(food),object/food
sugar_bowl,object/food
suggestive_clothing,clothing/other
suggestive_eating,expression/action
suggestive_food,object/food
suggestive_pose,expression/pose
suggestive_posing,expression/pose
suggestive_shirt,clothing/top
suggestive_text,style/quality
sugimori_ken_(style),style/medium
suibian_sword,object/weapon
suigintou_(cosplay),style/medium
suimei_academy_school_uniform,clothing/whole
suimei_school_uniform,clothing/whole
suimei_summer_uniform,clothing/whole
suiseiseki_(cosplay),style/medium
suit,clothing/whole
suit_and_tie,clothing/whole
suit_jacket,clothing/whole
suit_pants,clothing/whole
suit_symbol,clothing/whole
suit_transformation,clothing/whole
suit_vest,clothing/whole
suitcase_bondage,sex/gear
suits,clothing/whole
sukoyaka_middle_school_uniform,clothing/whole
suletta_mercury_(cosplay),style/medium
sumeru_city,scene/outdoor
summer_hat,clothing/head
summer_maid_coord,clothing/whole
summer_pockets_school_uniform,clothing/whole
summer_uniform,clothing/whole
summer_uniform_series_(idolmaster),clothing/whole
summon_ticket_(fate),object/tool
sumo_ring,clothing/accessory
sumo_sticker_(chaos;child),person/count
sun,scene/sky
sun_(marking),scene/sky
sun_behind_head,person/body
sun_earrings,clothing/accessory
sun_flare,scene/sky
sun_glare,scene/sky
sun_hair_ornament,clothing/head
sun_halo,scene/sky
sun_hat,clothing/head
sun_hat_ornament,clothing/head
sun_lounger,scene/sky
sun_necklace,clothing/accessory
sun_ornament,scene/sky
sun_pendant,clothing/accessory
sun_print,scene/sky
sun_rays,scene/sky
sun_shaped_pupils,person/eyes
sun_shower,scene/sky
sun_symbol,scene/sky
sun_tattoo,person/body
sun_with_face,person/body
sun_wukong_(cosplay),style/medium
sunbeam,style/color
sunburst_background,scene/background
sunburst_iris,person/eyes
sunflower_field,scene/outdoor
sunflower_hair_ornament,clothing/head
sunflower_petals,scene/nature
sunglasses,clothing/accessory
sunglasses_around_neck,clothing/accessory
sunglasses_on_face,clothing/accessory
sunglasses_on_hat,clothing/head
sunglasses_on_head,clothing/accessory
sunglasses_only,clothing/accessory
sunglasses_removed,clothing/accessory
sunken_cheeks,person/body
sunken_scroll_(splatoon),object/tool
sunlight,scene/sky
sunlight_heart,scene/sky
sunna_(zenless_zone_zero)_(cosplay),style/medium
sunny_day_song,scene/sky
sunny_side_up_egg,object/food
sunrise,scene/sky
sunrise_stance,scene/sky
sunset,scene/sky
sunset_nostalgie_(idolmaster),scene/sky
super_creek_(umamusume)_(cosplay),style/medium
super_crown,clothing/head
super_famicom_controller,object/toy
super_leaf,scene/nature
super_leaf_(transformation),scene/nature
super_masara_ahegao,sex/act
super_smash_bros._logo,style/quality
super_sonico_(cosplay),style/medium
superhero_costume,clothing/whole
superman_(cosplay),style/medium
superman_logo,style/quality
supernumerary_breasts,person/body
supervillain_costume,clothing/whole
supervised_sex,sex/act
supported_arm,person/body
supported_legs,person/body
supporting_breasts,person/body
supporting_head,person/body
suppressor_focus,camera/framing
surfboard_leash,sex/gear
surgical_mask,clothing/head
surgical_scar,person/body
surgical_scissors,object/tool
surprise_hug,expression/action
surprise_sex,sex/act
surprised,expression/face
surprised_arms,expression/face
surprised_expression,expression/face
surprised_eyes,expression/face
surprised_face,expression/face
surprised_look,expression/face
surre_academy_school_uniform,clothing/whole
surrounded_by_breasts,person/body
surrounded_by_butts,person/body
surrounded_by_feet,person/body
surrounded_by_guns,object/weapon
surrounded_by_hands,person/body
surrounded_by_penis,sex/body
sushi_geta,clothing/footwear
suspended_by_penis,sex/body
suspended_sex,sex/act
suspended_via_penetration,sex/act
suspended_via_tentacles,sex/gear
suspender_pants,clothing/bottom
suspender_shorts,clothing/bottom
suspender_skirt,clothing/bottom
suspension_bondage,sex/gear
suspension_bridge,scene/outdoor
suspension_bridge_position,scene/outdoor
suspension_doggystyle,sex/act
suspicious_egg_dish,object/food
susuki_grass,scene/nature
suwa_squad's_uniform,clothing/whole
suzu_head,person/body
suzume's_chair,object/other
suzumiya_haruhi_(cosplay),style/medium
suzuya_(kancolle)_(cosplay),style/medium
swallowing_penis_while_deepthroat,sex/body
swamp,scene/nature
swan_lake_headpiece,scene/nature
swarming_hands,person/body
swastika_tattoo,person/body
sway_back,person/body
swaying_hip,person/body
sweat,expression/face
sweat_clouds,expression/face
sweat_drip,expression/face
sweat_droplets,expression/face
sweat_emanata,expression/face
sweat_fetish,expression/face
sweat_on_ass,expression/face
sweat_pool,expression/face
sweat_stain,expression/face
sweat_string,expression/face
sweatdrop,expression/face
sweatdrop_(iconography),expression/face
sweater,clothing/top
sweater_around_neck,clothing/top
sweater_around_waist,clothing/top
sweater_dress,clothing/whole
sweater_guard,clothing/top
sweater_jacket,clothing/top
sweater_lift,clothing/top
sweater_only,clothing/top
sweater_partially_tucked_in,clothing/top
sweater_pull,clothing/top
sweater_tucked_in,clothing/top
sweater_tug,clothing/top
sweater_under_dress,clothing/whole
sweater_under_jacket,clothing/top
sweater_under_shirt,clothing/top
sweater_vest,clothing/top
sweater_vest_lift,clothing/top
sweats,expression/face
sweaty_abs,person/body
sweaty_anus,sex/body
sweaty_armpit,person/body
sweaty_armpits,person/body
sweaty_arms,person/body
sweaty_back,person/body
sweaty_balls,object/toy
sweaty_belly,person/body
sweaty_breasts,person/body
sweaty_butt,person/body
sweaty_chest,person/body
sweaty_clothes,clothing/other
sweaty_clothing,clothing/other
sweaty_ears,person/body
sweaty_face,person/body
sweaty_feet,person/body
sweaty_foot,person/body
sweaty_footwear,clothing/footwear
sweaty_hands,person/body
sweaty_head,person/body
sweaty_hips,person/body
sweaty_legs,person/body
sweaty_male,person/count
sweaty_neck,person/body
sweaty_penis,sex/body
sweaty_pussy,sex/body
sweaty_sex,sex/act
sweaty_shirt,clothing/top
sweaty_shoulders,person/body
sweaty_skin,person/body
sweaty_socks,clothing/legwear
sweaty_thighs,person/body
sweaty_vulva,sex/body
swedish_clothes,clothing/other
swedish_flag,object/tool
swedish_flag_print,object/tool
swedish_uniform,clothing/whole
sweet_apple_acres,object/food
sweet_flower,scene/nature
swept_bangs,person/hair
swept_hilt,object/weapon
swim_cap,clothing/head
swim_goggles,clothing/accessory
swim_ring,clothing/accessory
swim_ring_with_face,clothing/accessory
swimming,expression/action
swimming_cap,clothing/head
swimming_fins,expression/action
swimming_goggles,clothing/accessory
swimming_pool,expression/action
swimming_pool_ladder,expression/action
swimming_trunks,expression/action
swimming_trunks_down,expression/action
swimsuit,clothing/whole
swimsuit_around_one_leg,clothing/whole
swimsuit_aside,clothing/whole
swimsuit_costume,clothing/whole
swimsuit_cover_up,clothing/whole
swimsuit_hanger,clothing/whole
swimsuit_lift,clothing/whole
swimsuit_only,clothing/whole
swimsuit_over_clothes,clothing/whole
swimsuit_skirt,clothing/whole
swimsuit_theft,clothing/whole
swimsuit_tug,clothing/whole
swimsuit_under_clothes,clothing/whole
swimsuit_under_swimsuit,clothing/whole
swimsuit_writing,clothing/whole
swimwear_around_one_leg,person/body
swimwear_under_clothing,clothing/other
swinging_legs,person/body
swinging_on_rope,object/tool
swinging_penis,sex/body
swinging_weapon,object/weapon
swirl_pattern,scene/background
swirling_eyes,person/eyes
swiss_army_knife,object/weapon
swiss_clothes,clothing/other
swiss_flag,object/tool
switch_(ensemble_stars!),scene/sky
switch_axe,object/weapon
switch_logo,style/quality
switchblade_knife,object/weapon
swivel_chair,object/other
swollen_anus,sex/body
swollen_balls,object/toy
swollen_belly,person/body
swollen_breasts,person/body
swollen_cheeks,person/body
swollen_vulva,sex/body
sword,object/weapon
sword_behind_back,person/body
sword_between_breasts,person/body
sword_between_thighs,person/body
sword_cane,object/weapon
sword_clash,object/weapon
sword_earrings,clothing/accessory
sword_fight,object/weapon
sword_guard_stance,object/weapon
sword_hair_ornament,clothing/head
sword_hilt,object/weapon
sword_in_front_of_face,person/body
sword_in_ground,object/weapon
sword_in_head,person/body
sword_in_mouth,person/body
sword_mastery_academy_school_uniform,clothing/whole
sword_necklace,clothing/accessory
sword_of_dios,object/weapon
sword_of_exorcism,object/weapon
sword_of_hisou,object/weapon
sword_of_kusanagi,object/weapon
sword_of_seiros,object/weapon
sword_of_st._catherine_(fate),object/weapon
sword_of_the_creator,object/weapon
sword_on_back,person/body
sword_on_shoulder,person/body
sword_over_shoulder,person/body
sword_print,object/weapon
sword_school_reunion_(touken_ranbu),scene/indoor
sword_surfing,object/weapon
sword_swallowing_position,object/weapon
sword_tassel,object/weapon
sword_to_throat,object/weapon
sword_writing,expression/action
sylveon_(cosplay),style/medium
symbol_in_eye,person/eyes
symbol_on_chest,person/body
symbol_on_clothing,clothing/other
symbol_on_head,person/body
symbol_on_thigh,person/body
symbol_shaped_eyes,person/eyes
symbol_shaped_pupils,person/eyes
symbol_tattoo,person/body
symboli_rudolf_(umamusume)_(cosplay),style/medium
symmetrical_hand_pose,expression/pose
symmetrical_pose,expression/pose
symphogear_pendant,clothing/accessory
synchronized_swimming,expression/action
synergetic_suit,clothing/whole
synthetic_muscles,person/body
syringe,object/tool
syringe_earrings,clothing/accessory
syringe_gun,object/weapon
syringe_hair_ornament,clothing/head
syringe_holster,object/weapon
syringe_in_head,person/body
syringe_tail,object/tool
t91_assault_rifle,object/weapon
t_800_(cosplay),style/medium
t_back,person/body
t_back_spats,person/body
t_corp._(identity)_(project_moon),scene/sky
t_doll_contract,object/toy
t_head_trainer,person/body
t_pose,expression/pose
t_shirt,clothing/top
t_shirt_lift,clothing/top
t_shirt_only,clothing/top
ta_girls_school_uniform,clothing/whole
tabi,clothing/legwear
tabi_socks,clothing/legwear
table,object/other
table_flip,object/other
table_humping,object/other
table_knife,object/weapon
table_lotus_position,object/other
table_of_contents,object/other
table_sex,sex/act
table_tennis,object/other
table_tennis_ball,object/toy
table_tennis_net,object/tool
table_tennis_paddle,object/other
tablet_computer,object/tool
tablet_pen,object/tool
tacet_discord_(wuthering_waves),expression/action
tacet_mark_(wuthering_waves),expression/action
tachi_(weapon),object/weapon
tachibana_hibiki_(symphogear)_(cosplay),style/medium
tachikawa_squad's_uniform,clothing/whole
tackle_box,object/tool
tactical_belt,clothing/accessory
tactical_clothes,clothing/other
tactical_gloves,clothing/accessory
tactical_maid,clothing/whole
tactical_pants,clothing/bottom
tactical_school_uniform,clothing/whole
tadpole_hat,clothing/head
tagalog_text,style/quality
taihou_(azur_lane)_(cosplay),style/medium
taihou_(kancolle)_(cosplay),style/medium
taiki_shuttle_(umamusume)_(cosplay),style/medium
taiko_drum,object/tool
tail_anus,sex/body
tail_armor,clothing/accessory
tail_around_another's_leg,person/body
tail_around_another's_waist,person/body
tail_around_arm,person/body
tail_around_balls,object/toy
tail_around_leg,person/body
tail_around_neck,person/body
tail_around_own_leg,person/body
tail_around_own_waist,person/body
tail_around_penis,sex/body
tail_around_waist,person/body
tail_bag,clothing/accessory
tail_belt,clothing/accessory
tail_between_breasts,person/body
tail_between_legs,person/body
tail_blade,object/weapon
tail_bondage,sex/gear
tail_bow,clothing/head
tail_bracelet,clothing/accessory
tail_brush,object/tool
tail_clothing,clothing/other
tail_collar,clothing/accessory
tail_covering_crotch,sex/body
tail_eye,person/eyes
tail_fan,object/tool
tail_fellatio,sex/act
tail_flower,scene/nature
tail_garter,clothing/legwear
tail_growth_in_pants,clothing/bottom
tail_gun,object/weapon
tail_hair,person/hair
tail_hand,person/body
tail_head,person/body
tail_holding_object,expression/action
tail_hug,expression/action
tail_in_ass,person/body
tail_in_own_ass,person/body
tail_in_own_pussy,sex/body
tail_in_pussy,sex/body
tail_in_vagina,sex/body
tail_in_water,scene/nature
tail_insertion,sex/act
tail_jewelry,clothing/accessory
tail_legs,person/body
tail_masturbation,sex/act
tail_mouth,person/body
tail_mouth_penetration,sex/act
tail_muscles,person/body
tail_on_balls,object/toy
tail_on_face,person/body
tail_on_head,person/body
tail_on_leg,person/body
tail_on_penis,sex/body
tail_on_shoulder,person/body
tail_on_sofa,object/other
tail_out_of_water,scene/nature
tail_outside_mouth,person/body
tail_outside_pussy,sex/body
tail_over_shoulder,person/body
tail_over_skirt,clothing/bottom
tail_penetration,sex/act
tail_penis,sex/body
tail_pillow,object/other
tail_plates,object/food
tail_plug,sex/gear
tail_pussy,sex/body
tail_rape,sex/act
tail_ribbon,clothing/head
tail_ring,clothing/accessory
tail_ring_(piercing),clothing/accessory
tail_scar,person/body
tail_sex,sex/act
tail_spines,person/body
tail_stomach,person/body
tail_tattoo,person/body
tail_through_clothes,clothing/other
tail_through_skirt,clothing/bottom
tail_to_collar,clothing/accessory
tail_under_clothes,clothing/other
tail_under_clothing,clothing/other
tail_under_leg,person/body
tail_under_skirt,clothing/bottom
tail_vulva,sex/body
tail_whip,object/weapon
tail_wrapped_around_arm,person/body
tail_wrapped_around_leg,person/body
tail_wrapped_around_penis,sex/body
tailmon_(cosplay),style/medium
taimanin_suit,clothing/whole
tainaka_ritsu_(cosplay),style/medium
taito_four_seasons_figure_(vocaloid),person/count
taiyou_gakuen_uniform,clothing/whole
takahashi_akira_(style),style/medium
takahashi_kazuki_(style),style/medium
takahashi_rumiko_(style),style/medium
takamachi_nanoha_(cosplay),style/medium
takamaki_anne_(cosplay),style/medium
takanashi_kiara_(cosplay),style/medium
takanashi_rikka_(cosplay),style/medium
takanoori_middle_school_uniform,clothing/whole
takao_(azur_lane)_(cosplay),style/medium
takao_(kancolle)_(cosplay),style/medium
takarada_rikka_(cosplay),style/medium
takarazaki_school_uniform,clothing/whole
take_the_best_shot!_(project_sekai),camera/shot
takeba_yukari_(cosplay),style/medium
takemoto_izumi_(style),style/medium
takenami_hideyuki_(style),style/medium
takenoko_no_sato_(food),object/food
takeuchi_naoko_(style),style/medium
takeuchi_takashi_(style),style/medium
taking_another's_hand,person/body
taking_in_water,scene/nature
taking_off_pants,clothing/bottom
taking_off_shirt,clothing/top
taking_selfie,person/count
takizakura_school_uniform,clothing/whole
takozonesu_(cosplay),style/medium
talking_during_sex,sex/act
talking_on_phone,object/tool
talking_penis,sex/body
talking_to_male_viewer,person/count
talking_to_penis,sex/body
tall_crown,clothing/head
tall_ears,person/body
tall_female,person/count
tall_female_short_male,person/count
tall_girl,person/count
tall_grass,scene/nature
tall_hair,person/hair
tall_hat,clothing/head
tall_male,person/count
taller_female,person/count
talon_hands,person/body
tamagotchi_(toy),object/toy
tamamo_cat_(fate)_(cosplay),style/medium
tamamo_cat_(third_ascension)_(fate)_(cosplay),style/medium
tamamo_no_mae_(fate)_(cosplay),style/medium
tamamo_no_mae_(fate/extra)_(cosplay),style/medium
tamandua_ears,person/body
tan_anus,sex/body
tan_areola,sex/body
tan_arms,person/body
tan_back,person/body
tan_balls,object/toy
tan_belly,person/body
tan_boots,clothing/footwear
tan_border,camera/framing
tan_bra,clothing/top
tan_breasts,person/body
tan_butt,person/body
tan_cheeks,person/body
tan_chest,person/body
tan_clothing,clothing/other
tan_coat,clothing/top
tan_dress,clothing/whole
tan_ear_tips,person/body
tan_ears,person/body
tan_eyebrows,person/eyes
tan_eyelids,person/eyes
tan_eyes,person/eyes
tan_face,person/body
tan_feather_hair,person/hair
tan_feet,person/body
tan_fingernails,person/body
tan_fingers,person/body
tan_footwear,clothing/footwear
tan_gloves,clothing/accessory
tan_hair,person/hair
tan_hands,person/body
tan_hat,clothing/head
tan_head,person/body
tan_headwear,clothing/head
tan_hoodie,clothing/top
tan_inner_ear,person/body
tan_inner_ear_fluff,person/body
tan_inner_pussy,sex/body
tan_jacket,clothing/top
tan_legs,person/body
tan_legwear,clothing/legwear
tan_lips,person/body
tan_mouth,person/body
tan_neck,person/body
tan_nose,person/body
tan_pants,clothing/bottom
tan_penis,sex/body
tan_pseudo_hair,person/hair
tan_pussy,sex/body
tan_sclera,person/eyes
tan_sheath,object/weapon
tan_shoes,clothing/footwear
tan_shorts,clothing/bottom
tan_skin,person/body
tan_skirt,clothing/bottom
tan_socks,clothing/legwear
tan_speech_bubble,style/quality
tan_t_shirt,clothing/top
tan_tank_top,clothing/top
tan_tattoo,person/body
tan_teeth,person/body
tan_text,style/quality
tan_toes,person/body
tan_tongue,person/body
tan_torso,person/body
tan_vest,clothing/top
tan_vulva,sex/body
tan_wall,scene/outdoor
tanegashima_(gun),object/weapon
tang_jin_(headwear),clothing/head
tang_sanzang_(cosplay),style/medium
tangerine_(fruit),object/food
tank_gun,object/weapon
tank_helmet,clothing/head
tank_top,clothing/top
tank_top_lift,clothing/top
tank_top_only,clothing/top
tanker_jacket,clothing/top
tanned_skin,person/body
tanuki_costume,clothing/whole
tanuki_ears,person/body
tanuki_leaf,scene/nature
taokaka_(cosplay),style/medium
tap_dancing,expression/action
tap_shoes,clothing/footwear
tape_blindfold,clothing/head
tape_bondage,sex/gear
tape_over_penis,sex/body
taped_arms,person/body
taped_eyes,person/eyes
taped_fingers,person/body
taped_hands,person/body
taped_mouth,person/body
tapering_dildo,sex/gear
tapering_penis,sex/body
tapering_tentacles,sex/gear
tapering_tongue,person/body
tapir_ears,person/body
tapir_girl,person/count
tapping_finger,person/body
tapping_fingers,person/body
tapping_foot,person/body
tapping_shoulder,person/body
tarot_(card),object/tool
tarot_card,object/tool
tart_(food),object/food
tasmanian_devil_ears,person/body
tassel_choker,clothing/accessory
tassel_earrings,clothing/accessory
tassel_hair_ornament,clothing/head
tassel_hat_ornament,clothing/head
tassel_necklace,clothing/accessory
tasteful_nude,sex/act
tasteful_nudity,sex/act
tasting_plate,object/food
tatara_kogasa_(cosplay),style/medium
tatenashi_high_school_uniform,clothing/whole
tatsuki_(irodori)_(style),style/medium
tatsumaki_(cosplay),style/medium
tatsuta_(kancolle)_(cosplay),style/medium
tattoo,person/body
tattoo_between_breasts,person/body
tattoo_machine,person/body
tattoo_on_back,person/body
tattoo_on_belly,person/body
tattoo_on_hand,person/body
tattoo_on_legs,person/body
tattoo_on_neck,person/body
tattoo_on_shoulder,person/body
tattoo_on_thigh,person/body
tattoo_sleeve,person/body
tattoo_under_eye,person/eyes
tattoos_everywhere,person/body
taur_clothing,clothing/other
taur_focus,camera/framing
taur_penetrating_female,person/count
taur_penetrating_human,person/count
taur_penetrating_humanoid,person/count
taur_penetrating_male,person/count
taut_bikini,clothing/whole
taut_bodysuit,clothing/whole
taut_clothes,clothing/other
taut_dress,clothing/whole
taut_jacket,clothing/top
taut_leotard,clothing/whole
taut_pants,clothing/bottom
taut_shirt,clothing/top
taut_shorts,clothing/bottom
taut_skirt,clothing/bottom
taut_sweater,clothing/top
taut_swimsuit,clothing/whole
taut_vest,clothing/top
tawawa_group,person/count
tea,object/food
tea_bag,clothing/accessory
tea_bagging,object/food
tea_bags,clothing/accessory
tea_ceremony,object/food
tea_cup,object/food
tea_kettle,object/food
tea_leaves,scene/nature
tea_party,object/food
tea_party_(blue_archive),object/food
tea_set,object/food
tea_stalk,object/food
teacher_clothing,clothing/other
teacup,object/food
teal_anus,sex/body
teal_areola,sex/body
teal_background,scene/background
teal_balls,object/toy
teal_belly,person/body
teal_bikini,clothing/whole
teal_clothing,clothing/other
teal_collar,clothing/accessory
teal_dress,clothing/whole
teal_ear_tips,person/body
teal_ears,person/body
teal_eyebrows,person/eyes
teal_eyes,person/eyes
teal_eyeshadow,person/eyes
teal_fingernails,person/body
teal_footwear,clothing/footwear
teal_inner_ear,person/body
teal_jacket,clothing/top
teal_legwear,clothing/legwear
teal_mouth,person/body
teal_nose,person/body
teal_penis,sex/body
teal_pupils,person/eyes
teal_pussy,sex/body
teal_sclera,person/eyes
teal_shirt,clothing/top
teal_shorts,clothing/bottom
teal_skin,person/body
teal_tank_top,clothing/top
teal_text,style/quality
teal_tongue,person/body
teal_vulva,sex/body
team_aqua_uniform,clothing/whole
team_flare_uniform,clothing/whole
team_galactic_uniform,clothing/whole
team_magma_uniform,clothing/whole
team_plasma_uniform,clothing/whole
team_pose,expression/pose
team_rainbow_rocket,scene/sky
team_rainbow_rocket_uniform,clothing/whole
team_rocket_(cosplay),style/medium
team_rocket_grunt_(cosplay),style/medium
team_rocket_uniform,clothing/whole
team_skull_uniform,clothing/whole
teapot,object/food
teapot_(body_type),object/food
teardrop_earrings,clothing/accessory
teardrop_framed_glasses,clothing/accessory
teardrop_necklace,clothing/accessory
teardrop_tattoo,person/body
tearing_clothes,clothing/other
tearing_clothing,clothing/other
tearing_own_clothing,clothing/other
tearing_pants,clothing/bottom
tearing_shirt,clothing/top
tears,expression/face
tears_facial_mark,expression/face
tears_from_one_eye,expression/face
tears_of_desperation,expression/face
tears_of_embarrassment,expression/face
tears_of_fear,expression/face
tears_of_joy,expression/face
tears_of_pain,expression/face
tears_of_pleasure,expression/face
tears_of_rage,expression/face
tears_of_sadness,expression/face
tears_of_the_tarnished_blood_(e.g.o),expression/face
tears_on_cheek,expression/face
teary_eyes,person/eyes
teasing_with_butt,person/body
teasing_with_feet,person/body
teasing_with_mouth,person/body
teat_bra,clothing/top
teat_milking,sex/act
tech_box_(azur_lane),object/tool
tech_collar,clothing/accessory
technically_nude,sex/act
technology_liberation_alliance_(identity)_(project_moon),scene/sky
teddy_(clothing),clothing/other
teddy_bear,object/toy
teddy_bear_hair_ornament,clothing/head
teddy_bear_ornament,object/toy
teddy_bear_sex,sex/act
tedeza_rize's_school_uniform,clothing/whole
tedeza_rize_(cosplay),style/medium
teenage_boy,person/count
teenage_boy_and_younger_girl,person/count
teenage_girl_and_younger_boy,person/count
teeth,person/body
teeth_hold,person/body
teeth_print,person/body
teeth_print_mask,clothing/head
teeth_showing,person/body
teitan_high_school_uniform,clothing/whole
telekinetic_sex,sex/act
telepathic_sex,sex/act
temari_ball,object/toy
temple,scene/indoor
temple_gate,scene/indoor
tempura_costume,clothing/whole
ten_frame_image,object/other
tendon_(food),object/food
tendrils_from_back,person/body
tenga_egg,object/food
tengu_family_of_gensokyo_(touhou),person/count
tengu_geta,clothing/footwear
tengu_mask,clothing/head
tengu_pose,expression/pose
tenjou_utena_(cosplay),style/medium
tenkyuu_chimata_pose,expression/pose
tennis_ball,object/toy
tennis_ball_gag,object/toy
tennis_ball_in_mouth,person/body
tennis_ball_on_horn,object/toy
tennis_dress,clothing/whole
tennis_net,object/tool
tennis_shoes,clothing/footwear
tennis_skirt,clothing/bottom
tennis_uniform,clothing/whole
tennomifune_academy_school_uniform,clothing/whole
tenryuu_(kancolle)_(cosplay),style/medium
tenseiga_(sword),object/weapon
tent,scene/indoor
tent_dress,clothing/whole
tent_interior,scene/indoor
tentacle/female,sex/gear
tentacle_arm,sex/gear
tentacle_arms,sex/gear
tentacle_around_ankle,sex/gear
tentacle_around_arm,sex/gear
tentacle_around_arms,sex/gear
tentacle_around_balls,sex/gear
tentacle_around_body,sex/gear
tentacle_around_breast,sex/gear
tentacle_around_foot,sex/gear
tentacle_around_leg,sex/gear
tentacle_around_legs,sex/gear
tentacle_around_neck,sex/gear
tentacle_around_penis,sex/body
tentacle_around_tail,sex/gear
tentacle_around_waist,sex/gear
tentacle_around_wrist,sex/gear
tentacle_between_breasts,sex/gear
tentacle_bondage,sex/gear
tentacle_bulge,sex/gear
tentacle_cilia,sex/gear
tentacle_clothes,clothing/other
tentacle_clothing,clothing/other
tentacle_coil,sex/gear
tentacle_cum,sex/act
tentacle_dildo,sex/gear
tentacle_eye,sex/gear
tentacle_fellatio,sex/act
tentacle_from_mouth,sex/gear
tentacle_girl,sex/gear
tentacle_grab,sex/gear
tentacle_growth,sex/gear
tentacle_hair,sex/gear
tentacle_hair_ornament,clothing/head
tentacle_handjob,sex/act
tentacle_hands,sex/gear
tentacle_hold,sex/gear
tentacle_hood,clothing/head
tentacle_in_ass,sex/gear
tentacle_in_balls,sex/gear
tentacle_in_ear,sex/gear
tentacle_in_mouth,sex/gear
tentacle_in_navel,sex/gear
tentacle_in_nipple,sex/gear
tentacle_in_nose,sex/gear
tentacle_in_penis,sex/body
tentacle_in_pussy,sex/body
tentacle_in_slit,sex/gear
tentacle_in_urethra,sex/gear
tentacle_in_vagina,sex/body
tentacle_job,sex/gear
tentacle_legs,sex/gear
tentacle_lick,sex/gear
tentacle_limbs,sex/gear
tentacle_masturbation,sex/act
tentacle_maw,sex/gear
tentacle_milking,sex/act
tentacle_monster,sex/gear
tentacle_mouth,sex/gear
tentacle_on_breast,sex/gear
tentacle_on_leg,sex/gear
tentacle_on_male,sex/gear
tentacle_on_nipple,sex/gear
tentacle_on_penis,sex/body
tentacle_on_pussy,sex/body
tentacle_oviposition,sex/gear
tentacle_ovipositor,sex/gear
tentacle_penetration,sex/act
tentacle_penis,sex/body
tentacle_pit,sex/gear
tentacle_pregnancy,sex/gear
tentacle_pussy,sex/body
tentacle_rape,sex/act
tentacle_ring,clothing/accessory
tentacle_room,sex/gear
tentacle_sex,sex/act
tentacle_sex_in_water,sex/act
tentacle_sheath,sex/gear
tentacle_slime,sex/gear
tentacle_spitroast,sex/gear
tentacle_suckers,sex/gear
tentacle_suit,clothing/whole
tentacle_suspension,sex/gear
tentacle_tail,sex/gear
tentacle_tongue,sex/gear
tentacle_trap,sex/gear
tentacle_under_clothing,clothing/other
tentacle_underwear,sex/gear
tentacle_vulva,sex/body
tentacle_with_hand,sex/gear
tentacle_with_mouth,sex/gear
tentacles,sex/gear
tentacles_around_arms,sex/gear
tentacles_around_body,sex/gear
tentacles_around_legs,sex/gear
tentacles_around_penis,sex/body
tentacles_as_hands,sex/gear
tentacles_between_breasts,sex/gear
tentacles_everywhere,sex/gear
tentacles_from_pussy,sex/body
tentacles_in_uterus,sex/gear
tentacles_on_breasts,sex/gear
tentacles_on_female,sex/gear
tentacles_on_futa,sex/body
tentacles_on_male,sex/gear
tentacles_under_clothes,clothing/other
tented_shirt,clothing/top
teostra_(armor),clothing/accessory
terada_tera_(style),style/medium
terminator_armor,clothing/accessory
terra_branford_(cosplay),style/medium
terry_bogard_(cosplay),style/medium
test_card,object/tool
test_score_(paper),object/tool
test_tube_holster,object/weapon
testicle_hair,person/hair
testicle_tattoo,person/body
testicles_on_face,person/body
tetra_(fish),object/food
texas_flag,object/tool
text,style/quality
text_background,style/quality
text_border,style/quality
text_box_prompt,style/quality
text_drop_shadow,style/quality
text_emphasis,style/quality
text_focus,style/quality
text_hair_ornament,style/quality
text_header,style/quality
text_in_background,style/quality
text_in_eyes,style/quality
text_in_heart,style/quality
text_in_mouth,style/quality
text_markings,style/quality
text_message,style/quality
text_messaging,style/quality
text_on_apron,style/quality
text_on_armwear,style/quality
text_on_balloon,style/quality
text_on_baseball_cap,style/quality
text_on_bib,style/quality
text_on_body,style/quality
text_on_bottomwear,style/quality
text_on_bra,style/quality
text_on_briefs,style/quality
text_on_butt,style/quality
text_on_choker,style/quality
text_on_clothing,style/quality
text_on_collar,style/quality
text_on_container,style/quality
text_on_crop_top,style/quality
text_on_diaper,style/quality
text_on_footwear,style/quality
text_on_gloves,style/quality
text_on_handwear,style/quality
text_on_harness,style/quality
text_on_hat,style/quality
text_on_headwear,style/quality
text_on_hoodie,style/quality
text_on_hotpants,style/quality
text_on_jacket,style/quality
text_on_jersey,style/quality
text_on_jewelry,style/quality
text_on_jockstrap,style/quality
text_on_legwear,style/quality
text_on_mug,style/quality
text_on_necktie,style/quality
text_on_panties,style/quality
text_on_pants,style/quality
text_on_pasties,style/quality
text_on_pillow,style/quality
text_on_shirt,style/quality
text_on_shoes,style/quality
text_on_shorts,style/quality
text_on_sign,style/quality
text_on_socks,style/quality
text_on_sports_bra,style/quality
text_on_sweater,style/quality
text_on_swimwear,style/quality
text_on_t_shirt,style/quality
text_on_tank_top,style/quality
text_on_topwear,style/quality
text_on_underwear,style/quality
text_on_vest,style/quality
text_on_wall,style/quality
text_only_page,style/quality
text_print,style/quality
text_tattoo,style/quality
text_with_emanata,style/quality
text_with_heart,style/quality
text_with_iconography,style/quality
text_with_star,style/quality
textured_background,scene/background
textured_dildo,sex/gear
tezuka_osamu_(style),style/medium
tf_into_fictional_character,person/count
thai_clothes,clothing/other
thai_flag,object/tool
thai_school_uniform,clothing/whole
thanatos_eros_(cosplay),style/medium
thank_you_chainsaw_man_(meme),person/count
tharja_(cosplay),style/medium
tharja_(fire_emblem)_(cosplay),style/medium
the_bed,object/other
the_cake_is_a_lie_(meme),object/food
the_children_(zettai_karen_children),person/count
the_dress_(meme),clothing/whole
the_gate_(fma),scene/outdoor
the_hanged_man_(tarot),person/count
the_loud_house_(style),style/medium
the_moon_(tarot),scene/sky
the_pose,expression/pose
the_prince_(disney)_(cosplay),style/medium
the_rock's_eyebrow_raise_(meme),scene/nature
the_sun_(tarot),scene/sky
the_sword_sharpened_with_tears_(e.g.o),expression/face
the_vivid_old_tale_(project_sekai),style/color
the_wild_strawberry_(idolmaster),object/food
theater,scene/indoor
theater_seating,scene/indoor
theatre_mask,clothing/head
themis_legal_academy_school_uniform,clothing/whole
theresa_apocalypse_(cosplay),style/medium
thermal_weapon_sight,object/weapon
thermite_grenade,object/weapon
thermometer_in_mouth,person/body
these_aren't_my_glasses,clothing/accessory
they_had_lots_of_sex_afterwards_(meme),sex/act
thick_arm_hair,person/hair
thick_arms,person/body
thick_ass_hair,person/hair
thick_back_hair,person/hair
thick_chest_hair,person/hair
thick_clitoral_hood,clothing/head
thick_collar,clothing/accessory
thick_eyebrows,person/eyes
thick_eyelashes,person/eyes
thick_feet,person/body
thick_fingers,person/body
thick_leg,person/body
thick_leg_hair,person/hair
thick_lineart,style/medium
thick_lips,person/body
thick_navel_hair,person/hair
thick_neck,person/body
thick_penis,sex/body
thick_pussy,sex/body
thick_sheath,object/weapon
thick_testicle_hair,person/hair
thick_thighs,person/body
thick_tongue,person/body
thief_outfit,clothing/whole
thigh_armor,clothing/accessory
thigh_bands,person/body
thigh_beads,person/body
thigh_belt,clothing/accessory
thigh_blush,expression/face
thigh_boots,clothing/footwear
thigh_bow,clothing/head
thigh_corset,person/body
thigh_crush,person/body
thigh_cuffs,person/body
thigh_cutout,person/body
thigh_cutting,person/body
thigh_expansion,person/body
thigh_focus,camera/framing
thigh_freckles,person/body
thigh_gap,person/body
thigh_grab,person/body
thigh_high_marking,person/body
thigh_high_stockings,clothing/legwear
thigh_highs,person/body
thigh_highs_only,person/body
thigh_holster,person/body
thigh_jiggle,person/body
thigh_lick,person/body
thigh_lines,person/body
thigh_locked_oral,sex/act
thigh_marking,person/body
thigh_markings,person/body
thigh_peek,person/body
thigh_pouch,clothing/accessory
thigh_ribbon,clothing/head
thigh_ring,clothing/accessory
thigh_scar,person/body
thigh_scrunchie,person/body
thigh_sex,sex/act
thigh_sheath,person/body
thigh_socks,clothing/legwear
thigh_socks_only,clothing/legwear
thigh_squeeze,person/body
thigh_squish,person/body
thigh_stockings,clothing/legwear
thigh_straddling,person/body
thigh_strap,person/body
thigh_tattoo,person/body
thigh_tuft,person/body
thigh_up,person/body
thigh_window,person/body
thigh_worship,person/body
thighband_pantyhose,clothing/legwear
thighhighs,clothing/legwear
thighhighs_over_pantyhose,clothing/legwear
thighhighs_pull,clothing/legwear
thighhighs_under_boots,clothing/legwear
thighhighs_under_pantyhose,clothing/legwear
thighs,person/body
thighs_crossed,person/body
thighs_focus,camera/framing
thighs_spread,person/body
thighs_up,person/body
thight_clothing,clothing/other
thin_arms,person/body
thin_eyebrows,person/eyes
thin_legs,person/body
thin_neck,person/body
thin_penis,sex/body
thin_thighs,person/body
thinking_about_breasts,person/body
thinking_about_penis,sex/body
thinking_pose,expression/pose
third_eye,person/eyes
third_eye_closed,person/eyes
third_eye_on_chest,person/eyes
third_person_dialogue,person/count
thompson_gun,object/weapon
thompson_submachine_gun,object/weapon
thong_bikini,clothing/whole
thong_leotard,clothing/whole
thong_one_piece_swimsuit,clothing/whole
thong_under_pantyhose,clothing/legwear
thor_(marvel)_(cosplay),style/medium
thorn_ring,clothing/accessory
thorn_ring_(deltarune),clothing/accessory
thors_military_academy_branch_campus_uniform,clothing/whole
thors_military_academy_class_vii_uniform,clothing/whole
thors_military_academy_school_uniform,clothing/whole
thought_bubble,style/quality
thoughtful_expression,expression/face
thousand_yard_stare,scene/outdoor
threaded_by_dildo,sex/gear
threaded_by_penis,sex/body
threaded_by_sex_toy,sex/act
threaded_by_tentacle,sex/gear
threaded_by_tongue,person/body
threatening_with_weapon,object/weapon
three_finger_handjob,sex/act
three_finger_salute,expression/action
three_frame_image,object/other
three_frame_sequence,object/other
three_piece_suit,clothing/whole
three_quarter_view,camera/angle
three_toned_background,scene/background
throat_microphone,object/tool
throbbing_anus,sex/body
throbbing_balls,object/toy
throbbing_penis,sex/body
throbbing_pussy,sex/body
throbbing_vulva,sex/body
throne_room,scene/indoor
through_bars,scene/indoor
through_chair,object/other
through_clothes,clothing/other
through_clothing,clothing/other
through_door,scene/outdoor
through_mirror,object/tool
through_painting,style/medium
through_screen,object/tool
through_wall,scene/outdoor
throw_pillow,object/other
throwing_character,person/count
throwing_clothing,clothing/other
throwing_confetti,object/toy
throwing_food,object/food
throwing_hat,clothing/head
throwing_knife,object/weapon
throwing_money,object/tool
throwing_person,person/count
throwing_petals,scene/nature
throwing_poke_ball,object/toy
throwing_rock,scene/nature
thrown_food,object/food
thumb_(identity)_(project_moon),scene/sky
thumb_in_ass,person/body
thumb_in_mouth,person/body
thumb_ring,clothing/accessory
thumb_to_mouth,person/body
thumbprint_cookie,object/food
thumbs_down_heart_hands,expression/action
thumbs_up,expression/action
thumbs_up_emoji,expression/action
thunder,scene/sky
thunder_badge,scene/sky
thunder_stone,scene/nature
thylacine_penis,sex/body
tiara,clothing/head
tiara_only,clothing/head
tiara_removed,clothing/head
tibetan_clothes,clothing/other
tic_tac_toe,person/body
ticket,object/tool
ticket_machine,object/tool
tickling_armpits,person/body
tickling_arms,person/body
tickling_ass,person/body
tickling_back,person/body
tickling_balls,object/toy
tickling_belly,person/body
tickling_breasts,person/body
tickling_ears,person/body
tickling_face,person/body
tickling_feet,person/body
tickling_legs,person/body
tickling_navel,person/body
tickling_neck,person/body
tickling_nose,person/body
tickling_penis,sex/body
tickling_pussy,sex/body
tickling_stomach,person/body
tickling_thighs,person/body
tickling_toes,person/body
tickling_vulva,sex/body
tidal_wave,expression/action
tied_arms,person/body
tied_balls,object/toy
tied_bikini,clothing/whole
tied_breast,person/body
tied_clothing,clothing/other
tied_condom,sex/gear
tied_dress,clothing/whole
tied_ears,person/body
tied_hair,person/hair
tied_hoodie_strings,clothing/top
tied_jacket,clothing/top
tied_jumpsuit,clothing/whole
tied_mouth,person/body
tied_penis,sex/body
tied_shirt,clothing/top
tied_skirt,clothing/bottom
tied_sweater,clothing/top
tied_tank_top,clothing/top
tied_to_bed,object/other
tied_to_butt,person/body
tied_to_chair,object/other
tied_to_dildo,sex/gear
tied_to_foot,person/body
tied_to_penis,sex/body
tied_to_tree,scene/nature
tiered_skirt,clothing/bottom
tifa_lockhart_(cosplay),style/medium
tiger_boy,person/count
tiger_costume,clothing/whole
tiger_ear_hairband,clothing/head
tiger_ears,person/body
tiger_girl,person/count
tiger_hair_ornament,clothing/head
tiger_hat,clothing/head
tiger_hood,clothing/head
tiger_mask_(object),clothing/head
tiger_print_bikini,clothing/whole
tiger_skin,person/body
tiger_striped_clothes,clothing/other
tiger_tattoo,person/body
tight_anus,sex/body
tight_balls,object/toy
tight_belly,person/body
tight_bikini,clothing/whole
tight_bra,clothing/top
tight_butt,person/body
tight_clothes,clothing/other
tight_clothing,clothing/other
tight_dress,clothing/whole
tight_hug,expression/action
tight_jeans,clothing/bottom
tight_legwear,clothing/legwear
tight_pants,clothing/bottom
tight_pussy,sex/body
tight_shirt,clothing/top
tight_shorts,clothing/bottom
tight_skirt,clothing/bottom
tight_space,scene/sky
tight_suit,clothing/whole
tight_sweater,clothing/top
tight_swimsuit,clothing/whole
tight_t_shirt,clothing/top
tight_tank_top,clothing/top
tight_thigh_highs,person/body
tights_day,scene/sky
tigrex_(armor),clothing/accessory
tiki_(young)_(fire_emblem)_(cosplay),style/medium
tiki_bar,scene/indoor
tiktok_logo,style/quality
tilde_after_text,style/quality
tile_background,scene/background
tile_wall,scene/outdoor
tiled_background,scene/background
tilted_border,camera/framing
tilted_hat,clothing/head
tilted_head,expression/pose
tilted_headwear,clothing/head
time_breaker_mask,clothing/head
time_card,object/tool
time_patrol_(dragon_ball),object/toy
time_signature,style/quality
timer_ball,object/toy
tingtang_gang_(identity)_(project_moon),scene/sky
tinker_bell_(disney)_(cosplay),style/medium
tinted_glasses,clothing/accessory
tiny_head,person/body
tiny_stars,scene/sky
tipped_ears,person/body
tipping_hat,clothing/head
tired_expression,expression/face
tired_eyes,person/eyes
tirol_chocolate,object/food
tissue_box,object/tool
tissue_in_nose,person/body
titan_shifter_scars,person/body
titfuck_fellatio,sex/act
titfuck_over_clothes,clothing/other
titfuck_under_clothes,clothing/other
title_card,object/tool
title_screen,object/tool
toad_(mario)_(cosplay),style/medium
toad_armor_(amphibia),clothing/accessory
toast,object/food
toast_in_mouth,person/body
toaster_(arms),person/body
tobacco_pipe,object/tool
toe_bondage,sex/gear
toe_claws,person/body
toe_cleavage,person/body
toe_grab,person/body
toe_in_mouth,person/body
toe_jam,person/body
toe_lick,person/body
toe_markings,person/body
toe_outline,person/body
toe_pads,person/body
toe_play,person/body
toe_restraints,person/body
toe_ring,clothing/accessory
toe_scrunch,person/body
toe_seam,person/body
toe_socks,clothing/legwear
toe_suck,person/body
toe_sucking,person/body
toe_talons,person/body
toe_tuft,person/body
toe_wiggle,person/body
toeless_boots,clothing/footwear
toeless_heels,clothing/footwear
toeless_legwear,clothing/legwear
toeless_shoes,clothing/footwear
toeless_socks_(marking),clothing/legwear
toeless_stockings,clothing/legwear
toeless_thigh_highs,person/body
toes,person/body
toes_on_balls,person/body
toes_pointed_inward,person/body
toes_tied,person/body
toes_up,person/body
tofu_(food),object/food
togashi_yoshihiro_(style),style/medium
togepi_egg,object/food
tohmi_higashi_high_school_uniform,clothing/whole
tohno_tengu_shinobi_group_uniform,clothing/whole
tohru_(maidragon)_(cosplay),style/medium
tohsaka_rin_(cosplay),style/medium
tohsaka_tokiomi_(cosplay),style/medium
toilet,scene/indoor
toilet_bowl,scene/indoor
toilet_brush,scene/indoor
toilet_lid,scene/indoor
toilet_paper,scene/indoor
toilet_paper_dispenser,scene/indoor
toilet_paper_tube,scene/indoor
toilet_pov,camera/angle
toilet_seat,scene/indoor
toilet_sharing,scene/indoor
toilet_slave,scene/indoor
toilet_stall,scene/indoor
toilet_symbol,scene/indoor
toilet_use,scene/indoor
tojo_nozomi_(cosplay),style/medium
tokai_teio_(umamusume)_(cosplay),style/medium
token_(girls'_frontline),person/count
toki_(blue_archive)_(cosplay),style/medium
tokiame_(style),style/medium
tokijin_(sword),object/weapon
tokin_hat,clothing/head
tokisadame_school_uniform,clothing/whole
tokitsukaze_(kancolle)_(cosplay),style/medium
tokiwadai_school_gym_uniform,clothing/whole
tokiwadai_school_swimsuit,clothing/whole
tokiwadai_school_uniform,clothing/whole
tokoyami_towa_(cosplay),style/medium
tokyo_(city),scene/outdoor
tokyo_3_middle_school_uniform,clothing/whole
tokyo_city_hall,scene/outdoor
tokyo_rainbow_bridge,scene/outdoor
tom_drum,object/tool
tomato_(sword),object/weapon
tomato_cage,object/tool
tomato_costume,clothing/whole
tomato_hair_ornament,clothing/head
tomato_juice,object/food
tomato_plant,scene/nature
tombo_(majo_no_takkyuubin)_(cosplay),style/medium
tomoe_mami_(cosplay),style/medium
tomoeda_elementary_cheerleader_uniform,clothing/whole
tomoeda_elementary_school_uniform,clothing/whole
tomoeda_high_school_uniform,clothing/whole
tomoeda_middle_school_uniform,clothing/whole
tomoya_(garden_~takamine_ke_no_nirinka~),scene/outdoor
tone_(kancolle)_(cosplay),style/medium
toned_belly,person/body
toned_butt,person/body
toned_female,person/count
toned_legs,person/body
toned_male,person/count
toned_muscles,person/body
toned_stomach,person/body
toned_thighs,person/body
tongue,person/body
tongue_around_body,person/body
tongue_around_breast,person/body
tongue_around_neck,person/body
tongue_around_penis,sex/body
tongue_bath,person/body
tongue_between_breasts,person/body
tongue_between_fingers,person/body
tongue_between_toes,person/body
tongue_bite,person/body
tongue_bondage,sex/gear
tongue_clamp,person/body
tongue_cleaning,person/body
tongue_coil,person/body
tongue_down_throat,person/body
tongue_drip,person/body
tongue_expansion,person/body
tongue_fetish,person/body
tongue_flick,person/body
tongue_fucking,person/body
tongue_grab,person/body
tongue_hanging_out,person/body
tongue_heart,person/body
tongue_hold,person/body
tongue_in_ear,person/body
tongue_in_foreskin,person/body
tongue_in_mouth,person/body
tongue_in_pussy,sex/body
tongue_in_sheath,person/body
tongue_in_slit,person/body
tongue_in_throat,person/body
tongue_insertion,sex/act
tongue_line,person/body
tongue_mouth,person/body
tongue_on_balls,person/body
tongue_on_breast,person/body
tongue_on_face,person/body
tongue_on_foot,person/body
tongue_on_glass,person/body
tongue_on_penis,sex/body
tongue_out,person/body
tongue_out_fellatio,sex/act
tongue_out_piercing,person/body
tongue_penetration,sex/act
tongue_piercing,person/body
tongue_play,person/body
tongue_pull,person/body
tongue_riding,person/body
tongue_ring,clothing/accessory
tongue_scarf,clothing/accessory
tongue_sheath,person/body
tongue_showing,person/body
tongue_stuck,person/body
tongue_stud,person/body
tongue_suck,person/body
tongue_swirl,person/body
tongue_taco,person/body
tongue_tattoo,person/body
tongue_twister,person/body
tongue_under_foreskin,person/body
tongue_wrap,person/body
tongue_wrapped_around_penis,sex/body
tongues_touching,person/body
too_many_arms,person/body
too_many_balloons,object/toy
too_many_belts,clothing/accessory
too_many_books,object/tool
too_many_bows,clothing/head
too_many_cigarettes,object/tool
too_many_condoms,sex/gear
too_many_dolls,object/toy
too_many_eyes,person/eyes
too_many_fish,object/food
too_many_flowers,scene/nature
too_many_hair_ornaments,clothing/head
too_many_hands,person/body
too_many_in_mouth,person/body
too_many_papers,object/tool
too_many_ribbons,clothing/head
too_many_scars,person/body
too_many_sex_toys,sex/act
too_many_umbrellas,object/tool
too_many_watermarks,style/quality
too_many_weapons,object/weapon
too_much_burger,object/food
too_much_food,object/food
tool_belt,clothing/accessory
tool_kit,object/tool
tools,object/tool
toon_(style),style/medium
toony_expression,expression/face
toony_eyes,person/eyes
tooth_earrings,clothing/accessory
tooth_hair_ornament,clothing/head
tooth_necklace,clothing/accessory
tooth_ring,clothing/accessory
toothbrush_in_mouth,person/body
toothless_mouth,person/body
toothy_fellatio,sex/act
toothy_grin,expression/face
toothy_smile,expression/face
tootsuki_saryou_ryouri_gakuen_uniform,clothing/whole
top_hat,clothing/head
top_hat_only,clothing/head
top_in_heels,clothing/footwear
top_pov,camera/angle
topknot,person/hair
topless_female,person/count
topless_frame,object/other
topless_human,person/count
topless_humanoid,person/count
topless_male,person/count
topless_to_nude,sex/act
topwear_in_mouth,person/body
toramaru_shou_(cosplay),style/medium
torayamachi_academy_school_uniform,clothing/whole
torch,object/tool
torch_light,object/tool
torigoe_gakuen_school_uniform,clothing/whole
torii_earrings,clothing/accessory
torii_hair_ornament,clothing/head
toriyama_akira_(style),style/medium
torn_apron,clothing/whole
torn_arm,person/body
torn_bag,clothing/accessory
torn_bandages,clothing/accessory
torn_belt,clothing/accessory
torn_bike_shorts,clothing/bottom
torn_bikini,clothing/whole
torn_blindfold,clothing/head
torn_bodysuit,clothing/whole
torn_boots,clothing/footwear
torn_bow,clothing/head
torn_bowtie,clothing/accessory
torn_bra,clothing/top
torn_camisole,clothing/top
torn_cape,clothing/top
torn_choker,clothing/accessory
torn_cloak,clothing/top
torn_clothes,clothing/other
torn_clothing,clothing/other
torn_coat,clothing/top
torn_crop_top,clothing/top
torn_curtains,object/other
torn_dress,clothing/whole
torn_ear,person/body
torn_face,person/body
torn_fishnet_clothing,clothing/other
torn_flag,object/tool
torn_footwear,clothing/footwear
torn_gloves,clothing/accessory
torn_hair_ribbon,clothing/head
torn_hat,clothing/head
torn_headband,clothing/head
torn_headwear,clothing/head
torn_hood,clothing/head
torn_hoodie,clothing/top
torn_jacket,clothing/top
torn_jeans,clothing/bottom
torn_jumpsuit,clothing/whole
torn_kimono,clothing/whole
torn_leggings,clothing/bottom
torn_leotard,clothing/whole
torn_mask,clothing/head
torn_neckerchief,clothing/accessory
torn_necktie,clothing/accessory
torn_overalls,clothing/whole
torn_pants,clothing/bottom
torn_pantyhose,clothing/legwear
torn_paper,object/tool
torn_ribbon,clothing/head
torn_robe,clothing/whole
torn_scarf,clothing/accessory
torn_shirt,clothing/top
torn_shoes,clothing/footwear
torn_shorts,clothing/bottom
torn_skin,person/body
torn_skirt,clothing/bottom
torn_socks,clothing/legwear
torn_sports_bra,clothing/top
torn_stockings,clothing/legwear
torn_suit,clothing/whole
torn_sweater,clothing/top
torn_sweater_vest,clothing/top
torn_swimsuit,clothing/whole
torn_t_shirt,clothing/top
torn_tank_top,clothing/top
torn_thigh_highs,person/body
torn_thighhighs,clothing/legwear
torn_umbrella,object/tool
torn_veil,clothing/head
torn_vest,clothing/top
torso,person/body
torso_flash,person/body
torso_gills,person/body
torso_grab,person/body
torso_length_tattoo,person/body
torso_markings,person/body
torso_only,person/body
torso_shot,camera/shot
torso_tied,person/body
tote_bag,clothing/accessory
totoro_(cosplay),style/medium
touching_abs,person/body
touching_another's_back,person/body
touching_another's_chastity_cage,object/tool
touching_another's_chin,person/body
touching_another's_crotch,sex/body
touching_anus,sex/body
touching_arm,person/body
touching_back,person/body
touching_balls,object/toy
touching_belly,person/body
touching_breast,person/body
touching_breasts,person/body
touching_butt,person/body
touching_chest,person/body
touching_chin,person/body
touching_crotch,sex/body
touching_ear,person/body
touching_face,person/body
touching_foot,person/body
touching_forehead,person/body
touching_hair,person/hair
touching_hand,person/body
touching_head,person/body
touching_hip,person/body
touching_knee,person/body
touching_leg,person/body
touching_legs,person/body
touching_neck,person/body
touching_noses,person/body
touching_own_breast,person/body
touching_own_face,person/body
touching_own_hip,person/body
touching_own_leg,person/body
touching_own_legs,person/body
touching_own_penis,sex/body
touching_own_thigh,person/body
touching_penis,sex/body
touching_pussy,sex/body
touching_shoulder,person/body
touching_stomach,person/body
touching_thigh,person/body
touching_thighs,person/body
touching_toes,person/body
touching_tongue,person/body
touhou_costume_examination_(meme),clothing/whole
towel_around_breasts,person/body
towel_around_neck,person/body
towel_around_waist,person/body
towel_on_arm,person/body
towel_on_head,person/body
towel_on_legs,person/body
towel_on_one_shoulder,person/body
towel_on_penis,sex/body
towel_on_shoulder,person/body
towel_over_breasts,person/body
tower_of_the_sun,scene/sky
tower_shield,object/weapon
town,scene/outdoor
town_square,scene/outdoor
toxic_chain,object/tool
toy,object/toy
toy_airplane,object/toy
toy_block,object/toy
toy_boat,object/toy
toy_bonnie_(disembowell),object/toy
toy_box,object/tool
toy_car,object/toy
toy_chica_(disembowell),object/toy
toy_dinosaur,object/toy
toy_gun,object/weapon
toy_hammer,object/tool
toy_horse,object/toy
toy_humping,object/toy
toy_in_ass,person/body
toy_mouse,object/tool
toy_packaging,object/toy
toy_robot,object/toy
toy_selection,object/toy
toy_soldier,object/toy
toy_sword,object/weapon
toy_tank,object/toy
toy_train,object/toy
toy_transformation,object/toy
toyogasaki_academy_school_uniform,clothing/whole
toyosatomimi_no_miko_(cosplay),style/medium
toyota_crown,clothing/head
tracen_ondo_outfit_(umamusume),clothing/whole
tracen_school_uniform,clothing/whole
tracen_swimsuit,clothing/whole
tracen_training_uniform,clothing/whole
tracen_winter_coat,clothing/top
tracer_(overwatch)_(cosplay),style/medium
track_and_field,scene/outdoor
track_jacket,clothing/top
track_pants,clothing/bottom
track_suit,clothing/whole
track_uniform,clothing/whole
trading_card,object/tool
trading_card_game,object/tool
trading_card_template,object/tool
traditional_bowtie,clothing/accessory
traditional_chinese_text,style/quality
traditional_dress,clothing/whole
traffic_cone_on_head,person/body
traffic_mirror,object/tool
traffic_sign,object/tool
trailblazer's_hat_(honkai:_star_rail),clothing/head
trailing_rainbow,scene/sky
train_(clothing),clothing/other
train_station,scene/outdoor
train_station_platform,scene/outdoor
training_bra,clothing/top
training_outfit_(fire_emblem_engage),clothing/whole
training_pants,clothing/bottom
training_room,scene/indoor
trans_woman,person/count
transformation_brooch_(sailor_moon),clothing/accessory
transformation_pen,object/tool
transformation_pov,camera/angle
transformation_ring,clothing/accessory
transformation_through_food,object/food
transformation_through_masturbation,sex/act
transformation_through_milk,object/food
transformation_through_sex,sex/act
transformative_clothing,clothing/other
transformative_collar,clothing/accessory
transformative_mask,clothing/head
transformative_necklace,clothing/accessory
transformed_clothing,clothing/other
transforming_clothes,clothing/other
transforming_weapon,object/weapon
transgender_flag,object/tool
transgender_flag_print,object/tool
translucent_balls,object/toy
translucent_belly,person/body
translucent_bikini,clothing/whole
translucent_bodysuit,clothing/whole
translucent_bra,clothing/top
translucent_breasts,person/body
translucent_censor_bar,scene/indoor
translucent_chastity_cage,object/tool
translucent_clothing,clothing/other
translucent_crop_top,clothing/top
translucent_cum,sex/act
translucent_curtains,object/other
translucent_dress,clothing/whole
translucent_footwear,clothing/footwear
translucent_hair,person/hair
translucent_hand,person/body
translucent_latex,clothing/other
translucent_legwear,clothing/legwear
translucent_leotard,clothing/whole
translucent_nightgown,clothing/whole
translucent_pants,clothing/bottom
translucent_penetration,sex/act
translucent_penis,sex/body
translucent_robe,clothing/whole
translucent_shirt,clothing/top
translucent_skin,person/body
translucent_skirt,clothing/bottom
translucent_socks,clothing/legwear
translucent_speech_bubble,style/quality
translucent_stockings,clothing/legwear
translucent_tank_top,clothing/top
translucent_tentacles,sex/gear
translucent_text,style/quality
translucent_thigh_highs,person/body
translucent_thought_bubble,style/quality
translucent_tongue,person/body
translucent_water,scene/nature
transparent_anal_beads,sex/body
transparent_background,scene/background
transparent_bag,clothing/accessory
transparent_ball,object/toy
transparent_belly,person/body
transparent_bikini,clothing/whole
transparent_border,camera/framing
transparent_bow,clothing/head
transparent_breasts_pads,person/body
transparent_buttplug,sex/gear
transparent_curtains,object/other
transparent_dildo,sex/gear
transparent_fan,object/tool
transparent_flower,scene/nature
transparent_footwear,clothing/footwear
transparent_gloves,clothing/accessory
transparent_hand,person/body
transparent_headwear,clothing/head
transparent_leotard,clothing/whole
transparent_ribbon,clothing/head
transparent_sex_toy,sex/act
transparent_skirt,clothing/bottom
transparent_sword,object/weapon
transparent_umbrella,object/tool
transparent_weapon,object/weapon
transverse_flute,object/tool
trap_door,scene/outdoor
trap_on_female,person/count
trapeze_dress,clothing/whole
trapped_in_butt,person/body
trapped_in_clothing,clothing/other
trapped_in_condom,sex/gear
trapped_in_footwear,clothing/footwear
trapped_in_net,object/tool
trapper_hat,clothing/head
trash_bag,clothing/accessory
trash_can,object/food
traveler's_original_sword_(genshin_impact),object/weapon
treasure_chest,person/body
treasure_map,object/tool
tree,scene/nature
tree_bark,scene/nature
tree_bondage,sex/gear
tree_costume,clothing/whole
tree_hollow,scene/nature
tree_horns,scene/nature
tree_house,scene/nature
tree_print,scene/nature
tree_shade,scene/nature
tree_stump,scene/nature
tree_topper,scene/nature
tree_trunk,scene/nature
trembling_legs,person/body
trench_coat,clothing/top
trench_knife,object/weapon
trenchcoat,clothing/top
trenchcoat_only,clothing/top
tres_bien_maid_uniform,clothing/whole
tress_ribbon,clothing/head
tri_braids,person/hair
triangle_anus,sex/body
triangle_background,scene/background
triangle_bikini,clothing/whole
triangle_bikini_top,clothing/whole
triangle_bra,clothing/top
triangle_earrings,clothing/accessory
triangle_hair_ornament,clothing/head
triangle_hands,person/body
triangle_mouth,person/body
triangle_necklace,clothing/accessory
triangle_nose,person/body
triangle_ring,clothing/accessory
triangle_shaped_hair,person/hair
triangle_shaped_pupils,person/eyes
triangular_anus,sex/body
triangular_ears,person/body
triangular_tiling_background,scene/background
tribadism_on_penis,sex/body
tribadism_through_clothes,clothing/other
tribadism_through_clothing,clothing/other
tribal_armor,clothing/accessory
tribal_clothes,clothing/other
tribal_clothing,clothing/other
tribal_jewelry,clothing/accessory
tribal_necklace,clothing/accessory
tribal_outfit,clothing/whole
tribal_tattoo,person/body
trickstar_(ensemble_stars!),scene/sky
triforce_clothing,clothing/other
triforce_tattoo,person/body
trilby_(hat),clothing/head
trim_brush,object/tool
trinity_general_school_logo,style/quality
trinity_general_school_swimsuit,clothing/whole
trio_focus,camera/framing
triple_action_thunder,scene/sky
triple_ahoge,person/hair
triple_anal,sex/body
triple_baka_(group),person/count
triple_bun,person/hair
triple_collaborative_fellatio,sex/act
triple_oral,sex/act
triple_penetration,sex/act
triple_tiara_(umamusume),clothing/head
tripping_balls,object/toy
triumph_(expression),expression/face
troll_face,person/body
trophy_head,person/body
tropical_drink,object/food
tropical_fish,object/food
truck_bed,object/other
trucker_hat,clothing/head
trumpet_boy_(meme),person/count
trunk_sex,sex/act
trying_not_to_laugh,expression/face
trying_on_clothes,clothing/other
tsab_air_military_uniform,clothing/whole
tsab_executive_military_uniform,clothing/whole
tsab_ground_military_uniform,clothing/whole
tsab_naval_military_uniform,clothing/whole
tsubakigaoka_metropolitan_high_school_uniform,clothing/whole
tsubakisakuhana_school_uniform,clothing/whole
tsubame_nishi_high_school_uniform,clothing/whole
tsuganoki_second_junior_high_school_uniform,clothing/whole
tsukimi_burger,object/food
tsukinaga_academy_school_uniform,clothing/whole
tsukinomori_school_uniform,clothing/whole
tsukishima_general_high_school_uniform,clothing/whole
tsukumihara_academy_uniform_(fate/extra),clothing/whole
tsukumihara_academy_uniform_(fate/extra_ccc),clothing/whole
tsukumizu_yuu_(style),style/medium
tsumami_kanzashi,clothing/head
tsunagi_first_middle_school_uniform,clothing/whole
tsuruga_school_uniform,clothing/whole
tsuwabuki_high_school_uniform,clothing/whole
tube_chastity_cage,object/tool
tube_dress,clothing/whole
tube_in_ass,person/body
tube_in_mouth,person/body
tube_socks,clothing/legwear
tube_top,clothing/top
tube_top_lift,clothing/top
tube_top_pull,clothing/top
tucked_arm,person/body
tucked_arms,person/body
tucked_leg,person/body
tucked_legs,person/body
tucked_money,object/tool
tucked_penis,sex/body
tucked_shirt,clothing/top
tucking_hair,person/hair
tufted_ears,person/body
tugging_clothing,clothing/other
tulip_(flower),scene/nature
tulip_hat,clothing/head
tumbler_glass,object/food
tumblr_logo,style/quality
tune_squad_outfit,clothing/whole
tune_squad_outfit_(1996),clothing/whole
tune_squad_outfit_(2021),clothing/whole
tunic,clothing/top
tuning_fork,object/food
tunnel_plug,sex/gear
turkey_(food),object/food
turkey_leg,person/body
turkey_meat,object/food
turkish_flag,object/tool
turkish_lamp,object/tool
turkish_text,style/quality
turn_cuff_socks,clothing/legwear
turning_back,person/body
turning_head,person/body
turquoise_background,scene/background
turquoise_eyes,person/eyes
turquoise_hair,person/hair
turret_head,person/body
turtle_boy,person/count
turtle_penis,sex/body
turtleneck_bikini_top,clothing/whole
turtleneck_bodysuit,clothing/whole
turtleneck_coat,clothing/top
turtleneck_crop_top,clothing/top
turtleneck_dress,clothing/whole
turtleneck_jacket,clothing/top
turtleneck_leotard,clothing/whole
turtleneck_one_piece_swimsuit,clothing/whole
turtleneck_shirt,clothing/top
turtleneck_sweater,clothing/top
turtleneck_swimsuit,clothing/whole
tusk_jewelry,clothing/accessory
tusk_ring,clothing/accessory
tuxedo,clothing/whole
tuxedo_jacket,clothing/whole
tuxedo_kamen_(cosplay),style/medium
tuxedo_shirt,clothing/whole
tv_camera,object/tool
tv_lighting,object/tool
tv_remote,object/tool
tv_show,object/tool
twiddling_fingers,person/body
twilight,scene/sky
twilight_(e.g.o),scene/sky
twilight_(spy_x_family)_(cosplay),style/medium
twin_blades,object/weapon
twin_blades_of_levianta,object/weapon
twin_bows,clothing/head
twin_braids,person/hair
twin_buns,person/hair
twin_bush_disguise,scene/nature
twin_clothing_bows,clothing/head
twin_ear_bows,clothing/head
twin_hair_bows,clothing/head
twin_towers_(new_york_city),scene/outdoor
twin_turbo_(umamusume)_(cosplay),style/medium
twinhook_pirates_(identity)_(project_moon),scene/sky
twinkle_eye,person/eyes
twins,person/count
twintails,person/hair
twintails_(hairstyle),person/hair
twintails_day,person/hair
twintails_with_braided_base,person/hair
twintails_with_hair_base,person/hair
twirling_gun,object/weapon
twirling_hair,person/hair
twirling_weapon,object/weapon
twisted_breasts,person/body
twisted_hair,person/hair
twisted_neck,person/body
twisted_sandwich_position,object/food
twisted_sex,sex/act
twisted_table_lotus,object/other
twisted_torso,person/body
twitch_logo,style/quality
twitching_anus,sex/body
twitching_penis,sex/body
twitching_pussy,sex/body
twitching_toes,person/body
twitter_hoodie,clothing/top
twitter_logo,style/quality
twitter_rabbit_ears_(meme),person/body
twitter_thumbnail_collage,style/medium
twitter_x_logo,style/quality
two_finger_handjob,sex/act
two_finger_salute,expression/action
two_frame_image,object/other
two_handed_face_fucking,person/body
two_handed_handjob,sex/act
two_handed_masturbation,sex/act
two_handed_sword,object/weapon
two_handed_weapon,object/weapon
two_nipples_one_mouth,person/body
two_piece_swimsuit,clothing/whole
two_sided_bow,clothing/head
two_sided_cape,clothing/top
two_sided_cloak,clothing/top
two_sided_coat,clothing/top
two_sided_dress,clothing/whole
two_sided_gloves,clothing/accessory
two_sided_headwear,clothing/head
two_sided_hood,clothing/head
two_sided_hoodie,clothing/top
two_sided_jacket,clothing/top
two_sided_ribbon,clothing/head
two_sided_robe,clothing/whole
two_sided_scarf,clothing/accessory
two_sided_shirt,clothing/top
two_sided_skirt,clothing/bottom
two_sided_veil,clothing/head
two_soyjaks_pointing_(meme),expression/action
two_tone_anus,sex/body
two_tone_apron,clothing/whole
two_tone_arm_warmers,person/body
two_tone_armor,clothing/accessory
two_tone_arms,person/body
two_tone_back,person/body
two_tone_background,scene/background
two_tone_bag,clothing/accessory
two_tone_balls,object/toy
two_tone_baseball_cap,clothing/head
two_tone_belly,person/body
two_tone_belt,clothing/accessory
two_tone_bikini,clothing/whole
two_tone_bodysuit,clothing/whole
two_tone_boots,clothing/footwear
two_tone_border,camera/framing
two_tone_bow,clothing/head
two_tone_bowtie,clothing/accessory
two_tone_bra,clothing/top
two_tone_breasts,person/body
two_tone_butt,person/body
two_tone_cape,clothing/top
two_tone_chest,person/body
two_tone_choker,clothing/accessory
two_tone_cloak,clothing/top
two_tone_clothing,clothing/other
two_tone_coat,clothing/top
two_tone_collar,clothing/accessory
two_tone_crop_top,clothing/top
two_tone_dildo,sex/gear
two_tone_dress,clothing/whole
two_tone_ears,person/body
two_tone_egg,object/food
two_tone_elbow_gloves,clothing/accessory
two_tone_eye_patch,person/eyes
two_tone_eyebrows,person/eyes
two_tone_eyes,person/eyes
two_tone_face,person/body
two_tone_facial_hair,person/hair
two_tone_feather_hair,person/hair
two_tone_feet,person/body
two_tone_fingerless_gloves,clothing/accessory
two_tone_fingers,person/body
two_tone_flower,scene/nature
two_tone_footwear,clothing/footwear
two_tone_gloves,clothing/accessory
two_tone_hair,person/hair
two_tone_hairband,clothing/head
two_tone_hands,person/body
two_tone_hanfu,clothing/whole
two_tone_hat,clothing/head
two_tone_head,person/body
two_tone_headband,clothing/head
two_tone_headwear,clothing/head
two_tone_heels,clothing/footwear
two_tone_helmet,clothing/head
two_tone_hood,clothing/head
two_tone_hoodie,clothing/top
two_tone_inner_ear,person/body
two_tone_inner_pussy,sex/body
two_tone_jacket,clothing/top
two_tone_jumpsuit,clothing/whole
two_tone_kimono,clothing/whole
two_tone_leg_warmers,person/body
two_tone_leggings,clothing/bottom
two_tone_legs,person/body
two_tone_legwear,clothing/legwear
two_tone_leotard,clothing/whole
two_tone_mask,clothing/head
two_tone_neck,person/body
two_tone_neckerchief,clothing/accessory
two_tone_necklace,clothing/accessory
two_tone_necktie,clothing/accessory
two_tone_nose,person/body
two_tone_one_piece_swimsuit,clothing/whole
two_tone_pajamas,clothing/whole
two_tone_pants,clothing/bottom
two_tone_pantyhose,clothing/legwear
two_tone_penis,sex/body
two_tone_pseudo_hair,person/hair
two_tone_pubic_hair,sex/body
two_tone_pupils,person/eyes
two_tone_pussy,sex/body
two_tone_ribbon,clothing/head
two_tone_robe,clothing/whole
two_tone_sandals,clothing/footwear
two_tone_sash,clothing/accessory
two_tone_scarf,clothing/accessory
two_tone_shirt,clothing/top
two_tone_shoes,clothing/footwear
two_tone_shorts,clothing/bottom
two_tone_skin,person/body
two_tone_skirt,clothing/bottom
two_tone_sneakers,clothing/footwear
two_tone_socks,clothing/legwear
two_tone_sports_bra,clothing/top
two_tone_stockings,clothing/legwear
two_tone_sweater,clothing/top
two_tone_sweater_vest,clothing/top
two_tone_swimming_trunks,expression/action
two_tone_swimsuit,clothing/whole
two_tone_t_shirt,clothing/top
two_tone_tank_top,clothing/top
two_tone_tentacles,sex/gear
two_tone_text,style/quality
two_tone_thigh_highs,person/body
two_tone_thigh_socks,clothing/legwear
two_tone_thighhighs,clothing/legwear
two_tone_toes,person/body
two_tone_tongue,person/body
two_tone_top_hat,clothing/head
two_tone_tube_top,clothing/top
two_tone_umbrella,object/tool
two_tone_veil,clothing/head
two_tone_vest,clothing/top
two_tone_vulva,sex/body
two_tone_wrist_cuffs,person/body
two_tone_wristband,clothing/accessory
tying_another's_hair,person/hair
tying_apron,clothing/whole
tying_bikini,clothing/whole
tying_footwear,clothing/footwear
tying_hair,person/hair
tying_headband,clothing/head
tying_necktie,clothing/accessory
tying_shoes,clothing/footwear
type_1_energy_sword,object/weapon
type_4_rifle,object/weapon
type_56_assault_rifle,object/weapon
type_80_machine_gun,object/weapon
type_96_aa_gun,object/weapon
type_99_cannon,object/weapon
type_99_light_machine_gun,object/weapon
type_moon_heroines,scene/sky
u.a._cheerleader_uniform,clothing/whole
u.a._gym_uniform,clothing/whole
u.a._school_uniform,clothing/whole
u_511_(kancolle)_(cosplay),style/medium
u_turn_penetration,sex/act
ubel_(sousou_no_frieren)_(cosplay),style/medium
uchiha_sasuke_(cosplay),style/medium
uchiwa_fan,object/tool
udder_balls,object/toy
udder_breasts,person/body
udder_lactation,sex/act
udder_milking,sex/act
ueda_hajime_(style),style/medium
ueda_masashi_(style),style/medium
uekawa_yuji_(style),style/medium
ufo_hair_ornament,clothing/head
ufo_skirt,clothing/bottom
ugg_boots,clothing/footwear
ugly_man,person/count
ugly_sweater,clothing/top
ujimatsu_chiya_(cosplay),style/medium
ukrainian_clothes,clothing/other
ukrainian_flag,object/tool
ukuru_(kancolle)_(cosplay),style/medium
ulala_(cosplay),style/medium
ultimate_madoka_(cosplay),style/medium
ultimate_weapon_(armored_core),object/weapon
ultra_ball,object/toy
ultra_ego_(dragon_ball),object/toy
ultra_guardians_uniform,clothing/whole
ultra_instinct_sign,object/tool
ultra_recon_squad_uniform,clothing/whole
ultra_sword,object/weapon
ultraman_(cosplay),style/medium
ultraman_suit,clothing/whole
ultraman_suit_(hero's_comics),clothing/whole
uma_stars_(umamusume),scene/sky
umakoshi_yoshihiko_(style),style/medium
umbrella,object/tool
umbrella_bow,clothing/head
umbrella_corporation_(logo),style/quality
umbrella_drink,object/food
umbrella_flower,scene/nature
umbrella_gun,object/weapon
umbrella_hair_ornament,clothing/head
umbrella_octopus,object/tool
umbrella_on_arm,person/body
umbrella_over_shoulder,person/body
umbrella_ribbon,clothing/head
umbrella_riding,object/tool
umbrella_stand,object/tool
umbrella_sword,object/weapon
umbrella_tassel,object/tool
umbreon_(cosplay),style/medium
umesato_middle_school_uniform,clothing/whole
umezu_kazuo_(style),style/medium
umikaze_(kancolle)_(cosplay),style/medium
un_uniform_(muv_luv),clothing/whole
unable_to_cum,sex/act
unadon_(food),object/food
unajuu_(food),object/food
unaligned_breasts,person/body
unaligned_ears,person/body
unbuttoned_dress,clothing/whole
unbuttoned_jacket,clothing/top
unbuttoned_pants,clothing/bottom
unbuttoned_shirt,clothing/top
unbuttoned_shorts,clothing/bottom
unbuttoned_skirt,clothing/bottom
uncanny_valley,scene/nature
uncensored,style/quality
uncensored_pussy,style/quality
unclasped_bra,clothing/top
uncomfortable_pose,expression/pose
unconscious_female,person/count
unconscious_male,person/count
unconventional_guitar,expression/action
unconventional_gun,object/weapon
unconventional_jack_o'_lantern,object/tool
unconventional_maid,clothing/whole
unconventional_vibrator,sex/gear
unconventional_weapon,object/weapon
unconvincing_armor,clothing/accessory
uncut_with_sheath,object/weapon
undead_(ensemble_stars!),scene/sky
under_another's_clothes,clothing/other
under_balls,object/toy
under_barrel_configuration,object/tool
under_bed,object/other
under_belly,person/body
under_blanket,object/other
under_bridge,scene/outdoor
under_covers_sex,sex/act
under_foot,person/body
under_shirt,clothing/top
under_shot,camera/shot
under_skirt,clothing/bottom
under_table,object/other
under_table_footjob,object/other
under_table_oral,sex/act
under_the_desk_(idolmaster),object/other
under_the_same_sky,scene/sky
under_the_table_(arknights),object/other
under_tree,scene/nature
under_umbrella,object/tool
underage_drinking,expression/action
underbarrel_assault_rifle,object/weapon
underbarrel_grenade_launcher,object/weapon
underbarrel_rifle,object/weapon
underboob,person/body
underboob_cutout,person/body
underboob_titfuck,person/body
undercut,person/hair
underflowing_text,style/quality
underlined_text,style/quality
underside_view,camera/angle
undersized_breast_cup,person/body
undersized_clothes,clothing/other
undersized_clothing,clothing/other
undersized_oral,sex/act
underwater,scene/nature
underwater_blowjob,sex/act
underwater_city,scene/outdoor
underwater_firearm,scene/nature
underwater_scenery,scene/nature
underwater_sex,sex/act
underwater_shot,camera/shot
underwater_tentacle_sex,sex/act
underwater_view,scene/nature
underwear_around_ankle,person/body
underwear_around_ankles,person/body
underwear_around_leg,person/body
underwear_around_legs,person/body
underwear_around_one_leg,person/body
underwear_in_mouth,person/body
underwear_on_face,person/body
underwear_on_head,person/body
underwear_reveal_pose_(han_0v0),expression/pose
underwear_sex,sex/act
underwear_writing,expression/action
undone_bikini,clothing/whole
undone_bowtie,clothing/accessory
undone_bra,clothing/top
undone_chin_strap,person/body
undone_neck_ribbon,clothing/head
undone_neckerchief,clothing/accessory
undone_necktie,clothing/accessory
undone_shirt,clothing/top
undressing,clothing/other
undressing_another,clothing/other
undressing_between_scenes,clothing/other
undressing_crabs,clothing/other
undressing_partner,clothing/other
undressing_self,clothing/other
undressing_spell,clothing/other
uneven_balls,object/toy
uneven_bangs,person/hair
uneven_eyes,person/eyes
uneven_footwear,clothing/footwear
uneven_gloves,clothing/accessory
uneven_legwear,clothing/legwear
uneven_twintails,person/hair
unhappy_sex,sex/act
unhinged_jaw,person/body
uni_(food),object/food
unicorn_(azur_lane)_(cosplay),style/medium
unicorn_boy,person/count
unicorn_girl,person/count
uniform_number,clothing/whole
uniform_series_(idolmaster),clothing/whole
uniform_vest,clothing/whole
uniformed_male,person/count
union_jack_bikini,clothing/whole
united_nations_flag,object/tool
universal_federation_army_uniform,clothing/whole
unlimited_blade_works_(fate),object/weapon
unlimited_blade_works_(reality_marble),object/weapon
unlit_cigarette_in_mouth,person/body
unlocked_chastity_cage,object/tool
unmoving_pattern,scene/background
uno_reverse_card,object/tool
unofficial_precure_costume,clothing/whole
unofficial_sailor_senshi_uniform,clothing/whole
unprotected_sex,sex/act
unryuu_(kancolle)_(cosplay),style/medium
unsheathing_weapon,object/weapon
unstoppable_orgasm,sex/act
unsupported_chastity_cage,object/tool
untied_bikini,clothing/whole
untied_bikini_bottom,clothing/whole
untied_bikini_top,clothing/whole
untied_bow_tie,clothing/head
untied_footwear,clothing/footwear
untied_necktie,clothing/accessory
untied_ribbon,clothing/head
untied_swimsuit,clothing/whole
untucked_shirt,clothing/top
untying_hair,person/hair
unused_condom,sex/gear
unusual_anus,sex/body
unusual_clothing,clothing/other
unusual_cum,sex/act
unusual_dildo,sex/gear
unusual_ears,person/body
unusual_eye_placement,person/eyes
unusual_eyes,person/eyes
unusual_hair,person/hair
unusual_heels,clothing/footwear
unusual_insertion,sex/act
unusual_lactation,sex/act
unusual_mouth,person/body
unusual_mouth_placement,person/body
unusual_navel,person/body
unusual_penetration,sex/act
unusual_penis,sex/body
unusual_penis_placement,sex/body
unusual_precum,sex/body
unusual_pupils,person/eyes
unusual_pussy,sex/body
unusual_pussy_juice,sex/body
unusual_pussy_placement,sex/body
unusual_sex_toy,sex/act
unusual_tears,expression/face
unusual_tongue,person/body
unusual_vulva,sex/body
unusual_vulva_placement,sex/body
unusually_open_eyes,person/eyes
unwanted_cum_inside,sex/act
unwanted_cum_on_body,sex/act
unwanted_ejaculation,sex/act
unwanted_orgasm,sex/act
unworn_apron,clothing/whole
unworn_armor,clothing/accessory
unworn_backpack,clothing/accessory
unworn_bag,clothing/accessory
unworn_belt,clothing/accessory
unworn_bikini,clothing/whole
unworn_bikini_bottom,clothing/whole
unworn_bikini_top,clothing/whole
unworn_blindfold,clothing/head
unworn_blouse,clothing/top
unworn_boots,clothing/footwear
unworn_bow,clothing/head
unworn_bowtie,clothing/accessory
unworn_bra,clothing/top
unworn_bracelet,clothing/accessory
unworn_butt_plug,sex/gear
unworn_cape,clothing/top
unworn_cardigan,clothing/top
unworn_chastity_cage,object/tool
unworn_cloak,clothing/top
unworn_clothes,clothing/other
unworn_coat,clothing/top
unworn_collar,clothing/accessory
unworn_crown,clothing/head
unworn_dress,clothing/whole
unworn_eyepatch,clothing/accessory
unworn_fake_animal_ears,person/body
unworn_gloves,clothing/accessory
unworn_goggles,clothing/accessory
unworn_hair_bow,clothing/head
unworn_hair_ornament,clothing/head
unworn_hairband,clothing/head
unworn_hat,clothing/head
unworn_headband,clothing/head
unworn_headphones,object/tool
unworn_headwear,clothing/head
unworn_helmet,clothing/head
unworn_hoodie,clothing/top
unworn_jacket,clothing/top
unworn_jewelry,clothing/accessory
unworn_kimono,clothing/whole
unworn_kneehighs,clothing/legwear
unworn_legwear,clothing/legwear
unworn_leotard,clothing/whole
unworn_male_underwear,person/count
unworn_mask,clothing/head
unworn_neckerchief,clothing/accessory
unworn_necklace,clothing/accessory
unworn_necktie,clothing/accessory
unworn_pants,clothing/bottom
unworn_pantyhose,clothing/legwear
unworn_ribbon,clothing/head
unworn_ring,clothing/accessory
unworn_sandals,clothing/footwear
unworn_scarf,clothing/accessory
unworn_shirt,clothing/top
unworn_shoes,clothing/footwear
unworn_shorts,clothing/bottom
unworn_skirt,clothing/bottom
unworn_slippers,clothing/footwear
unworn_socks,clothing/legwear
unworn_sweater,clothing/top
unworn_swim_cap,clothing/head
unworn_swimsuit,clothing/whole
unworn_thighhighs,clothing/legwear
unworn_veil,clothing/head
unworn_vest,clothing/top
unwrap_me_body_bow,clothing/head
unzipped_bodysuit,clothing/whole
unzipped_clothing,clothing/other
unzipped_jacket,clothing/top
unzipped_jumpsuit,clothing/whole
unzipped_pants,clothing/bottom
unzipped_shorts,clothing/bottom
unzipping_pants,clothing/bottom
upper_body,camera/shot
upper_teeth,person/body
upper_teeth_only,person/body
upright_ahoge,person/hair
upright_piano,object/tool
upset_stomach,person/body
upside_down_bikini_top,clothing/whole
upside_down_book,object/tool
upside_down_cunnilingus,sex/act
upside_down_face,person/body
upside_down_fellatio,sex/act
upside_down_penis,sex/body
upside_down_pussy,sex/body
upside_down_sex,sex/act
upside_down_text,style/quality
upside_down_vulva,sex/body
upskirt_photo,style/medium
upskirt_sex,sex/act
upswept_hair,person/hair
upturned_eyes,person/eyes
upward_angle,camera/angle
upward_angle_frieren_drawing_(meme),camera/angle
uranohoshi_school_uniform,clothing/whole
uranus_(planet),scene/sky
uraraka_ochaco_(cosplay),style/medium
urasawa_naoki_(style),style/medium
urethral_egg_insertion,sex/act
urethral_insertion,sex/act
urethral_masturbation,sex/act
urethral_penetration,sex/act
urethral_plug,sex/gear
urethral_sex,sex/act
urinal_bottle,object/food
urinary_drainage_bag,clothing/accessory
urine_as_food,object/food
urine_from_ass,person/body
urine_from_mouth,person/body
urine_from_nose,person/body
urine_in_ass,person/body
urine_in_bowl,object/food
urine_in_cup,object/food
urine_in_mouth,person/body
urine_in_own_mouth,person/body
urine_in_pussy,sex/body
urine_in_vagina,sex/body
urine_on_arm,person/body
urine_on_back,person/body
urine_on_balls,object/toy
urine_on_belly,person/body
urine_on_breasts,person/body
urine_on_butt,person/body
urine_on_chest,person/body
urine_on_clothing,clothing/other
urine_on_face,person/body
urine_on_foot,person/body
urine_on_hand,person/body
urine_on_head,person/body
urine_on_leg,person/body
urine_on_penis,sex/body
urine_on_pussy,sex/body
urine_on_stomach,person/body
urine_on_tongue,person/body
urine_on_wall,scene/outdoor
urine_pool,scene/outdoor
urine_through_clothing,clothing/other
uroko_(pattern),scene/background
ursine_ears,person/body
ursine_penis,sex/body
ursine_pussy,sex/body
ursine_vulva,sex/body
ursus_empire_logo,style/quality
ursus_logo,style/quality
uruha_rushia_(cosplay),style/medium
urushihara_satoshi_(style),style/medium
usada_hikaru_(cosplay),style/medium
usada_pekora_(cosplay),style/medium
usami_renko_(cosplay),style/medium
usami_sumireko_(cosplay),style/medium
usb_necklace,clothing/accessory
used_artificial_vagina,sex/body
used_condom,sex/gear
used_condom_in_clothes,clothing/other
used_condom_on_penis,sex/body
usekh_collar,clothing/accessory
ushiwakamaru_(fate)_(cosplay),style/medium
usui_yoshito_(style),style/medium
usuzan_school_uniform,clothing/whole
utensil_in_mouth,person/body
uterine_prolapse,sex/body
uterus_pose,expression/pose
uterus_with_face,person/body
utility_belt,clothing/accessory
utility_vest,clothing/top
utnapishtim_operator_uniform_(blue_archive),clothing/whole
utx_school_uniform,clothing/whole
uva_academy_school_uniform,clothing/whole
uvula_on_head,person/body
uygur_clothes,clothing/other
uzaki_hana_(cosplay),style/medium
uzumaki_naruto_(cosplay),style/medium
v.w.p_(kamitsubaki_studio),scene/indoor
v_arms,person/body
v_bangs,person/hair
v_legs,person/body
v_neck,person/body
v_neck_shirt,clothing/top
v_over_eye,person/eyes
v_over_head,person/body
v_over_mouth,person/body
v_shaped_eyebrows,person/eyes
v_shaped_eyes,person/eyes
v_sign,expression/action
vacant_eyes,person/eyes
vacuum_bed,object/other
vacuum_penis,sex/body
vagina_dentata,sex/body
vagina_on_penis,sex/body
vagina_stretched_by_anal,sex/body
vaginal_egg_insertion,sex/act
vaginal_fluids_on_balls,object/toy
vaginal_fluids_on_butt,person/body
vaginal_fluids_on_clothing,clothing/other
vaginal_fluids_on_dildo,sex/gear
vaginal_fluids_on_face,person/body
vaginal_fluids_on_food,object/food
vaginal_fluids_on_hand,person/body
vaginal_fluids_on_leg,person/body
vaginal_fluids_on_penis,sex/body
vaginal_fluids_on_pillow,object/other
vaginal_fluids_on_tentacle,sex/gear
vaginal_fluids_on_tongue,person/body
vaginal_fluids_on_vulva,sex/body
vaginal_fluids_through_clothing,clothing/other
vaginal_foot_gulp,person/body
vaginal_foot_play,person/body
vaginal_head_gulp,person/body
vaginal_masturbation,sex/act
vaginal_object_insertion,sex/act
vaginal_orgasm,sex/act
vaginal_penetration,sex/act
vaginal_plug,sex/gear
vaginal_prolapse,sex/body
vaginoplasty_scar,person/body
valentine's_day_card,scene/sky
valentine_chocolate,object/food
valis_sword,object/weapon
valkyrie_(ensemble_stars!),scene/sky
valkyrie_police_academy_swimsuit,clothing/whole
valkyrie_skirt,clothing/bottom
valley,scene/nature
vampire_costume,clothing/whole
vanity_mirror,object/tool
vanity_table,object/other
vanripper_(style),style/medium
vape_pen,object/tool
vaporeon_(cosplay),style/medium
var_(weapon),object/weapon
varia_suit,clothing/whole
varied_multi_penis,sex/body
various_blushing_faces,person/body
various_styles_challenge,style/medium
vase,object/tool
vault_suit,clothing/whole
vector,style/medium
vector_art,style/medium
vector_circles,style/medium
vectors,style/medium
vegeta_(cosplay),style/medium
vegetable,object/food
vegetable_juice,object/food
vehicle_focus,camera/framing
vehicle_insertion,sex/act
veil,clothing/head
veil_lift,clothing/head
veil_over_eyes,clothing/head
veil_over_one_eye,clothing/head
veil_scene_14_redraw_(meme),clothing/head
veiled_sword_(xenoblade),object/weapon
veiny_abs,person/body
veiny_arms,person/body
veiny_balls,object/toy
veiny_belly,person/body
veiny_breasts,person/body
veiny_chest,person/body
veiny_crotch,sex/body
veiny_dildo,sex/gear
veiny_eye,person/eyes
veiny_face,person/body
veiny_feet,person/body
veiny_hands,person/body
veiny_legs,person/body
veiny_muscles,person/body
veiny_neck,person/body
veiny_penis,sex/body
veiny_pseudo_penis,sex/body
veiny_pussy,sex/body
veiny_sheath,object/weapon
veiny_skin,person/body
veiny_stomach,person/body
veiny_tentacles,sex/gear
veiny_thighs,person/body
velcro_footwear,clothing/footwear
velvet_room,scene/indoor
venera_sama_(cosplay),style/medium
venom_dunking_on_spider_man_(meme),person/count
venom_snake_(cosplay),style/medium
venti_(genshin_impact)_(cosplay),style/medium
ventilation_fan,object/tool
venus_(planet),scene/sky
venus_ark_uniform,clothing/whole
venus_bikini,clothing/whole
venus_chain_(sailor_moon),scene/sky
venus_figure,person/count
venus_love_me_chain,object/tool
venus_symbol_hair_ornament,clothing/head
vergil's_chair_(meme),object/other
vergil_(devil_may_cry)_(cosplay),style/medium
vermilion_city_school_uniform,clothing/whole
verniy_(kancolle)_(cosplay),style/medium
verone_gakuin_school_uniform,clothing/whole
vertical_bar_eyes,person/eyes
vertical_eye_lines,person/eyes
vertical_monitor,object/tool
vertical_mouth,person/body
vertical_scroll_comic,object/tool
vertical_standing_split,expression/pose
vertical_striped_apron,clothing/whole
vertical_striped_background,scene/background
vertical_striped_bikini,clothing/whole
vertical_striped_bodysuit,clothing/whole
vertical_striped_bow,clothing/head
vertical_striped_bowtie,clothing/accessory
vertical_striped_bra,clothing/top
vertical_striped_cape,clothing/top
vertical_striped_clothes,clothing/other
vertical_striped_coat,clothing/top
vertical_striped_collar,clothing/accessory
vertical_striped_dress,clothing/whole
vertical_striped_footwear,clothing/footwear
vertical_striped_gloves,clothing/accessory
vertical_striped_headwear,clothing/head
vertical_striped_jacket,clothing/top
vertical_striped_kimono,clothing/whole
vertical_striped_leggings,clothing/bottom
vertical_striped_leotard,clothing/whole
vertical_striped_male_swimwear,person/count
vertical_striped_necktie,clothing/accessory
vertical_striped_one_piece_swimsuit,clothing/whole
vertical_striped_overalls,clothing/whole
vertical_striped_pajamas,clothing/whole
vertical_striped_pants,clothing/bottom
vertical_striped_pantyhose,clothing/legwear
vertical_striped_pillow,object/other
vertical_striped_ribbon,clothing/head
vertical_striped_sash,clothing/accessory
vertical_striped_scarf,clothing/accessory
vertical_striped_shirt,clothing/top
vertical_striped_shorts,clothing/bottom
vertical_striped_skirt,clothing/bottom
vertical_striped_socks,clothing/legwear
vertical_striped_sports_bra,clothing/top
vertical_striped_suit,clothing/whole
vertical_striped_sweater,clothing/top
vertical_striped_thighhighs,clothing/legwear
vertical_striped_vest,clothing/top
very_big_eyes,person/eyes
very_dark_skin,person/body
very_long_cape,clothing/top
very_long_ears,person/body
very_long_fingernails,person/body
very_long_hair,person/hair
very_long_penis,sex/body
very_long_sidelocks,person/hair
very_long_tongue,person/body
very_low_bun,person/hair
very_short_hair,person/hair
very_wide_shot,camera/shot
vest,clothing/top
vest_lift,clothing/top
vest_only,clothing/top
vest_pouch,clothing/top
vest_pull,clothing/top
vi_o_la_suit,clothing/whole
vibrating_cock_ring,clothing/accessory
vibrating_controller,object/toy
vibrating_phone,object/tool
vibrator,sex/gear
vibrator_bulge,sex/gear
vibrator_controller,sex/gear
vibrator_cord,sex/gear
vibrator_hip_strap,sex/gear
vibrator_in_anus,sex/body
vibrator_in_ass,sex/gear
vibrator_in_leg_garter,clothing/legwear
vibrator_in_pussy,sex/body
vibrator_in_thigh_strap,sex/gear
vibrator_in_thighhighs,clothing/legwear
vibrator_in_vagina,sex/body
vibrator_on_balls,sex/gear
vibrator_on_chastity_cage,sex/gear
vibrator_on_chastity_device,sex/gear
vibrator_on_clitoris,sex/gear
vibrator_on_diaper,sex/gear
vibrator_on_feet,sex/gear
vibrator_on_nipple,sex/gear
vibrator_on_penis,sex/body
vibrator_on_pussy,sex/body
vibrator_over_clothes,clothing/other
vibrator_under_clothes,clothing/other
vibrator_under_clothing,clothing/other
vibrator_under_panties,sex/gear
vibrator_under_pantyhose,clothing/legwear
vibrator_under_swimsuit,clothing/whole
vibrators_on_nipples,sex/gear
victor_(pokemon)_(cosplay),style/medium
victorian_maid,clothing/whole
victory_pose,expression/pose
video_game_character,person/count
video_game_dialogue_box,object/tool
video_game_logo,style/quality
vietnamese_clothes,clothing/other
vietnamese_dress,clothing/whole
vietnamese_flag,object/tool
view_between_breasts,person/body
view_between_legs,person/body
viewed_from_above,camera/angle
viewer_holding_leash,sex/gear
viewer_holding_phone,expression/action
viewer_holding_weapon,expression/action
viewer_on_leash,sex/gear
vignetting,camera/framing
vikala_(granblue_fantasy)_(cosplay),style/medium
viking_helmet,clothing/head
village,scene/outdoor
villain_pose,expression/pose
viltrumite_clothes,clothing/other
vincent_van_gogh_(style),style/medium
vine_belt,clothing/accessory
vine_bondage,sex/gear
vine_penetration,sex/act
vine_tentacle,sex/gear
vine_tentacles,sex/gear
vine_whip,object/weapon
vintage_clothes,clothing/other
vintage_dress_(module),clothing/whole
vintage_microphone,object/tool
violet_(flower),scene/nature
violin,object/tool
violin_bow,clothing/head
violin_case,object/tool
virgin_destroyer_sweater,clothing/top
virgin_killer_outfit,clothing/whole
virgin_killer_sweater,clothing/top
virile_vagina,sex/body
virtual_boy,person/count
virtual_pet_(toy),object/toy
virus_(mega_man),person/count
visible_ears,person/body
visor_(armor),clothing/accessory
visor_cap,clothing/head
visor_eyes,person/eyes
visor_helmet,clothing/head
vivid_bad_squad_(project_sekai),style/color
vivid_bikini_(idolmaster),style/color
vivid_world_(love_live!),style/color
vocaloid_boxart_pose,expression/pose
voices_&_letters_collection!,object/tool
void_(guilty_crown),clothing/head
void_eyes,person/eyes
volcano,scene/nature
volcano_badge,scene/nature
volley_gun,object/weapon
volleyball_(ball),object/toy
volleyball_net,object/tool
volleyball_uniform,clothing/whole
voluptuous_female,person/count
voluptuous_human,person/count
voluptuous_humanoid,person/count
voluptuous_male,person/count
vomiting_cum,sex/act
vomiting_rainbows,scene/sky
voodoo_cum,sex/act
voodoo_doll,object/toy
voodoo_masturbation,sex/act
voodoo_penetration,sex/act
voodoo_sex,sex/act
vore_tattoo,person/body
voyeur_pov,camera/angle
voyeurism,sex/act
vr_controller,object/toy
vsf_logo,style/quality
vshojo_idol_uniform,clothing/whole
vulcan_salute,expression/action
vulva,sex/body
vulva_blush,sex/body
vulva_close_up,sex/body
vulva_expansion,sex/body
vulva_focus,camera/framing
vulva_for_mouth,sex/body
vulva_markings,sex/body
vulva_nipples,sex/body
vulva_on_glass,sex/body
vulva_outline,sex/body
vulva_piercing,sex/body
vulva_pump,sex/body
vulva_ring,clothing/accessory
vulva_shot,camera/shot
vulva_sniffing,sex/body
vulva_spreading_tape,sex/body
vulva_transformation,sex/body
vulva_worship,sex/body
w_arms,person/body
w_corp._(identity)_(project_moon),scene/sky
w_over_eye,person/eyes
w_over_head,person/body
w_over_mouth,person/body
wa_maid,clothing/whole
wada_arco_(style),style/medium
wading_pool,scene/outdoor
wagnaria_uniform,clothing/whole
waist,person/body
waist_accessory,person/body
waist_apron,clothing/whole
waist_bag,clothing/accessory
waist_belt,clothing/accessory
waist_bow,clothing/head
waist_brooch,clothing/accessory
waist_cape,clothing/top
waist_cuff,person/body
waist_cutout,person/body
waist_down,person/body
waist_grab,person/body
waist_hold,person/body
waist_hug,expression/action
waist_jewel,person/body
waist_measuring,person/body
waist_poke_ball,person/body
waist_ribbon,clothing/head
waist_sash,clothing/accessory
waist_tassel,person/body
waist_tattoo,person/body
waist_tuft,person/body
waiter_suit,clothing/whole
waiting_for_cum,sex/act
waiting_room,scene/indoor
waitress_outfit,clothing/whole
waitress_uniform,clothing/whole
wakaba_girls_(k_on!),person/count
wakasagihime_(cosplay),style/medium
wake_(wave),expression/action
wake_up_sex,sex/act
wakuwaku_(spy_x_family),person/count
walfie_(style),style/medium
walking,expression/action
walking_away,expression/action
walking_backwards,expression/action
walking_bike,expression/action
walking_cane,expression/action
walking_on_liquid,expression/action
walking_on_railing,expression/action
walking_on_water,expression/action
walking_stick,expression/action
walking_together,expression/action
walking_towards_viewer,expression/action
wall_(structure),scene/outdoor
wall_art,scene/outdoor
wall_bondage,sex/gear
wall_clock,scene/outdoor
wall_crash,scene/outdoor
wall_cross_section,scene/outdoor
wall_eyed,scene/outdoor
wall_lamp,scene/outdoor
wall_market,scene/indoor
wall_mounted_dildo,sex/gear
wall_of_text,style/quality
wall_shelf,scene/outdoor
wall_socket,scene/outdoor
wallet,clothing/accessory
wallet_chain,clothing/accessory
wallpaper_(decoration),scene/background
wallpaper_(object),scene/background
walrus_boy,person/count
wand_in_head,person/body
wand_vibrator,sex/gear
wandenreich_uniform,clothing/whole
wanderer_(genshin_impact)_(cosplay),style/medium
wanted_poster,object/tool
war_banner,object/tool
war_fan,object/tool
war_flag,object/tool
war_hammer,object/tool
wardrobe,object/other
wardrobe_error,object/other
wardrobe_malfunction,object/other
wario_(cosplay),style/medium
warming_hands,person/body
warning_sign,object/tool
warp_pipe,object/tool
warped_text,style/quality
warrior_(dq3)_(cosplay),style/medium
warspite_(kancolle)_(cosplay),style/medium
washing_back,person/body
washing_clothes,clothing/other
washing_face,person/body
washing_hair,person/hair
washing_hands,person/body
wasp_girl,person/count
wasp_waist,person/body
watanabe_akio_(style),style/medium
watch,object/tool
watching_sex,sex/act
water,scene/nature
water_7,scene/nature
water_background,scene/nature
water_balloon,scene/nature
water_blue_new_world,scene/nature
water_boiler,scene/nature
water_bottle,scene/nature
water_bowl,scene/nature
water_break,scene/nature
water_breaking,scene/nature
water_censor,scene/nature
water_cooler,scene/nature
water_dragon,scene/nature
water_dress,clothing/whole
water_drop,scene/nature
water_drop_hair_ornament,clothing/head
water_droplets,scene/nature
water_elemental,scene/nature
water_fight,scene/nature
water_fountain,scene/nature
water_gun,scene/nature
water_hose,scene/nature
water_in_navel,person/body
water_inflation,scene/nature
water_jacking,scene/nature
water_lily,scene/nature
water_lily_flower,scene/nature
water_manipulation,scene/nature
water_masturbation,sex/act
water_on_glass,scene/nature
water_park,scene/outdoor
water_pipe,scene/nature
water_pump,scene/nature
water_reflection,scene/nature
water_ripple,scene/nature
water_ripples,scene/nature
water_shuriken,scene/nature
water_slide,scene/nature
water_splashes,scene/nature
water_spray,scene/nature
water_spring,scene/nature
water_stone,scene/nature
water_stream,scene/nature
water_surface,scene/nature
water_tank,scene/nature
water_tentacles,sex/gear
water_tower,scene/nature
water_type_theme_(pokemon),scene/nature
water_wheel,scene/nature
water_wings,scene/nature
water_world,scene/nature
water_yoyo,scene/nature
watercolor_background,style/medium
watercolor_effect,style/medium
watereffect.net,object/tool
waterfall,scene/nature
waterfall_(undertale),scene/nature
waterfall_shower,scene/nature
waterfall_tears,expression/face
watering_can,object/food
watermark_grid,style/quality
watermelon,object/food
watermelon_bar,scene/indoor
watermelon_beachball,object/food
watermelon_between_thighs,person/body
watermelon_bikini,clothing/whole
watermelon_crushing,object/food
watermelon_hair_ornament,clothing/head
watermelon_innertube,object/food
watermelon_pattern,scene/background
watermelon_print,object/food
watermelon_seeds,object/food
watermelon_slice,object/food
watson_amelia_(cosplay),style/medium
wattson_(apex_legends)_(cosplay),style/medium
wave,expression/action
wave_emanata,expression/action
wave_motion_gun,expression/action
wave_print,expression/action
waves,expression/action
waving,expression/action
waving_another's_arm,expression/action
waving_arm,expression/action
waving_arms,expression/action
waving_at_viewer,expression/action
waving_flag,expression/action
waving_hand,expression/action
waving_hands,expression/action
waving_tail,expression/action
wavy_background,scene/background
wavy_eyebrows,person/eyes
wavy_eyes,person/eyes
wavy_hair,person/hair
wavy_mouth,person/body
wavy_sidelocks,person/hair
wavy_smile,expression/face
wavy_speech_bubble,style/quality
wax_seal_hair_ornament,clothing/head
weak_male,person/count
weapon,object/weapon
weapon_across_shoulders,person/body
weapon_arm,person/body
weapon_background,scene/background
weapon_bag,clothing/accessory
weapon_behind_back,person/body
weapon_between_legs,person/body
weapon_case,object/weapon
weapon_charm,object/weapon
weapon_connection,object/weapon
weapon_energy,object/weapon
weapon_focus,camera/framing
weapon_formation,object/weapon
weapon_glint,object/weapon
weapon_holster,object/weapon
weapon_in_garters,clothing/legwear
weapon_in_mouth,person/body
weapon_insertion,sex/act
weapon_masturbation,sex/act
weapon_name,object/weapon
weapon_of_mass_destruction,object/weapon
weapon_on_back,person/body
weapon_on_floor,object/weapon
weapon_on_shoulder,person/body
weapon_on_wall,scene/outdoor
weapon_over_shoulder,person/body
weapon_penetration,sex/act
weapon_profile,object/weapon
weapon_rack,object/weapon
weapon_riding,object/weapon
weapon_shop,scene/indoor
weapon_stand,object/weapon
weapon_strap,object/weapon
weapon_switch,object/weapon
weapon_tail,object/weapon
weapon_tassel,object/weapon
weapons,object/weapon
wearing_chastity_belt,clothing/accessory
wearing_chastity_cage,clothing/other
wearing_chastity_device,clothing/other
wearing_clothing_character,clothing/other
wearing_collar,clothing/accessory
wearing_condom,clothing/other
wearing_crown,clothing/head
wearing_diaper,clothing/other
wearing_eyewear,clothing/other
wearing_flag,clothing/other
wearing_glasses,clothing/accessory
wearing_gloves,clothing/accessory
wearing_goggles,clothing/accessory
wearing_hat,clothing/head
wearing_helmet,clothing/head
wearing_mask,clothing/head
wearing_sign,clothing/other
wearing_strapon,clothing/other
wearing_sunglasses,clothing/accessory
weasel_boy,person/count
weasel_ears,person/body
weasel_girl,person/count
web_bondage,sex/gear
webbed_feet,person/body
webbed_hands,person/body
website_logo,style/quality
wedding_cake,object/food
wedding_clothing,clothing/other
wedding_dress,clothing/whole
wedding_gloves,clothing/accessory
wedding_night,scene/sky
wedding_photo,style/medium
wedding_ring,clothing/accessory
wedding_suit,clothing/whole
wedding_veil,clothing/head
wedge_(footwear),clothing/footwear
wedge_heels,clothing/footwear
wedge_sandals,clothing/footwear
wednesday_addams_(cosplay),style/medium
weeping_cherry_blossoms,scene/nature
weibo_logo,style/quality
weibo_watermark,style/quality
weighing_breasts,person/body
weight_belt,clothing/accessory
weighted_clothes,clothing/other
weighted_sex_toy,sex/act
welding_goggles,clothing/accessory
welding_mask,clothing/head
welding_torch,object/tool
well_used_anus,sex/body
welling_tears,expression/face
werewolf_costume,clothing/whole
western_comics_(style),style/medium
wet_anus,sex/body
wet_apron,clothing/whole
wet_arms,person/body
wet_balls,object/toy
wet_bed,object/other
wet_belly,person/body
wet_bikini,clothing/whole
wet_bra,clothing/top
wet_breasts,person/body
wet_butt,person/body
wet_clothes,clothing/other
wet_clothing,clothing/other
wet_dress,clothing/whole
wet_face,person/body
wet_feet,person/body
wet_fingers,person/body
wet_floor_sign,object/tool
wet_gloves,clothing/accessory
wet_hair,person/hair
wet_hat,clothing/head
wet_jacket,clothing/top
wet_kimono,clothing/whole
wet_legs,person/body
wet_leotard,clothing/whole
wet_male_swimwear,person/count
wet_male_underwear,person/count
wet_pants,clothing/bottom
wet_pantyhose,clothing/legwear
wet_penis,sex/body
wet_shirt,clothing/top
wet_shorts,clothing/bottom
wet_skin,person/body
wet_skirt,clothing/bottom
wet_socks,clothing/legwear
wet_swimsuit,clothing/whole
wet_t_shirt,clothing/top
wet_tentacles,sex/gear
wet_thighhighs,clothing/legwear
wet_thighs,person/body
wet_tongue,person/body
wetsuit,clothing/whole
whac_a_mole,person/body
whale_costume,clothing/whole
whale_girl,person/count
whale_hair_ornament,clothing/head
whale_hat,clothing/head
whale_tail_(clothing),clothing/other
whammy_bar,scene/indoor
what's_in_my_bag,clothing/accessory
wheat_field,scene/outdoor
wheat_in_mouth,person/body
wheel_feet,person/body
wheel_o_feet,person/body
wheeled_leg(s),person/body
whip,object/weapon
whip_mark,object/weapon
whip_mark_on_butt,person/body
whip_marks,object/weapon
whip_sword,object/weapon
whip_the_wimp_girl!!_(project_sekai),person/count
whipped_cream_can,object/food
whipping_butt,person/body
whipping_hair,person/hair
whiskey_bottle,object/food
whiskey_glass,object/food
whispering_in_ear,person/body
whistle_around_neck,person/body
whistle_in_mouth,person/body
white_anus,sex/body
white_apron,clothing/whole
white_areola,sex/body
white_arm_warmers,person/body
white_armor,clothing/accessory
white_armpit_hair,person/hair
white_arms,person/body
white_back,person/body
white_background,scene/background
white_bag,clothing/accessory
white_balls,object/toy
white_bars,scene/indoor
white_baseball_cap,clothing/head
white_bed,object/other
white_bed_sheet,object/other
white_belly,person/body
white_belt,clothing/accessory
white_beret,clothing/head
white_bikini,clothing/whole
white_bikini_bottom,clothing/whole
white_bikini_top,clothing/whole
white_blanket,object/other
white_blindfold,clothing/head
white_blood_cell_(hataraku_saibou)_(cosplay),style/medium
white_blouse,clothing/top
white_blush,expression/face
white_body_hair,person/hair
white_bodysuit,clothing/whole
white_boots,clothing/footwear
white_border,camera/framing
white_bow,clothing/head
white_bow_tie,clothing/head
white_bowtie,clothing/accessory
white_bra,clothing/top
white_bracelet,clothing/accessory
white_breasts,person/body
white_bridal_garter,clothing/legwear
white_bridal_gauntlets,clothing/accessory
white_butt,person/body
white_camisole,clothing/top
white_cape,clothing/top
white_cardigan,clothing/top
white_cheeks,person/body
white_chest,person/body
white_chest_hair,person/hair
white_chocolate,object/food
white_choker,clothing/accessory
white_cloak,clothing/top
white_clothing,clothing/other
white_clouds,scene/sky
white_coat,clothing/top
white_collar,clothing/accessory
white_collared_shirt,clothing/top
white_crop_top,clothing/top
white_crotch,sex/body
white_crown,clothing/head
white_curtains,object/other
white_day,scene/sky
white_day_(love_live!),scene/sky
white_detached_collar,clothing/accessory
white_dress,clothing/whole
white_dress_shirt,clothing/whole
white_ear_tips,person/body
white_ears,person/body
white_egg,object/food
white_elbow_gloves,clothing/accessory
white_eyebrows,person/eyes
white_eyelashes,person/eyes
white_eyelids,person/eyes
white_eyes,person/eyes
white_eyeshadow,person/eyes
white_face,person/body
white_face_paint,person/body
white_facial_hair,person/hair
white_feather_hair,person/hair
white_feet,person/body
white_fence,scene/outdoor
white_finger_claws,person/body
white_fingerless_gloves,clothing/accessory
white_fingernails,person/body
white_fingers,person/body
white_flag,object/tool
white_flower,scene/nature
white_freckles,person/body
white_garter,clothing/legwear
white_garter_belt,clothing/legwear
white_garter_straps,clothing/legwear
white_glasses,clothing/accessory
white_gloves,clothing/accessory
white_gown,clothing/whole
white_hair,person/hair
white_hair_ribbon,clothing/head
white_hair_tips,person/hair
white_hairband,clothing/head
white_hanbok,clothing/whole
white_hands,person/body
white_hanfu,clothing/whole
white_hat,clothing/head
white_head,person/body
white_headband,clothing/head
white_headphones,object/tool
white_heels,clothing/footwear
white_helmet,clothing/head
white_hood,clothing/head
white_hoodie,clothing/top
white_inner_ear,person/body
white_inner_ear_fluff,person/body
white_jacket,clothing/top
white_jewelry,clothing/accessory
white_jumpsuit,clothing/whole
white_kimono,clothing/whole
white_knee_socks,clothing/legwear
white_lab_coat,clothing/top
white_latex,clothing/other
white_leg_warmers,person/body
white_leggings,clothing/bottom
white_legs,person/body
white_leotard,clothing/whole
white_lips,person/body
white_mage_(cosplay),style/medium
white_mage_(final_fantasy)_(cosplay),style/medium
white_male_swimwear,person/count
white_male_underwear,person/count
white_mask,clothing/head
white_mob_cap,clothing/head
white_mouth,person/body
white_neck,person/body
white_neckerchief,clothing/accessory
white_necklace,clothing/accessory
white_necktie,clothing/accessory
white_nightgown,clothing/whole
white_nose,person/body
white_nose_horn,person/body
white_one_piece_swimsuit,clothing/whole
white_overalls,clothing/whole
white_pajamas,clothing/whole
white_pants,clothing/bottom
white_pantyhose,clothing/legwear
white_penis,sex/body
white_petals,scene/nature
white_pillow,object/other
white_polo_shirt,clothing/top
white_pouch,clothing/accessory
white_pseudo_hair,person/hair
white_pubic_hair,sex/body
white_pup_mask,clothing/head
white_pupils,person/eyes
white_pussy,sex/body
white_rabbit_(alice_in_wonderland)_(cosplay),style/medium
white_rabbit_(cosplay),style/medium
white_ribbon,clothing/head
white_robe,clothing/whole
white_rope,object/tool
white_sailor_collar,clothing/accessory
white_sandals,clothing/footwear
white_santa_costume,clothing/whole
white_sash,clothing/accessory
white_scarf,clothing/accessory
white_scars,person/body
white_school_swimsuit,clothing/whole
white_sclera,person/eyes
white_sheath,object/weapon
white_shirt,clothing/top
white_shirt_collar,clothing/top
white_shirt_cuffs,clothing/top
white_shoes,clothing/footwear
white_shorts,clothing/bottom
white_skin,person/body
white_skirt,clothing/bottom
white_sky,scene/sky
white_slingshot_swimsuit,clothing/whole
white_slippers,clothing/footwear
white_snow's_merry_xmas_(ensemble_stars!),scene/sky
white_socks,clothing/legwear
white_sofa,object/other
white_speech_bubble,style/quality
white_sports_bra,clothing/top
white_stockings,clothing/legwear
white_suit,clothing/whole
white_sunglasses,clothing/accessory
white_sweater,clothing/top
white_sweater_vest,clothing/top
white_t_shirt,clothing/top
white_tank_top,clothing/top
white_tattoo,person/body
white_tentacles,sex/gear
white_text,style/quality
white_text_border,style/quality
white_text_box,style/quality
white_text_outline,style/quality
white_thigh_boots,clothing/footwear
white_thigh_highs,person/body
white_thigh_socks,clothing/legwear
white_thighhighs,clothing/legwear
white_thighs,person/body
white_tiara,clothing/head
white_tipped_ears,person/body
white_toe_claws,person/body
white_toes,person/body
white_tongue,person/body
white_torso,person/body
white_tree,scene/nature
white_trim_bow,clothing/head
white_tube_top,clothing/top
white_tunic,clothing/top
white_umbrella,object/tool
white_veil,clothing/head
white_vest,clothing/top
white_vulva,sex/body
white_wall,scene/outdoor
white_wine,object/food
white_wrist_cuffs,person/body
whole_cake_island_dress,clothing/whole
wholesome_body_writing,expression/action
whorled_clouds,scene/sky
wide_arrow,object/weapon
wide_brim_hat,clothing/head
wide_crotch,sex/body
wide_face,person/body
wide_feet,person/body
wide_grin,expression/face
wide_hipped_female,person/count
wide_hipped_human,person/count
wide_hipped_humanoid,person/count
wide_hipped_male,person/count
wide_hips,person/body
wide_leg_pants,clothing/bottom
wide_mouth,person/body
wide_nose,person/body
wide_open_mouth,expression/face
wide_oval_eyes,person/eyes
wide_ponytail,person/hair
wide_shot,camera/shot
wide_shoulders,person/body
wide_smile,expression/face
wide_spread_legs,sex/body
wide_tongue,person/body
wide_waist,person/body
widowmaker_(overwatch)_(cosplay),style/medium
wig_on_non_human,person/count
wiggling_hips,person/body
wiggling_toes,person/body
wild_hair,person/hair
wild_hunt_academy_of_arts_logo,style/quality
will_smith_slapping_chris_rock_(meme),scene/nature
willow_tree,scene/nature
wilt_and_blush,expression/face
wilted_ahoge,person/hair
wilted_flower,scene/nature
wind,scene/sky
wind_chime,scene/sky
wind_chime_focus,camera/framing
wind_glider,scene/sky
wind_instrument,scene/sky
wind_lift,scene/sky
wind_turbine,scene/sky
wind_up_key,scene/sky
wind_waker_(object),scene/sky
windbreaker,clothing/top
windfish's_egg,object/food
winding_key,object/tool
window_curtains,object/other
window_fog,scene/sky
window_magazine,object/weapon
window_shade,object/other
windows_logo,style/quality
windshield_eyes,person/eyes
wine,object/food
wine_bottle,object/food
wine_cellar,object/food
wine_glass,object/food
wine_rack,object/food
winford_academy_uniform,clothing/whole
wing_armor,clothing/accessory
wing_blade,object/weapon
wing_bondage,sex/gear
wing_brooch,clothing/accessory
wing_cape,clothing/top
wing_collar,clothing/accessory
wing_earrings,clothing/accessory
wing_ears,person/body
wing_eyes,person/eyes
wing_fingers,person/body
wing_hair_ornament,clothing/head
wing_hat_ornament,clothing/head
wing_hug,expression/action
wing_jewelry,clothing/accessory
wing_pattern,scene/background
wing_ribbon,clothing/head
wing_ring,clothing/accessory
wing_shaped_bow,clothing/head
wing_tattoo,person/body
wing_umbrella,object/tool
wingding_eyes,person/eyes
winged_armlet,clothing/accessory
winged_arms,person/body
winged_bag,clothing/accessory
winged_boots,clothing/footwear
winged_footwear,clothing/footwear
winged_gloves,clothing/accessory
winged_hair_ornament,clothing/head
winged_hair_tie,person/hair
winged_hairband,clothing/head
winged_hands,person/body
winged_hat,clothing/head
winged_headwear,clothing/head
winged_heart_tattoo,person/body
winged_helmet,clothing/head
winged_sandals,clothing/footwear
winged_shoes,clothing/footwear
winged_sword,object/weapon
winged_weapon,object/weapon
wings_instead_of_hands,person/body
wings_on_head,person/body
wings_over_eyes,person/eyes
wings_through_clothes,clothing/other
wingtip_collar,clothing/accessory
wink,expression/face
wink_hair,expression/face
wink_heart,expression/face
wink_star,expression/face
winnie_the_pooh_reading_(meme),expression/action
wintam_ribbon_bondage_(meme),clothing/head
winter_clothes,clothing/other
winter_clothes_(zelda),clothing/other
winter_clothing,clothing/other
winter_coat,clothing/top
winter_gloves,clothing/accessory
winter_jacket,clothing/top
winter_uniform,clothing/whole
wiping_butt,person/body
wiping_cum,sex/act
wiping_face,person/body
wiping_forehead,person/body
wiping_hands,person/body
wiping_mouth,person/body
wiping_nose,person/body
wiping_pussy,sex/body
wiping_sweat,expression/face
wiping_tears,expression/face
wire_fence,scene/outdoor
wired_controller,object/toy
wired_phone,object/tool
wireless_controller,object/toy
wireless_game_controller,object/toy
wireless_headphones,object/tool
wireless_microphone,object/tool
wireless_mouse,object/tool
wireless_sex_toy_controller,sex/act
wishbone_mouth,person/body
wispy_bangs,person/hair
witch_costume,clothing/whole
witch_hat,clothing/head
witch_hat_only,clothing/head
withdrawn_penis,sex/body
wizard_hat,clothing/head
wizard_robe,clothing/whole
wizarmon_(cosplay),style/medium
wo_class_aircraft_carrier_(cosplay),style/medium
wobbling_belly,person/body
wobbling_butt,person/body
wobbly_mouth,person/body
wolf_boy,person/count
wolf_brooch,clothing/accessory
wolf_costume,clothing/whole
wolf_cut,person/hair
wolf_ears,person/body
wolf_girl,person/count
wolf_hat,clothing/head
wolf_head,person/body
wolf_hood,clothing/head
wolf_mask,clothing/head
wolfie_selkie_(female),person/count
wolfsbane_(flower),scene/nature
wolverine_(x_men)_(cosplay),style/medium
woman_yelling_at_cat_(meme),person/count
womb_tattoo,person/body
women's_day,person/count
women's_toilet_symbol,person/count
women's_wallet,clothing/accessory
women_livestock,person/count
women_want_me_fish_fear_me_(meme),person/count
wonder_flower,scene/nature
wonder_ride_book,object/tool
wonder_woman_(cosplay),style/medium
wonderbolts_uniform,clothing/whole
wood_barrel,object/tool
wood_blade_(deltarune),object/weapon
wood_carving_tool,object/tool
wood_chair,object/other
wood_crate,object/tool
wood_desk,object/other
wood_door,scene/outdoor
wood_fence,scene/outdoor
wood_gradient_hair,style/color
wood_shield,object/weapon
wood_sign,object/tool
wood_table,object/other
wood_wall,scene/outdoor
wooden_bowl,object/food
wooden_box,object/tool
wooden_bridge,scene/outdoor
wooden_bucket,object/tool
wooden_chair,object/other
wooden_cup,object/food
wooden_desk,object/other
wooden_door,scene/outdoor
wooden_fence,scene/outdoor
wooden_fish,object/food
wooden_lantern,object/tool
wooden_pencil,object/tool
wooden_plate,object/food
wooden_shield,object/weapon
wooden_spoon,object/food
wooden_stairs,scene/outdoor
wooden_stool,object/other
wooden_sword,object/weapon
wooden_table,object/other
wooden_wall,scene/outdoor
wool_clothing,clothing/other
wool_gloves,clothing/accessory
wool_hair,person/hair
wool_hat,clothing/head
wool_headwear,clothing/head
woollen_cap,clothing/head
work_boots,clothing/footwear
work_clothes,clothing/other
work_gloves,clothing/accessory
work_uniform,clothing/whole
worker_(lethal_company)_(cosplay),style/medium
workout_clothes,clothing/other
workout_clothing,clothing/other
workout_outfit,clothing/whole
workout_sex,sex/act
workplace_nudity,sex/act
workplace_sex,sex/act
world_map,object/tool
world_w_academy_school_uniform,clothing/whole
worm's_eye_view,person/eyes
worn_clothing,clothing/other
worried_face,person/body
wound_on_arm,person/body
wound_on_face,person/body
wound_on_leg,person/body
wound_on_torso,person/body
wound_penetration,sex/act
wraith_(apex_legends)_(cosplay),style/medium
wrap_(food),object/food
wrap_skirt,clothing/bottom
wrapped_arms,person/body
wrapped_bento,object/food
wrapped_candy,object/food
wrapped_condom,sex/gear
wrapped_hair,person/hair
wrapped_in_blanket,object/other
wrapped_legs,person/body
wrapped_missionary_position,sex/act
wrapping_paper,object/tool
wrecking_ball,object/toy
wrench,object/tool
wrestler_costume,clothing/whole
wrestling_belt,clothing/accessory
wrestling_boots,clothing/footwear
wrestling_clothing,clothing/other
wrestling_mask,clothing/head
wrestling_outfit,clothing/whole
wrestling_ring,clothing/accessory
wriggle_day,scene/sky
wriggle_nightbug_(cosplay),style/medium
wringing_clothes,clothing/other
wringing_dress,clothing/whole
wringing_hair,person/hair
wringing_skirt,clothing/bottom
wrinkled_armpit,person/body
wrinkled_balls,object/toy
wrinkled_feet,person/body
wrinkled_frown_(detective_pikachu),expression/face
wrinkled_nose,person/body
wrinkled_penis,sex/body
wrinkled_skin,person/body
wrinkles_in_clothes,clothing/other
wrinkly_balls,object/toy
wrist_accessory,person/body
wrist_bangle,person/body
wrist_belt,clothing/accessory
wrist_blade,person/body
wrist_blades,person/body
wrist_bobbles,person/body
wrist_bow,clothing/head
wrist_chain,person/body
wrist_computer,person/body
wrist_cuffs,person/body
wrist_cutting,person/body
wrist_extended,person/body
wrist_flower,person/body
wrist_fluff,person/body
wrist_grab,person/body
wrist_guards,person/body
wrist_gun,person/body
wrist_jewelry,clothing/accessory
wrist_markings,person/body
wrist_on_leg,person/body
wrist_ribbon,clothing/head
wrist_scar,person/body
wrist_scrunchie,person/body
wrist_spikes,person/body
wrist_strap,person/body
wrist_straps,person/body
wrist_tattoo,person/body
wrist_tuft,person/body
wrist_under_leg,person/body
wrist_warmers,person/body
wrist_weapon,person/body
wrist_wings,person/body
wrist_wrap,person/body
wrist_wraps,person/body
wristband,clothing/accessory
wristband_only,clothing/accessory
wrists_extended,person/body
wrists_tied_together,person/body
wrists_to_ankles,person/body
wrists_to_legs,person/body
wrists_together,person/body
writing,expression/action
writing_into_reality,expression/action
writing_on_arm,expression/action
writing_on_ass,expression/action
writing_on_back,expression/action
writing_on_balls,expression/action
writing_on_belly,expression/action
writing_on_breasts,expression/action
writing_on_butt,expression/action
writing_on_chest,expression/action
writing_on_crotch,sex/body
writing_on_face,expression/action
writing_on_foot,expression/action
writing_on_fourth_wall,expression/action
writing_on_genitals,expression/action
writing_on_hand,expression/action
writing_on_leg,expression/action
writing_on_penis,sex/body
writing_on_tail,expression/action
writing_on_thigh,expression/action
writing_on_wall,expression/action
writing_text,style/quality
writing_utensil,expression/action
writing_utensil_in_mouth,expression/action
wroggi_(armor),clothing/accessory
wrong_foot,person/body
wrong_hand,person/body
wtf_face,person/body
wumpa_fruit,object/food
wuthering_heights_(identity)_(project_moon),scene/sky
x_anus,sex/body
x_arms,person/body
x_eye,person/eyes
x_eyes,person/eyes
x_fingers,person/body
x_fingers_over_mouth,person/body
x_frame,object/other
x_gun,object/weapon
x_hair_ornament,clothing/head
x_logo,style/quality
x_mouth,person/body
x_navel,person/body
x_pupils,person/eyes
x_ray_glasses,clothing/accessory
x_ray_phone,object/tool
x_scar,person/body
x_shaped_pupils,person/eyes
x_uniform,clothing/whole
xbox_360_controller,object/toy
xbox_controller,object/toy
xbox_logo,style/quality
xbox_wireless_controller,object/toy
xiaohongshu_logo,style/quality
xiaohongshu_watermark,style/quality
xingchen_(cosplay),style/medium
xinzoruo_(style),style/medium
y_anus,sex/body
y_shaped_butt_crack,person/body
y_sheath_opening,object/weapon
yabuki_joe_in_a_chair_(meme),object/other
yae_miko_(cosplay),style/medium
yagokoro_eirin_(cosplay),style/medium
yakumo_family_(touhou),person/count
yakumo_ran_(cosplay),style/medium
yakumo_yukari_(cosplay),style/medium
yamaboshi_private_high_school_uniform,clothing/whole
yamabuki_high_school_uniform,clothing/whole
yamakawa_jun'ichi_(style),style/medium
yamakaze_(kancolle)_(cosplay),style/medium
yamaku_high_school_uniform,clothing/whole
yamamura_sadako_(cosplay),style/medium
yamashita_ikuto_(style),style/medium
yamato_(kancolle)_(cosplay),style/medium
yamato_(sword),object/weapon
yamcha_pose_(meme),expression/pose
yanfei_(genshin_impact)_(cosplay),style/medium
yard,scene/outdoor
yarn_ball,object/toy
yasaka_kanako_(cosplay),style/medium
yasogami_school_uniform,clothing/whole
yasuhiko_yoshikazu_(style),style/medium
yazawa_nico_(cosplay),style/medium
yd_dancer_outfit,clothing/whole
yelan_(genshin_impact)_(cosplay),style/medium
yellow_anus,sex/body
yellow_apron,clothing/whole
yellow_areola,sex/body
yellow_arm_warmers,person/body
yellow_armor,clothing/accessory
yellow_arms,person/body
yellow_background,scene/background
yellow_bag,clothing/accessory
yellow_balls,object/toy
yellow_belly,person/body
yellow_belt,clothing/accessory
yellow_bikini,clothing/whole
yellow_bikini_bottom,clothing/whole
yellow_bikini_top,clothing/whole
yellow_blush,expression/face
yellow_bodysuit,clothing/whole
yellow_boots,clothing/footwear
yellow_border,camera/framing
yellow_bow,clothing/head
yellow_bow_tie,clothing/head
yellow_bowtie,clothing/accessory
yellow_bra,clothing/top
yellow_breasts,person/body
yellow_bridal_gauntlets,clothing/accessory
yellow_brooch,clothing/accessory
yellow_butt,person/body
yellow_camisole,clothing/top
yellow_cape,clothing/top
yellow_card,object/tool
yellow_cardigan,clothing/top
yellow_cheeks,person/body
yellow_chest,person/body
yellow_choker,clothing/accessory
yellow_cloak,clothing/top
yellow_clothing,clothing/other
yellow_coat,clothing/top
yellow_collar,clothing/accessory
yellow_crown,clothing/head
yellow_cum,sex/act
yellow_curtain,object/other
yellow_detached_collar,clothing/accessory
yellow_dildo,sex/gear
yellow_dress,clothing/whole
yellow_ear_fluff,person/body
yellow_ear_ring,clothing/accessory
yellow_ear_tips,person/body
yellow_ears,person/body
yellow_elbow_gloves,clothing/accessory
yellow_eyelids,person/eyes
yellow_eyes,person/eyes
yellow_eyeshadow,person/eyes
yellow_face,person/body
yellow_feet,person/body
yellow_fingernails,person/body
yellow_fingers,person/body
yellow_flower,scene/nature
yellow_glasses,clothing/accessory
yellow_gloves,clothing/accessory
yellow_goggles,clothing/accessory
yellow_grass,scene/nature
yellow_hair_bow,clothing/head
yellow_hair_tie,person/hair
yellow_hairband,clothing/head
yellow_hands,person/body
yellow_hanfu,clothing/whole
yellow_hat,clothing/head
yellow_head,person/body
yellow_headband,clothing/head
yellow_headphones,object/tool
yellow_helmet,clothing/head
yellow_high_heels,clothing/footwear
yellow_hood,clothing/head
yellow_hoodie,clothing/top
yellow_inner_ear,person/body
yellow_inner_ear_fluff,person/body
yellow_jacket,clothing/top
yellow_jacket_(clothing),clothing/top
yellow_jewelry,clothing/accessory
yellow_jumpsuit,clothing/whole
yellow_kimono,clothing/whole
yellow_latex,clothing/other
yellow_leaves,scene/nature
yellow_leg_warmers,person/body
yellow_leggings,clothing/bottom
yellow_legs,person/body
yellow_leotard,clothing/whole
yellow_lips,person/body
yellow_male_swimwear,person/count
yellow_male_underwear,person/count
yellow_mask,clothing/head
yellow_moon,scene/sky
yellow_mouth,person/body
yellow_neck,person/body
yellow_neckerchief,clothing/accessory
yellow_necklace,clothing/accessory
yellow_necktie,clothing/accessory
yellow_nightgown,clothing/whole
yellow_nose,person/body
yellow_one_piece_swimsuit,clothing/whole
yellow_outfit,clothing/whole
yellow_overalls,clothing/whole
yellow_pajamas,clothing/whole
yellow_pants,clothing/bottom
yellow_pantyhose,clothing/legwear
yellow_penis,sex/body
yellow_petals,scene/nature
yellow_pillow,object/other
yellow_pseudo_hair,person/hair
yellow_pup_mask,clothing/head
yellow_pupils,person/eyes
yellow_pussy,sex/body
yellow_ribbon,clothing/head
yellow_ring,clothing/accessory
yellow_robe,clothing/whole
yellow_rope,object/tool
yellow_sailor_collar,clothing/accessory
yellow_sandals,clothing/footwear
yellow_sash,clothing/accessory
yellow_scarf,clothing/accessory
yellow_sclera,person/eyes
yellow_sheath,object/weapon
yellow_shirt,clothing/top
yellow_shoes,clothing/footwear
yellow_shorts,clothing/bottom
yellow_sign,object/tool
yellow_skin,person/body
yellow_skirt,clothing/bottom
yellow_sky,scene/sky
yellow_slingshot_swimsuit,clothing/whole
yellow_slippers,clothing/footwear
yellow_sneakers,clothing/footwear
yellow_snow,scene/sky
yellow_socks,clothing/legwear
yellow_speech_bubble,style/quality
yellow_spines,person/body
yellow_sports_bra,clothing/top
yellow_stockings,clothing/legwear
yellow_suit,clothing/whole
yellow_sunglasses,clothing/accessory
yellow_sweater,clothing/top
yellow_sweater_vest,clothing/top
yellow_t_shirt,clothing/top
yellow_tank_top,clothing/top
yellow_tattoo,person/body
yellow_teeth,person/body
yellow_tentacles,sex/gear
yellow_text,style/quality
yellow_thigh_highs,person/body
yellow_thighhighs,clothing/legwear
yellow_tinted_glasses,clothing/accessory
yellow_toe_claws,person/body
yellow_toes,person/body
yellow_tongue,person/body
yellow_tube_top,clothing/top
yellow_tunic,clothing/top
yellow_umbrella,object/tool
yellow_veil,clothing/head
yellow_vest,clothing/top
yellow_vulva,sex/body
yellow_wall,scene/outdoor
yellow_wrist_cuffs,person/body
yellow_wristband,clothing/accessory
yen_sign,object/tool
yes_no_pillow,object/other
yes_pillow,object/other
yin_yang_earrings,clothing/accessory
yin_yang_hair_ornament,clothing/head
yin_yang_tattoo,person/body
yoba_academy_school_uniform,clothing/whole
yoga_pants,clothing/bottom
yoga_shorts,clothing/bottom
yogetsu_high_school_uniform,clothing/whole
yoimiya_(genshin_impact)_(cosplay),style/medium
yoitomake_(food),object/food
yoke_pose,expression/pose
yoko_littner_(cosplay),style/medium
yokosuka_girls_marine_high_school_swimsuit,clothing/whole
yokosuka_girls_marine_high_school_uniform,clothing/whole
yokoyari_mengo_(style),style/medium
yomiyama_north_junior_high_school_uniform,clothing/whole
yor_briar_(cosplay),style/medium
yorigami_jo'on_(cosplay),style/medium
yorigami_shion_(cosplay),style/medium
yoru_(sword),object/weapon
yoshi_(cosplay),style/medium
yoshi_and_toad_kissing_(meme),expression/action
yoshi_egg,object/food
yoshida_akihiko_(style),style/medium
yoshida_yuuko_(cosplay),style/medium
yoshida_yuuko_(machikado_mazoku)_(cosplay),style/medium
yoshizaki_mine_(style),style/medium
yoshizawa_kasumi_(cosplay),style/medium
yotsuba_university_affiliated_junior_high_school_uniform,clothing/whole
yotsubato!_pose,expression/pose
yotsuboshi_academy_school_uniform,clothing/whole
you_can_just_give_this_kind_of_thing_to_men_and_they_will_be_thrilled_(meme),person/count
you_dress_weird_(meme),clothing/whole
you_know_other_men?_(meme),person/count
youkai_(youkai_watch),object/tool
youkai_academy_school_uniform,clothing/whole
youkai_mountain,scene/nature
youkai_watch_(object),object/tool
youkan_(food),object/food
youmu_day,scene/sky
young_adult,person/count
young_blowing_adult,person/count
young_female,person/count
young_focus,camera/framing
young_human,person/count
young_humanoid,person/count
young_male,person/count
young_pov,camera/angle
young_rape,sex/act
young_rimming_adult,person/count
younger_boy,person/count
younger_female,person/count
younger_focus,camera/framing
younger_human,person/count
younger_humanoid,person/count
younger_male,person/count
youtou_high_school_uniform,clothing/whole
youtube_logo,style/quality
youtube_shorts,clothing/bottom
yu_gi_oh_(card),object/tool
yu_gi_oh_card,object/tool
yu_mei_ren_(fate)_(cosplay),style/medium
yuba_squad's_uniform,clothing/whole
yuffie_kisaragi_(cosplay),style/medium
yui_(princess_connect!)_(cosplay),style/medium
yuigaoka_music_program_school_uniform,clothing/whole
yuigaoka_school_uniform,clothing/whole
yukata,clothing/whole
yukata_lift,clothing/whole
yuki_miku_(cosplay),style/medium
yukihana_lamy_(cosplay),style/medium
yukikaze_(kancolle)_(cosplay),style/medium
yukimi_daifuku_(food),object/food
yukumo_(armor),clothing/accessory
yukuni_academy_school_uniform,clothing/whole
yule_log_(cake),object/food
yumemi_riamu_(cosplay),style/medium
yumenosaki_school_uniform,clothing/whole
yumi_(bow),clothing/head
yumizuki_imperial_high_school_uniform,clothing/whole
yuna_(ff10)_(cosplay),style/medium
yunohana_international_school_uniform,clothing/whole
yuri_(dirty_pair)_(cosplay),style/medium
yuri_lowell_(cosplay),style/medium
yurie_mouth,person/body
yurigaoka_girls_academy_school_uniform,clothing/whole
yurodiviye_(identity)_(project_moon),scene/sky
yusuf_dikec_(cosplay),style/medium
yuubari_(kancolle)_(cosplay),style/medium
yuudachi_(kancolle)_(cosplay),style/medium
yuudachi_kai_ni_(kancolle)_(cosplay),style/medium
yuugumo_(kancolle)_(cosplay),style/medium
yuuka_(blue_archive)_(cosplay),style/medium
yuuki_makoto_(persona_3)_(cosplay),style/medium
yuunagi_middle_school_uniform,clothing/whole
yuyushiki's_school_uniform,clothing/whole
yuzu_(fruit),object/food
yuzuki_yukari_(cosplay),style/medium
yuzuriha_inori_(cosplay),style/medium
z1_leberecht_maass_(kancolle)_(cosplay),style/medium
z3_max_schultz_(kancolle)_(cosplay),style/medium
z_flag,object/tool
z_move_trainer_pose,expression/pose
z_ring,clothing/accessory
zaft_uniform,clothing/whole
zashono_academy_school_uniform,clothing/whole
zebra_ears,person/body
zebra_girl,person/count
zelretch_sword,object/weapon
zener_card,object/tool
zenithian_sword,object/weapon
zero_(code_geass)_(cosplay),style/medium
zero_suit,clothing/whole
zero_two_(darling_in_the_franxx)_(cosplay),style/medium
zetta_(phantom_kingdom)_(book),object/tool
zettai_ryouiki,clothing/legwear
zettai_zetsumei!?_island_panic!_(project_sekai),scene/nature
zhongli_(genshin_impact)_(cosplay),style/medium
zhouzi_jin_(headwear),clothing/head
zhuang_hat,clothing/head
zidane_tribal_(cosplay),style/medium
zig_zag_pattern,scene/background
zigzag_teeth,person/body
zinogre_(armor),clothing/accessory
ziploc_bag,clothing/accessory
zipper,clothing/other
zipper_bikini,clothing/whole
zipper_down,clothing/other
zipper_dress,clothing/whole
zipper_footwear,clothing/footwear
zipper_hoodie,clothing/top
zipper_jumpsuit,clothing/whole
zipper_legwear,clothing/legwear
zipper_leotard,clothing/whole
zipper_mouth,clothing/other
zipper_panties,clothing/other
zipper_pull_tab,clothing/other
zipper_shorts,clothing/bottom
zipper_skirt,clothing/bottom
zipper_swimwear,clothing/other
zipper_top,clothing/other
zipper_topwear,clothing/other
zipper_underwear,clothing/other
zombie_costume,clothing/whole
zombie_girl,person/count
zombie_pose,expression/pose
zonai_clothing,clothing/other
zone_(energy_drink),object/food
zoom,camera/shot
zoom_chat,camera/shot
zoom_in,camera/shot
zoom_layer,camera/shot
zoom_lines,camera/shot
zoom_out,camera/shot
zootopia_shorts,clothing/bottom
zouni_soup,object/food
zucchini_(vegetable),object/food
zuihou_(kancolle)_(cosplay),style/medium
zuikaku_(girls_und_panzer),person/count
zuikaku_(kancolle)_(cosplay),style/medium
zun_(style),style/medium
zun_hat,clothing/head
zun_pose,expression/pose
zwei_association_(identity)_(project_moon),scene/sky
zwei_association_south_(identity)_(project_moon),scene/sky
zwei_association_south_uniform,clothing/whole
zwei_association_west_uniform,clothing/whole
